2026-05-12T00:22:22.278+02:00 DEBUG 25432 --- [EduRoom] [http-nio-8080-exec-10] o.s.security.web.FilterChainProxy        : Securing POST /api/auth/login
2026-05-12T00:22:22.291+02:00 DEBUG 25432 --- [EduRoom] [http-nio-8080-exec-10] o.s.s.w.a.AnonymousAuthenticationFilter  : Set SecurityContextHolder to anonymous SecurityContext
2026-05-12T00:22:22.294+02:00 DEBUG 25432 --- [EduRoom] [http-nio-8080-exec-10] o.s.security.web.FilterChainProxy        : Secured POST /api/auth/login
2026-05-12T00:22:22.295+02:00 DEBUG 25432 --- [EduRoom] [http-nio-8080-exec-10] o.s.web.servlet.DispatcherServlet        : POST "/api/auth/login", parameters={}
2026-05-12T00:22:22.295+02:00 DEBUG 25432 --- [EduRoom] [http-nio-8080-exec-10] s.w.s.m.m.a.RequestMappingHandlerMapping : Mapped to com.eduroom.backend.controller.AuthController#login(LoginRequest)
2026-05-12T00:22:22.297+02:00 DEBUG 25432 --- [EduRoom] [http-nio-8080-exec-10] m.m.a.RequestResponseBodyMethodProcessor : Read "application/json;charset=UTF-8" to [LoginRequest(email=profesor@eduroom.com, password=profesor123)]
2026-05-12T00:22:22.305+02:00 DEBUG 25432 --- [EduRoom] [http-nio-8080-exec-10] org.hibernate.SQL                        : 
    select
        u1_0.id,
        u1_0.id_centro,
        u1_0.email,
        u1_0.nombre,
        u1_0.password_hash,
        u1_0.rol 
    from
        usuarios u1_0 
    where
        u1_0.email=?
2026-05-12T00:22:22.397+02:00 DEBUG 25432 --- [EduRoom] [http-nio-8080-exec-10] o.s.w.s.m.m.a.HttpEntityMethodProcessor  : Using 'application/json', given [application/json, text/plain, */*] and supported [application/json, application/*+json]
2026-05-12T00:22:22.398+02:00 DEBUG 25432 --- [EduRoom] [http-nio-8080-exec-10] o.s.w.s.m.m.a.HttpEntityMethodProcessor  : Writing [LoginResponse(token=eyJhbGciOiJIUzI1NiJ9.eyJ1c2VySWQiOjcsInN1YiI6InByb2Zlc29yQGVkdXJvb20uY29tIiwiaWF (truncated)...]
2026-05-12T00:22:22.401+02:00 DEBUG 25432 --- [EduRoom] [http-nio-8080-exec-10] org.hibernate.SQL                        : 
    select
        c1_0.id,
        c1_0.horario_fin,
        c1_0.horario_inicio,
        c1_0.nombre 
    from
        centros c1_0 
    where
        c1_0.id=?
2026-05-12T00:22:22.404+02:00 DEBUG 25432 --- [EduRoom] [http-nio-8080-exec-10] o.s.web.servlet.DispatcherServlet        : Completed 200 OK
2026-05-12T00:22:22.487+02:00 DEBUG 25432 --- [EduRoom] [http-nio-8080-exec-3] o.s.security.web.FilterChainProxy        : Securing GET /api/centros
2026-05-12T00:22:22.492+02:00 DEBUG 25432 --- [EduRoom] [http-nio-8080-exec-3] org.hibernate.SQL                        : 
    select
        u1_0.id,
        u1_0.id_centro,
        u1_0.email,
        u1_0.nombre,
        u1_0.password_hash,
        u1_0.rol 
    from
        usuarios u1_0 
    where
        u1_0.email=?
2026-05-12T00:22:22.498+02:00 DEBUG 25432 --- [EduRoom] [http-nio-8080-exec-3] o.s.security.web.FilterChainProxy        : Secured GET /api/centros
2026-05-12T00:22:22.499+02:00 DEBUG 25432 --- [EduRoom] [http-nio-8080-exec-3] o.s.web.servlet.DispatcherServlet        : GET "/api/centros", parameters={}
2026-05-12T00:22:22.499+02:00 DEBUG 25432 --- [EduRoom] [http-nio-8080-exec-3] s.w.s.m.m.a.RequestMappingHandlerMapping : Mapped to com.eduroom.backend.controller.CentroController#getCentros(String)
2026-05-12T00:22:22.503+02:00 DEBUG 25432 --- [EduRoom] [http-nio-8080-exec-3] org.hibernate.SQL                        : 
    select
        u1_0.id,
        u1_0.id_centro,
        u1_0.email,
        u1_0.nombre,
        u1_0.password_hash,
        u1_0.rol 
    from
        usuarios u1_0 
    where
        u1_0.email=?
2026-05-12T00:22:22.507+02:00 DEBUG 25432 --- [EduRoom] [http-nio-8080-exec-3] o.s.w.s.m.m.a.HttpEntityMethodProcessor  : Using 'application/json', given [application/json, text/plain, */*] and supported [application/json, application/*+json]
2026-05-12T00:22:22.507+02:00 DEBUG 25432 --- [EduRoom] [http-nio-8080-exec-3] org.hibernate.SQL                        : 
    select
        c1_0.id,
        c1_0.horario_fin,
        c1_0.horario_inicio,
        c1_0.nombre 
    from
        centros c1_0 
    where
        c1_0.id=?
2026-05-12T00:22:22.508+02:00 DEBUG 25432 --- [EduRoom] [http-nio-8080-exec-3] o.s.w.s.m.m.a.HttpEntityMethodProcessor  : Writing [[com.eduroom.backend.model.Centro@3ecdd52f]]
2026-05-12T00:22:22.509+02:00 DEBUG 25432 --- [EduRoom] [http-nio-8080-exec-3] org.hibernate.SQL                        : 
    select
        u1_0.id_centro,
        u1_0.id,
        u1_0.email,
        u1_0.nombre,
        u1_0.password_hash,
        u1_0.rol 
    from
        usuarios u1_0 
    where
        u1_0.id_centro=?
2026-05-12T00:22:22.512+02:00 DEBUG 25432 --- [EduRoom] [http-nio-8080-exec-3] org.hibernate.SQL                        : 
    select
        a1_0.id_centro,
        a1_0.id,
        a1_0.capacidad,
        a1_0.nombre 
    from
        aulas a1_0 
    where
        a1_0.id_centro=?
2026-05-12T00:22:22.515+02:00 DEBUG 25432 --- [EduRoom] [http-nio-8080-exec-3] o.s.web.servlet.DispatcherServlet        : Completed 200 OK
2026-05-12T00:22:22.526+02:00 DEBUG 25432 --- [EduRoom] [http-nio-8080-exec-1] o.s.security.web.FilterChainProxy        : Securing GET /api/centros
2026-05-12T00:22:22.529+02:00 DEBUG 25432 --- [EduRoom] [http-nio-8080-exec-1] org.hibernate.SQL                        : 
    select
        u1_0.id,
        u1_0.id_centro,
        u1_0.email,
        u1_0.nombre,
        u1_0.password_hash,
        u1_0.rol 
    from
        usuarios u1_0 
    where
        u1_0.email=?
2026-05-12T00:22:22.536+02:00 DEBUG 25432 --- [EduRoom] [http-nio-8080-exec-1] o.s.security.web.FilterChainProxy        : Secured GET /api/centros
2026-05-12T00:22:22.537+02:00 DEBUG 25432 --- [EduRoom] [http-nio-8080-exec-1] o.s.web.servlet.DispatcherServlet        : GET "/api/centros", parameters={}
2026-05-12T00:22:22.537+02:00 DEBUG 25432 --- [EduRoom] [http-nio-8080-exec-1] s.w.s.m.m.a.RequestMappingHandlerMapping : Mapped to com.eduroom.backend.controller.CentroController#getCentros(String)
2026-05-12T00:22:22.541+02:00 DEBUG 25432 --- [EduRoom] [http-nio-8080-exec-1] org.hibernate.SQL                        : 
    select
        u1_0.id,
        u1_0.id_centro,
        u1_0.email,
        u1_0.nombre,
        u1_0.password_hash,
        u1_0.rol 
    from
        usuarios u1_0 
    where
        u1_0.email=?
2026-05-12T00:22:22.544+02:00 DEBUG 25432 --- [EduRoom] [http-nio-8080-exec-1] o.s.w.s.m.m.a.HttpEntityMethodProcessor  : Using 'application/json', given [application/json, text/plain, */*] and supported [application/json, application/*+json]
2026-05-12T00:22:22.545+02:00 DEBUG 25432 --- [EduRoom] [http-nio-8080-exec-1] org.hibernate.SQL                        : 
    select
        c1_0.id,
        c1_0.horario_fin,
        c1_0.horario_inicio,
        c1_0.nombre 
    from
        centros c1_0 
    where
        c1_0.id=?
2026-05-12T00:22:22.546+02:00 DEBUG 25432 --- [EduRoom] [http-nio-8080-exec-1] o.s.w.s.m.m.a.HttpEntityMethodProcessor  : Writing [[com.eduroom.backend.model.Centro@8843be9]]
2026-05-12T00:22:22.547+02:00 DEBUG 25432 --- [EduRoom] [http-nio-8080-exec-1] org.hibernate.SQL                        : 
    select
        u1_0.id_centro,
        u1_0.id,
        u1_0.email,
        u1_0.nombre,
        u1_0.password_hash,
        u1_0.rol 
    from
        usuarios u1_0 
    where
        u1_0.id_centro=?
2026-05-12T00:22:22.549+02:00 DEBUG 25432 --- [EduRoom] [http-nio-8080-exec-1] org.hibernate.SQL                        : 
    select
        a1_0.id_centro,
        a1_0.id,
        a1_0.capacidad,
        a1_0.nombre 
    from
        aulas a1_0 
    where
        a1_0.id_centro=?
2026-05-12T00:22:22.550+02:00 DEBUG 25432 --- [EduRoom] [http-nio-8080-exec-1] o.s.web.servlet.DispatcherServlet        : Completed 200 OK
2026-05-12T00:22:23.684+02:00 DEBUG 25432 --- [EduRoom] [http-nio-8080-exec-2] o.s.security.web.FilterChainProxy        : Securing OPTIONS /api/eventos/centro/2
2026-05-12T00:22:23.686+02:00 DEBUG 25432 --- [EduRoom] [http-nio-8080-exec-2] o.s.security.web.FilterChainProxy        : Securing OPTIONS /api/eventos/centro/2
2026-05-12T00:22:23.686+02:00 DEBUG 25432 --- [EduRoom] [http-nio-8080-exec-4] o.s.security.web.FilterChainProxy        : Securing GET /api/centros/2
2026-05-12T00:22:23.691+02:00 DEBUG 25432 --- [EduRoom] [http-nio-8080-exec-2] o.s.security.web.FilterChainProxy        : Securing GET /api/aulas/centro/2
2026-05-12T00:22:23.693+02:00 DEBUG 25432 --- [EduRoom] [http-nio-8080-exec-8] o.s.security.web.FilterChainProxy        : Securing GET /api/eventos/centro/2
2026-05-12T00:22:23.694+02:00 DEBUG 25432 --- [EduRoom] [http-nio-8080-exec-4] org.hibernate.SQL                        : 
    select
        u1_0.id,
        u1_0.id_centro,
        u1_0.email,
        u1_0.nombre,
        u1_0.password_hash,
        u1_0.rol 
    from
        usuarios u1_0 
    where
        u1_0.email=?
2026-05-12T00:22:23.696+02:00 DEBUG 25432 --- [EduRoom] [http-nio-8080-exec-2] org.hibernate.SQL                        : 
    select
        u1_0.id,
        u1_0.id_centro,
        u1_0.email,
        u1_0.nombre,
        u1_0.password_hash,
        u1_0.rol 
    from
        usuarios u1_0 
    where
        u1_0.email=?
2026-05-12T00:22:23.699+02:00 DEBUG 25432 --- [EduRoom] [http-nio-8080-exec-8] org.hibernate.SQL                        : 
    select
        u1_0.id,
        u1_0.id_centro,
        u1_0.email,
        u1_0.nombre,
        u1_0.password_hash,
        u1_0.rol 
    from
        usuarios u1_0 
    where
        u1_0.email=?
2026-05-12T00:22:23.703+02:00 DEBUG 25432 --- [EduRoom] [http-nio-8080-exec-4] o.s.security.web.FilterChainProxy        : Secured GET /api/centros/2
2026-05-12T00:22:23.703+02:00 DEBUG 25432 --- [EduRoom] [http-nio-8080-exec-4] o.s.web.servlet.DispatcherServlet        : GET "/api/centros/2", parameters={}
2026-05-12T00:22:23.703+02:00 DEBUG 25432 --- [EduRoom] [http-nio-8080-exec-2] o.s.security.web.FilterChainProxy        : Secured GET /api/aulas/centro/2
2026-05-12T00:22:23.704+02:00 DEBUG 25432 --- [EduRoom] [http-nio-8080-exec-4] s.w.s.m.m.a.RequestMappingHandlerMapping : Mapped to com.eduroom.backend.controller.CentroController#getCentroById(Long)
2026-05-12T00:22:23.706+02:00 DEBUG 25432 --- [EduRoom] [http-nio-8080-exec-2] o.s.web.servlet.DispatcherServlet        : GET "/api/aulas/centro/2", parameters={}
2026-05-12T00:22:23.706+02:00 DEBUG 25432 --- [EduRoom] [http-nio-8080-exec-2] s.w.s.m.m.a.RequestMappingHandlerMapping : Mapped to com.eduroom.backend.controller.AulaController#getAulasByCentro(Long)
2026-05-12T00:22:23.707+02:00 DEBUG 25432 --- [EduRoom] [http-nio-8080-exec-4] org.hibernate.SQL                        : 
    select
        c1_0.id,
        c1_0.horario_fin,
        c1_0.horario_inicio,
        c1_0.nombre 
    from
        centros c1_0 
    where
        c1_0.id=?
2026-05-12T00:22:23.708+02:00 DEBUG 25432 --- [EduRoom] [http-nio-8080-exec-8] o.s.security.web.FilterChainProxy        : Secured GET /api/eventos/centro/2
2026-05-12T00:22:23.708+02:00 DEBUG 25432 --- [EduRoom] [http-nio-8080-exec-8] o.s.web.servlet.DispatcherServlet        : GET "/api/eventos/centro/2", parameters={}
2026-05-12T00:22:23.708+02:00 DEBUG 25432 --- [EduRoom] [http-nio-8080-exec-2] org.hibernate.SQL                        : 
    select
        c1_0.id,
        c1_0.horario_fin,
        c1_0.horario_inicio,
        c1_0.nombre 
    from
        centros c1_0 
    where
        c1_0.id=?
2026-05-12T00:22:23.710+02:00 DEBUG 25432 --- [EduRoom] [http-nio-8080-exec-8] s.w.s.m.m.a.RequestMappingHandlerMapping : Mapped to com.eduroom.backend.controller.EventoController#getEventosByCentro(Long)
2026-05-12T00:22:23.711+02:00 DEBUG 25432 --- [EduRoom] [http-nio-8080-exec-4] o.s.w.s.m.m.a.HttpEntityMethodProcessor  : Using 'application/json', given [application/json, text/plain, */*] and supported [application/json, application/*+json]
2026-05-12T00:22:23.712+02:00 DEBUG 25432 --- [EduRoom] [http-nio-8080-exec-4] o.s.w.s.m.m.a.HttpEntityMethodProcessor  : Writing [com.eduroom.backend.model.Centro@70829482]
2026-05-12T00:22:23.712+02:00 DEBUG 25432 --- [EduRoom] [http-nio-8080-exec-4] org.hibernate.SQL                        : 
    select
        u1_0.id_centro,
        u1_0.id,
        u1_0.email,
        u1_0.nombre,
        u1_0.password_hash,
        u1_0.rol 
    from
        usuarios u1_0 
    where
        u1_0.id_centro=?
2026-05-12T00:22:23.713+02:00 DEBUG 25432 --- [EduRoom] [http-nio-8080-exec-8] org.hibernate.SQL                        : 
    select
        e1_0.id,
        e1_0.id_creador,
        e1_0.descripcion,
        e1_0.fecha,
        e1_0.hora_fin,
        e1_0.hora_inicio,
        e1_0.lugar,
        e1_0.qr_expiracion,
        e1_0.qr_token,
        e1_0.titulo 
    from
        eventos e1_0 
    left join
        usuarios c1_0 
            on c1_0.id=e1_0.id_creador 
    where
        c1_0.id_centro=?
2026-05-12T00:22:23.715+02:00 DEBUG 25432 --- [EduRoom] [http-nio-8080-exec-2] org.hibernate.SQL                        : 
    select
        a1_0.id,
        a1_0.capacidad,
        a1_0.id_centro,
        a1_0.nombre 
    from
        aulas a1_0 
    where
        a1_0.id_centro=?
2026-05-12T00:22:23.716+02:00 DEBUG 25432 --- [EduRoom] [http-nio-8080-exec-4] org.hibernate.SQL                        : 
    select
        a1_0.id_centro,
        a1_0.id,
        a1_0.capacidad,
        a1_0.nombre 
    from
        aulas a1_0 
    where
        a1_0.id_centro=?
2026-05-12T00:22:23.717+02:00 DEBUG 25432 --- [EduRoom] [http-nio-8080-exec-2] o.s.w.s.m.m.a.HttpEntityMethodProcessor  : Using 'application/json', given [application/json, text/plain, */*] and supported [application/json, application/*+json]
2026-05-12T00:22:23.717+02:00 DEBUG 25432 --- [EduRoom] [http-nio-8080-exec-8] o.s.w.s.m.m.a.HttpEntityMethodProcessor  : Using 'application/json', given [application/json, text/plain, */*] and supported [application/json, application/*+json]
2026-05-12T00:22:23.717+02:00 DEBUG 25432 --- [EduRoom] [http-nio-8080-exec-8] o.s.w.s.m.m.a.HttpEntityMethodProcessor  : Writing [[]]
2026-05-12T00:22:23.717+02:00 DEBUG 25432 --- [EduRoom] [http-nio-8080-exec-2] o.s.w.s.m.m.a.HttpEntityMethodProcessor  : Writing [[]]
2026-05-12T00:22:23.718+02:00 DEBUG 25432 --- [EduRoom] [http-nio-8080-exec-4] o.s.web.servlet.DispatcherServlet        : Completed 200 OK
2026-05-12T00:22:23.718+02:00 DEBUG 25432 --- [EduRoom] [http-nio-8080-exec-8] o.s.web.servlet.DispatcherServlet        : Completed 200 OK
2026-05-12T00:22:23.718+02:00 DEBUG 25432 --- [EduRoom] [http-nio-8080-exec-2] o.s.web.servlet.DispatcherServlet        : Completed 200 OK
2026-05-12T00:22:23.725+02:00 DEBUG 25432 --- [EduRoom] [http-nio-8080-exec-7] o.s.security.web.FilterChainProxy        : Securing GET /api/eventos/centro/2
2026-05-12T00:22:23.732+02:00 DEBUG 25432 --- [EduRoom] [http-nio-8080-exec-7] org.hibernate.SQL                        : 
    select
        u1_0.id,
        u1_0.id_centro,
        u1_0.email,
        u1_0.nombre,
        u1_0.password_hash,
        u1_0.rol 
    from
        usuarios u1_0 
    where
        u1_0.email=?
2026-05-12T00:22:23.733+02:00 DEBUG 25432 --- [EduRoom] [http-nio-8080-exec-9] o.s.security.web.FilterChainProxy        : Securing GET /api/centros/2
2026-05-12T00:22:23.734+02:00 DEBUG 25432 --- [EduRoom] [http-nio-8080-exec-10] o.s.security.web.FilterChainProxy        : Securing GET /api/aulas/centro/2
2026-05-12T00:22:23.737+02:00 DEBUG 25432 --- [EduRoom] [http-nio-8080-exec-9] org.hibernate.SQL                        : 
    select
        u1_0.id,
        u1_0.id_centro,
        u1_0.email,
        u1_0.nombre,
        u1_0.password_hash,
        u1_0.rol 
    from
        usuarios u1_0 
    where
        u1_0.email=?
2026-05-12T00:22:23.739+02:00 DEBUG 25432 --- [EduRoom] [http-nio-8080-exec-10] org.hibernate.SQL                        : 
    select
        u1_0.id,
        u1_0.id_centro,
        u1_0.email,
        u1_0.nombre,
        u1_0.password_hash,
        u1_0.rol 
    from
        usuarios u1_0 
    where
        u1_0.email=?
2026-05-12T00:22:23.739+02:00 DEBUG 25432 --- [EduRoom] [http-nio-8080-exec-7] o.s.security.web.FilterChainProxy        : Secured GET /api/eventos/centro/2
2026-05-12T00:22:23.741+02:00 DEBUG 25432 --- [EduRoom] [http-nio-8080-exec-7] o.s.web.servlet.DispatcherServlet        : GET "/api/eventos/centro/2", parameters={}
2026-05-12T00:22:23.741+02:00 DEBUG 25432 --- [EduRoom] [http-nio-8080-exec-7] s.w.s.m.m.a.RequestMappingHandlerMapping : Mapped to com.eduroom.backend.controller.EventoController#getEventosByCentro(Long)
2026-05-12T00:22:23.743+02:00 DEBUG 25432 --- [EduRoom] [http-nio-8080-exec-7] org.hibernate.SQL                        : 
    select
        e1_0.id,
        e1_0.id_creador,
        e1_0.descripcion,
        e1_0.fecha,
        e1_0.hora_fin,
        e1_0.hora_inicio,
        e1_0.lugar,
        e1_0.qr_expiracion,
        e1_0.qr_token,
        e1_0.titulo 
    from
        eventos e1_0 
    left join
        usuarios c1_0 
            on c1_0.id=e1_0.id_creador 
    where
        c1_0.id_centro=?
2026-05-12T00:22:23.745+02:00 DEBUG 25432 --- [EduRoom] [http-nio-8080-exec-9] o.s.security.web.FilterChainProxy        : Secured GET /api/centros/2
2026-05-12T00:22:23.745+02:00 DEBUG 25432 --- [EduRoom] [http-nio-8080-exec-10] o.s.security.web.FilterChainProxy        : Secured GET /api/aulas/centro/2
2026-05-12T00:22:23.745+02:00 DEBUG 25432 --- [EduRoom] [http-nio-8080-exec-9] o.s.web.servlet.DispatcherServlet        : GET "/api/centros/2", parameters={}
2026-05-12T00:22:23.746+02:00 DEBUG 25432 --- [EduRoom] [http-nio-8080-exec-10] o.s.web.servlet.DispatcherServlet        : GET "/api/aulas/centro/2", parameters={}
2026-05-12T00:22:23.746+02:00 DEBUG 25432 --- [EduRoom] [http-nio-8080-exec-9] s.w.s.m.m.a.RequestMappingHandlerMapping : Mapped to com.eduroom.backend.controller.CentroController#getCentroById(Long)
2026-05-12T00:22:23.746+02:00 DEBUG 25432 --- [EduRoom] [http-nio-8080-exec-10] s.w.s.m.m.a.RequestMappingHandlerMapping : Mapped to com.eduroom.backend.controller.AulaController#getAulasByCentro(Long)
2026-05-12T00:22:23.746+02:00 DEBUG 25432 --- [EduRoom] [http-nio-8080-exec-7] o.s.w.s.m.m.a.HttpEntityMethodProcessor  : Using 'application/json', given [application/json, text/plain, */*] and supported [application/json, application/*+json]
2026-05-12T00:22:23.747+02:00 DEBUG 25432 --- [EduRoom] [http-nio-8080-exec-7] o.s.w.s.m.m.a.HttpEntityMethodProcessor  : Writing [[]]
2026-05-12T00:22:23.748+02:00 DEBUG 25432 --- [EduRoom] [http-nio-8080-exec-9] org.hibernate.SQL                        : 
    select
        c1_0.id,
        c1_0.horario_fin,
        c1_0.horario_inicio,
        c1_0.nombre 
    from
        centros c1_0 
    where
        c1_0.id=?
2026-05-12T00:22:23.748+02:00 DEBUG 25432 --- [EduRoom] [http-nio-8080-exec-10] org.hibernate.SQL                        : 
    select
        c1_0.id,
        c1_0.horario_fin,
        c1_0.horario_inicio,
        c1_0.nombre 
    from
        centros c1_0 
    where
        c1_0.id=?
2026-05-12T00:22:23.749+02:00 DEBUG 25432 --- [EduRoom] [http-nio-8080-exec-7] o.s.web.servlet.DispatcherServlet        : Completed 200 OK
2026-05-12T00:22:23.750+02:00 DEBUG 25432 --- [EduRoom] [http-nio-8080-exec-9] o.s.w.s.m.m.a.HttpEntityMethodProcessor  : Using 'application/json', given [application/json, text/plain, */*] and supported [application/json, application/*+json]
2026-05-12T00:22:23.751+02:00 DEBUG 25432 --- [EduRoom] [http-nio-8080-exec-9] o.s.w.s.m.m.a.HttpEntityMethodProcessor  : Writing [com.eduroom.backend.model.Centro@4562af65]
2026-05-12T00:22:23.751+02:00 DEBUG 25432 --- [EduRoom] [http-nio-8080-exec-9] org.hibernate.SQL                        : 
    select
        u1_0.id_centro,
        u1_0.id,
        u1_0.email,
        u1_0.nombre,
        u1_0.password_hash,
        u1_0.rol 
    from
        usuarios u1_0 
    where
        u1_0.id_centro=?
2026-05-12T00:22:23.751+02:00 DEBUG 25432 --- [EduRoom] [http-nio-8080-exec-10] org.hibernate.SQL                        : 
    select
        a1_0.id,
        a1_0.capacidad,
        a1_0.id_centro,
        a1_0.nombre 
    from
        aulas a1_0 
    where
        a1_0.id_centro=?
2026-05-12T00:22:23.754+02:00 DEBUG 25432 --- [EduRoom] [http-nio-8080-exec-9] org.hibernate.SQL                        : 
    select
        a1_0.id_centro,
        a1_0.id,
        a1_0.capacidad,
        a1_0.nombre 
    from
        aulas a1_0 
    where
        a1_0.id_centro=?
2026-05-12T00:22:23.754+02:00 DEBUG 25432 --- [EduRoom] [http-nio-8080-exec-10] o.s.w.s.m.m.a.HttpEntityMethodProcessor  : Using 'application/json', given [application/json, text/plain, */*] and supported [application/json, application/*+json]
2026-05-12T00:22:23.754+02:00 DEBUG 25432 --- [EduRoom] [http-nio-8080-exec-10] o.s.w.s.m.m.a.HttpEntityMethodProcessor  : Writing [[]]
2026-05-12T00:22:23.756+02:00 DEBUG 25432 --- [EduRoom] [http-nio-8080-exec-10] o.s.web.servlet.DispatcherServlet        : Completed 200 OK
2026-05-12T00:22:23.756+02:00 DEBUG 25432 --- [EduRoom] [http-nio-8080-exec-9] o.s.web.servlet.DispatcherServlet        : Completed 200 OK
2026-05-12T00:22:34.087+02:00 DEBUG 25432 --- [EduRoom] [http-nio-8080-exec-3] o.s.security.web.FilterChainProxy        : Securing OPTIONS /api/eventos
2026-05-12T00:22:34.092+02:00 DEBUG 25432 --- [EduRoom] [http-nio-8080-exec-1] o.s.security.web.FilterChainProxy        : Securing POST /api/eventos
2026-05-12T00:22:34.097+02:00 DEBUG 25432 --- [EduRoom] [http-nio-8080-exec-1] org.hibernate.SQL                        : 
    select
        u1_0.id,
        u1_0.id_centro,
        u1_0.email,
        u1_0.nombre,
        u1_0.password_hash,
        u1_0.rol 
    from
        usuarios u1_0 
    where
        u1_0.email=?
2026-05-12T00:22:34.105+02:00 DEBUG 25432 --- [EduRoom] [http-nio-8080-exec-1] o.s.security.web.FilterChainProxy        : Secured POST /api/eventos
2026-05-12T00:22:34.105+02:00 DEBUG 25432 --- [EduRoom] [http-nio-8080-exec-1] o.s.web.servlet.DispatcherServlet        : POST "/api/eventos", parameters={}
2026-05-12T00:22:34.106+02:00 DEBUG 25432 --- [EduRoom] [http-nio-8080-exec-1] s.w.s.m.m.a.RequestMappingHandlerMapping : Mapped to com.eduroom.backend.controller.EventoController#createEvento(String, Evento)
2026-05-12T00:22:34.107+02:00 DEBUG 25432 --- [EduRoom] [http-nio-8080-exec-1] m.m.a.RequestResponseBodyMethodProcessor : Read "application/json;charset=UTF-8" to [com.eduroom.backend.model.Evento@521ec108]
2026-05-12T00:22:34.110+02:00 DEBUG 25432 --- [EduRoom] [http-nio-8080-exec-1] org.hibernate.SQL                        : 
    select
        u1_0.id,
        u1_0.id_centro,
        u1_0.email,
        u1_0.nombre,
        u1_0.password_hash,
        u1_0.rol 
    from
        usuarios u1_0 
    where
        u1_0.email=?
2026-05-12T00:22:34.113+02:00 DEBUG 25432 --- [EduRoom] [http-nio-8080-exec-1] org.hibernate.SQL                        : 
    insert 
    into
        eventos
        (id_creador, descripcion, fecha, hora_fin, hora_inicio, lugar, qr_expiracion, qr_token, titulo) 
    values
        (?, ?, ?, ?, ?, ?, ?, ?, ?)
2026-05-12T00:22:34.122+02:00 DEBUG 25432 --- [EduRoom] [http-nio-8080-exec-1] o.s.w.s.m.m.a.HttpEntityMethodProcessor  : Using 'application/json', given [application/json, text/plain, */*] and supported [application/json, application/*+json]
2026-05-12T00:22:34.122+02:00 DEBUG 25432 --- [EduRoom] [http-nio-8080-exec-1] o.s.w.s.m.m.a.HttpEntityMethodProcessor  : Writing [com.eduroom.backend.model.Evento@521ec108]
2026-05-12T00:22:34.123+02:00 DEBUG 25432 --- [EduRoom] [http-nio-8080-exec-1] org.hibernate.SQL                        : 
    select
        c1_0.id,
        c1_0.horario_fin,
        c1_0.horario_inicio,
        c1_0.nombre 
    from
        centros c1_0 
    where
        c1_0.id=?
2026-05-12T00:22:34.125+02:00 DEBUG 25432 --- [EduRoom] [http-nio-8080-exec-1] o.s.web.servlet.DispatcherServlet        : Completed 201 CREATED
2026-05-12T00:22:34.142+02:00 DEBUG 25432 --- [EduRoom] [http-nio-8080-exec-5] o.s.security.web.FilterChainProxy        : Securing OPTIONS /api/eventos/3
2026-05-12T00:22:34.147+02:00 DEBUG 25432 --- [EduRoom] [http-nio-8080-exec-6] o.s.security.web.FilterChainProxy        : Securing OPTIONS /api/asistencia/evento/3
2026-05-12T00:22:34.149+02:00 DEBUG 25432 --- [EduRoom] [http-nio-8080-exec-4] o.s.security.web.FilterChainProxy        : Securing OPTIONS /api/eventos/3
2026-05-12T00:22:34.155+02:00 DEBUG 25432 --- [EduRoom] [http-nio-8080-exec-8] o.s.security.web.FilterChainProxy        : Securing OPTIONS /api/asistencia/evento/3
2026-05-12T00:22:34.156+02:00 DEBUG 25432 --- [EduRoom] [http-nio-8080-exec-2] o.s.security.web.FilterChainProxy        : Securing GET /api/eventos/3
2026-05-12T00:22:34.158+02:00 DEBUG 25432 --- [EduRoom] [http-nio-8080-exec-7] o.s.security.web.FilterChainProxy        : Securing GET /api/asistencia/evento/3
2026-05-12T00:22:34.160+02:00 DEBUG 25432 --- [EduRoom] [http-nio-8080-exec-2] org.hibernate.SQL                        : 
    select
        u1_0.id,
        u1_0.id_centro,
        u1_0.email,
        u1_0.nombre,
        u1_0.password_hash,
        u1_0.rol 
    from
        usuarios u1_0 
    where
        u1_0.email=?
2026-05-12T00:22:34.162+02:00 DEBUG 25432 --- [EduRoom] [http-nio-8080-exec-7] org.hibernate.SQL                        : 
    select
        u1_0.id,
        u1_0.id_centro,
        u1_0.email,
        u1_0.nombre,
        u1_0.password_hash,
        u1_0.rol 
    from
        usuarios u1_0 
    where
        u1_0.email=?
2026-05-12T00:22:34.168+02:00 DEBUG 25432 --- [EduRoom] [http-nio-8080-exec-7] o.s.security.web.FilterChainProxy        : Secured GET /api/asistencia/evento/3
2026-05-12T00:22:34.169+02:00 DEBUG 25432 --- [EduRoom] [http-nio-8080-exec-2] o.s.security.web.FilterChainProxy        : Secured GET /api/eventos/3
2026-05-12T00:22:34.169+02:00 DEBUG 25432 --- [EduRoom] [http-nio-8080-exec-7] o.s.web.servlet.DispatcherServlet        : GET "/api/asistencia/evento/3", parameters={}
2026-05-12T00:22:34.170+02:00 DEBUG 25432 --- [EduRoom] [http-nio-8080-exec-2] o.s.web.servlet.DispatcherServlet        : GET "/api/eventos/3", parameters={}
2026-05-12T00:22:34.170+02:00 DEBUG 25432 --- [EduRoom] [http-nio-8080-exec-7] s.w.s.m.m.a.RequestMappingHandlerMapping : Mapped to com.eduroom.backend.controller.AsistenciaController#getAsistenciasPorEvento(Long)
2026-05-12T00:22:34.170+02:00 DEBUG 25432 --- [EduRoom] [http-nio-8080-exec-2] s.w.s.m.m.a.RequestMappingHandlerMapping : Mapped to com.eduroom.backend.controller.EventoController#getEventoById(Long)
2026-05-12T00:22:34.171+02:00 DEBUG 25432 --- [EduRoom] [http-nio-8080-exec-7] org.hibernate.SQL                        : 
    select
        e1_0.id,
        e1_0.id_creador,
        e1_0.descripcion,
        e1_0.fecha,
        e1_0.hora_fin,
        e1_0.hora_inicio,
        e1_0.lugar,
        e1_0.qr_expiracion,
        e1_0.qr_token,
        e1_0.titulo 
    from
        eventos e1_0 
    where
        e1_0.id=?
2026-05-12T00:22:34.171+02:00 DEBUG 25432 --- [EduRoom] [http-nio-8080-exec-2] org.hibernate.SQL                        : 
    select
        e1_0.id,
        e1_0.id_creador,
        e1_0.descripcion,
        e1_0.fecha,
        e1_0.hora_fin,
        e1_0.hora_inicio,
        e1_0.lugar,
        e1_0.qr_expiracion,
        e1_0.qr_token,
        e1_0.titulo 
    from
        eventos e1_0 
    where
        e1_0.id=?
2026-05-12T00:22:34.176+02:00 DEBUG 25432 --- [EduRoom] [http-nio-8080-exec-2] o.s.w.s.m.m.a.HttpEntityMethodProcessor  : Using 'application/json', given [application/json, text/plain, */*] and supported [application/json, application/*+json]
2026-05-12T00:22:34.176+02:00 DEBUG 25432 --- [EduRoom] [http-nio-8080-exec-2] o.s.w.s.m.m.a.HttpEntityMethodProcessor  : Writing [com.eduroom.backend.model.Evento@632de074]
2026-05-12T00:22:34.178+02:00 DEBUG 25432 --- [EduRoom] [http-nio-8080-exec-7] org.hibernate.SQL                        : 
    select
        a1_0.id,
        a1_0.id_evento,
        a1_0.nombre_alumno,
        a1_0.timestamp_checkin 
    from
        asistencias a1_0 
    where
        a1_0.id_evento=?
2026-05-12T00:22:34.178+02:00 DEBUG 25432 --- [EduRoom] [http-nio-8080-exec-2] org.hibernate.SQL                        : 
    select
        u1_0.id,
        u1_0.id_centro,
        u1_0.email,
        u1_0.nombre,
        u1_0.password_hash,
        u1_0.rol 
    from
        usuarios u1_0 
    where
        u1_0.id=?
2026-05-12T00:22:34.179+02:00 DEBUG 25432 --- [EduRoom] [http-nio-8080-exec-7] o.s.w.s.m.m.a.HttpEntityMethodProcessor  : Using 'application/json', given [application/json, text/plain, */*] and supported [application/json, application/*+json]
2026-05-12T00:22:34.179+02:00 DEBUG 25432 --- [EduRoom] [http-nio-8080-exec-2] org.hibernate.SQL                        : 
    select
        c1_0.id,
        c1_0.horario_fin,
        c1_0.horario_inicio,
        c1_0.nombre 
    from
        centros c1_0 
    where
        c1_0.id=?
2026-05-12T00:22:34.179+02:00 DEBUG 25432 --- [EduRoom] [http-nio-8080-exec-7] o.s.w.s.m.m.a.HttpEntityMethodProcessor  : Writing [[]]
2026-05-12T00:22:34.182+02:00 DEBUG 25432 --- [EduRoom] [http-nio-8080-exec-7] o.s.web.servlet.DispatcherServlet        : Completed 200 OK
2026-05-12T00:22:34.183+02:00 DEBUG 25432 --- [EduRoom] [http-nio-8080-exec-2] o.s.web.servlet.DispatcherServlet        : Completed 200 OK
2026-05-12T00:22:34.184+02:00 DEBUG 25432 --- [EduRoom] [http-nio-8080-exec-10] o.s.security.web.FilterChainProxy        : Securing GET /api/asistencia/evento/3
2026-05-12T00:22:34.185+02:00 DEBUG 25432 --- [EduRoom] [http-nio-8080-exec-9] o.s.security.web.FilterChainProxy        : Securing GET /api/eventos/3
2026-05-12T00:22:34.191+02:00 DEBUG 25432 --- [EduRoom] [http-nio-8080-exec-10] org.hibernate.SQL                        : 
    select
        u1_0.id,
        u1_0.id_centro,
        u1_0.email,
        u1_0.nombre,
        u1_0.password_hash,
        u1_0.rol 
    from
        usuarios u1_0 
    where
        u1_0.email=?
2026-05-12T00:22:34.192+02:00 DEBUG 25432 --- [EduRoom] [http-nio-8080-exec-9] org.hibernate.SQL                        : 
    select
        u1_0.id,
        u1_0.id_centro,
        u1_0.email,
        u1_0.nombre,
        u1_0.password_hash,
        u1_0.rol 
    from
        usuarios u1_0 
    where
        u1_0.email=?
2026-05-12T00:22:34.198+02:00 DEBUG 25432 --- [EduRoom] [http-nio-8080-exec-3] o.s.security.web.FilterChainProxy        : Securing GET /api/eventos/3/qr
2026-05-12T00:22:34.198+02:00 DEBUG 25432 --- [EduRoom] [http-nio-8080-exec-3] o.s.s.w.a.AnonymousAuthenticationFilter  : Set SecurityContextHolder to anonymous SecurityContext
2026-05-12T00:22:34.200+02:00 DEBUG 25432 --- [EduRoom] [http-nio-8080-exec-3] o.s.security.web.FilterChainProxy        : Secured GET /api/eventos/3/qr
2026-05-12T00:22:34.200+02:00 DEBUG 25432 --- [EduRoom] [http-nio-8080-exec-9] o.s.security.web.FilterChainProxy        : Secured GET /api/eventos/3
2026-05-12T00:22:34.200+02:00 DEBUG 25432 --- [EduRoom] [http-nio-8080-exec-10] o.s.security.web.FilterChainProxy        : Secured GET /api/asistencia/evento/3
2026-05-12T00:22:34.201+02:00 DEBUG 25432 --- [EduRoom] [http-nio-8080-exec-3] o.s.web.servlet.DispatcherServlet        : GET "/api/eventos/3/qr", parameters={}
2026-05-12T00:22:34.201+02:00 DEBUG 25432 --- [EduRoom] [http-nio-8080-exec-9] o.s.web.servlet.DispatcherServlet        : GET "/api/eventos/3", parameters={}
2026-05-12T00:22:34.201+02:00 DEBUG 25432 --- [EduRoom] [http-nio-8080-exec-10] o.s.web.servlet.DispatcherServlet        : GET "/api/asistencia/evento/3", parameters={}
2026-05-12T00:22:34.201+02:00 DEBUG 25432 --- [EduRoom] [http-nio-8080-exec-3] s.w.s.m.m.a.RequestMappingHandlerMapping : Mapped to com.eduroom.backend.controller.EventoController#getQrCode(Long)
2026-05-12T00:22:34.201+02:00 DEBUG 25432 --- [EduRoom] [http-nio-8080-exec-9] s.w.s.m.m.a.RequestMappingHandlerMapping : Mapped to com.eduroom.backend.controller.EventoController#getEventoById(Long)
2026-05-12T00:22:34.201+02:00 DEBUG 25432 --- [EduRoom] [http-nio-8080-exec-10] s.w.s.m.m.a.RequestMappingHandlerMapping : Mapped to com.eduroom.backend.controller.AsistenciaController#getAsistenciasPorEvento(Long)
2026-05-12T00:22:34.202+02:00 DEBUG 25432 --- [EduRoom] [http-nio-8080-exec-10] org.hibernate.SQL                        : 
    select
        e1_0.id,
        e1_0.id_creador,
        e1_0.descripcion,
        e1_0.fecha,
        e1_0.hora_fin,
        e1_0.hora_inicio,
        e1_0.lugar,
        e1_0.qr_expiracion,
        e1_0.qr_token,
        e1_0.titulo 
    from
        eventos e1_0 
    where
        e1_0.id=?
2026-05-12T00:22:34.202+02:00 DEBUG 25432 --- [EduRoom] [http-nio-8080-exec-9] org.hibernate.SQL                        : 
    select
        e1_0.id,
        e1_0.id_creador,
        e1_0.descripcion,
        e1_0.fecha,
        e1_0.hora_fin,
        e1_0.hora_inicio,
        e1_0.lugar,
        e1_0.qr_expiracion,
        e1_0.qr_token,
        e1_0.titulo 
    from
        eventos e1_0 
    where
        e1_0.id=?
2026-05-12T00:22:34.202+02:00 DEBUG 25432 --- [EduRoom] [http-nio-8080-exec-3] org.hibernate.SQL                        : 
    select
        e1_0.id,
        e1_0.id_creador,
        e1_0.descripcion,
        e1_0.fecha,
        e1_0.hora_fin,
        e1_0.hora_inicio,
        e1_0.lugar,
        e1_0.qr_expiracion,
        e1_0.qr_token,
        e1_0.titulo 
    from
        eventos e1_0 
    where
        e1_0.id=?
2026-05-12T00:22:34.209+02:00 DEBUG 25432 --- [EduRoom] [http-nio-8080-exec-10] org.hibernate.SQL                        : 
    select
        a1_0.id,
        a1_0.id_evento,
        a1_0.nombre_alumno,
        a1_0.timestamp_checkin 
    from
        asistencias a1_0 
    where
        a1_0.id_evento=?
2026-05-12T00:22:34.210+02:00 DEBUG 25432 --- [EduRoom] [http-nio-8080-exec-9] o.s.w.s.m.m.a.HttpEntityMethodProcessor  : Using 'application/json', given [application/json, text/plain, */*] and supported [application/json, application/*+json]
2026-05-12T00:22:34.210+02:00 DEBUG 25432 --- [EduRoom] [http-nio-8080-exec-9] o.s.w.s.m.m.a.HttpEntityMethodProcessor  : Writing [com.eduroom.backend.model.Evento@36109fd5]
2026-05-12T00:22:34.210+02:00 DEBUG 25432 --- [EduRoom] [http-nio-8080-exec-10] o.s.w.s.m.m.a.HttpEntityMethodProcessor  : Using 'application/json', given [application/json, text/plain, */*] and supported [application/json, application/*+json]
2026-05-12T00:22:34.210+02:00 DEBUG 25432 --- [EduRoom] [http-nio-8080-exec-10] o.s.w.s.m.m.a.HttpEntityMethodProcessor  : Writing [[]]
2026-05-12T00:22:34.210+02:00 DEBUG 25432 --- [EduRoom] [http-nio-8080-exec-9] org.hibernate.SQL                        : 
    select
        u1_0.id,
        u1_0.id_centro,
        u1_0.email,
        u1_0.nombre,
        u1_0.password_hash,
        u1_0.rol 
    from
        usuarios u1_0 
    where
        u1_0.id=?
2026-05-12T00:22:34.213+02:00 DEBUG 25432 --- [EduRoom] [http-nio-8080-exec-10] o.s.web.servlet.DispatcherServlet        : Completed 200 OK
2026-05-12T00:22:34.214+02:00 DEBUG 25432 --- [EduRoom] [http-nio-8080-exec-9] org.hibernate.SQL                        : 
    select
        c1_0.id,
        c1_0.horario_fin,
        c1_0.horario_inicio,
        c1_0.nombre 
    from
        centros c1_0 
    where
        c1_0.id=?
2026-05-12T00:22:34.218+02:00 DEBUG 25432 --- [EduRoom] [http-nio-8080-exec-9] o.s.web.servlet.DispatcherServlet        : Completed 200 OK
2026-05-12T00:22:34.227+02:00 DEBUG 25432 --- [EduRoom] [http-nio-8080-exec-3] o.s.w.s.m.m.a.HttpEntityMethodProcessor  : Found 'Content-Type:image/png' in response
2026-05-12T00:22:34.227+02:00 DEBUG 25432 --- [EduRoom] [http-nio-8080-exec-3] o.s.w.s.m.m.a.HttpEntityMethodProcessor  : Writing [{-119, 80, 78, 71, 13, 10, 26, 10, 0, 0, 0, 13, 73, 72, 68, 82, 0, 0, 1, 44, 0, 0, 1, 44, 1, 0, 0, 0 (truncated)...]
2026-05-12T00:22:34.228+02:00 DEBUG 25432 --- [EduRoom] [http-nio-8080-exec-3] o.s.web.servlet.DispatcherServlet        : Completed 200 OK
2026-05-12T00:22:37.764+02:00 DEBUG 25432 --- [EduRoom] [http-nio-8080-exec-1] o.s.security.web.FilterChainProxy        : Securing GET /api/eventos/centro/2
2026-05-12T00:22:37.768+02:00 DEBUG 25432 --- [EduRoom] [http-nio-8080-exec-5] o.s.security.web.FilterChainProxy        : Securing GET /api/centros/2
2026-05-12T00:22:37.770+02:00 DEBUG 25432 --- [EduRoom] [http-nio-8080-exec-1] org.hibernate.SQL                        : 
    select
        u1_0.id,
        u1_0.id_centro,
        u1_0.email,
        u1_0.nombre,
        u1_0.password_hash,
        u1_0.rol 
    from
        usuarios u1_0 
    where
        u1_0.email=?
2026-05-12T00:22:37.771+02:00 DEBUG 25432 --- [EduRoom] [http-nio-8080-exec-6] o.s.security.web.FilterChainProxy        : Securing GET /api/aulas/centro/2
2026-05-12T00:22:37.775+02:00 DEBUG 25432 --- [EduRoom] [http-nio-8080-exec-5] org.hibernate.SQL                        : 
    select
        u1_0.id,
        u1_0.id_centro,
        u1_0.email,
        u1_0.nombre,
        u1_0.password_hash,
        u1_0.rol 
    from
        usuarios u1_0 
    where
        u1_0.email=?
2026-05-12T00:22:37.776+02:00 DEBUG 25432 --- [EduRoom] [http-nio-8080-exec-6] org.hibernate.SQL                        : 
    select
        u1_0.id,
        u1_0.id_centro,
        u1_0.email,
        u1_0.nombre,
        u1_0.password_hash,
        u1_0.rol 
    from
        usuarios u1_0 
    where
        u1_0.email=?
2026-05-12T00:22:37.778+02:00 DEBUG 25432 --- [EduRoom] [http-nio-8080-exec-1] o.s.security.web.FilterChainProxy        : Secured GET /api/eventos/centro/2
2026-05-12T00:22:37.779+02:00 DEBUG 25432 --- [EduRoom] [http-nio-8080-exec-1] o.s.web.servlet.DispatcherServlet        : GET "/api/eventos/centro/2", parameters={}
2026-05-12T00:22:37.779+02:00 DEBUG 25432 --- [EduRoom] [http-nio-8080-exec-1] s.w.s.m.m.a.RequestMappingHandlerMapping : Mapped to com.eduroom.backend.controller.EventoController#getEventosByCentro(Long)
2026-05-12T00:22:37.781+02:00 DEBUG 25432 --- [EduRoom] [http-nio-8080-exec-5] o.s.security.web.FilterChainProxy        : Secured GET /api/centros/2
2026-05-12T00:22:37.782+02:00 DEBUG 25432 --- [EduRoom] [http-nio-8080-exec-6] o.s.security.web.FilterChainProxy        : Secured GET /api/aulas/centro/2
2026-05-12T00:22:37.782+02:00 DEBUG 25432 --- [EduRoom] [http-nio-8080-exec-5] o.s.web.servlet.DispatcherServlet        : GET "/api/centros/2", parameters={}
2026-05-12T00:22:37.782+02:00 DEBUG 25432 --- [EduRoom] [http-nio-8080-exec-1] org.hibernate.SQL                        : 
    select
        e1_0.id,
        e1_0.id_creador,
        e1_0.descripcion,
        e1_0.fecha,
        e1_0.hora_fin,
        e1_0.hora_inicio,
        e1_0.lugar,
        e1_0.qr_expiracion,
        e1_0.qr_token,
        e1_0.titulo 
    from
        eventos e1_0 
    left join
        usuarios c1_0 
            on c1_0.id=e1_0.id_creador 
    where
        c1_0.id_centro=?
2026-05-12T00:22:37.782+02:00 DEBUG 25432 --- [EduRoom] [http-nio-8080-exec-6] o.s.web.servlet.DispatcherServlet        : GET "/api/aulas/centro/2", parameters={}
2026-05-12T00:22:37.782+02:00 DEBUG 25432 --- [EduRoom] [http-nio-8080-exec-5] s.w.s.m.m.a.RequestMappingHandlerMapping : Mapped to com.eduroom.backend.controller.CentroController#getCentroById(Long)
2026-05-12T00:22:37.783+02:00 DEBUG 25432 --- [EduRoom] [http-nio-8080-exec-6] s.w.s.m.m.a.RequestMappingHandlerMapping : Mapped to com.eduroom.backend.controller.AulaController#getAulasByCentro(Long)
2026-05-12T00:22:37.784+02:00 DEBUG 25432 --- [EduRoom] [http-nio-8080-exec-6] org.hibernate.SQL                        : 
    select
        c1_0.id,
        c1_0.horario_fin,
        c1_0.horario_inicio,
        c1_0.nombre 
    from
        centros c1_0 
    where
        c1_0.id=?
2026-05-12T00:22:37.784+02:00 DEBUG 25432 --- [EduRoom] [http-nio-8080-exec-5] org.hibernate.SQL                        : 
    select
        c1_0.id,
        c1_0.horario_fin,
        c1_0.horario_inicio,
        c1_0.nombre 
    from
        centros c1_0 
    where
        c1_0.id=?
2026-05-12T00:22:37.785+02:00 DEBUG 25432 --- [EduRoom] [http-nio-8080-exec-1] o.s.w.s.m.m.a.HttpEntityMethodProcessor  : Using 'application/json', given [application/json, text/plain, */*] and supported [application/json, application/*+json]
2026-05-12T00:22:37.785+02:00 DEBUG 25432 --- [EduRoom] [http-nio-8080-exec-1] o.s.w.s.m.m.a.HttpEntityMethodProcessor  : Writing [[com.eduroom.backend.model.Evento@21b7f7da]]
2026-05-12T00:22:37.787+02:00 DEBUG 25432 --- [EduRoom] [http-nio-8080-exec-1] org.hibernate.SQL                        : 
    select
        u1_0.id,
        u1_0.id_centro,
        u1_0.email,
        u1_0.nombre,
        u1_0.password_hash,
        u1_0.rol 
    from
        usuarios u1_0 
    where
        u1_0.id=?
2026-05-12T00:22:37.789+02:00 DEBUG 25432 --- [EduRoom] [http-nio-8080-exec-5] o.s.w.s.m.m.a.HttpEntityMethodProcessor  : Using 'application/json', given [application/json, text/plain, */*] and supported [application/json, application/*+json]
2026-05-12T00:22:37.789+02:00 DEBUG 25432 --- [EduRoom] [http-nio-8080-exec-5] o.s.w.s.m.m.a.HttpEntityMethodProcessor  : Writing [com.eduroom.backend.model.Centro@2723cbda]
2026-05-12T00:22:37.789+02:00 DEBUG 25432 --- [EduRoom] [http-nio-8080-exec-6] org.hibernate.SQL                        : 
    select
        a1_0.id,
        a1_0.capacidad,
        a1_0.id_centro,
        a1_0.nombre 
    from
        aulas a1_0 
    where
        a1_0.id_centro=?
2026-05-12T00:22:37.790+02:00 DEBUG 25432 --- [EduRoom] [http-nio-8080-exec-1] org.hibernate.SQL                        : 
    select
        c1_0.id,
        c1_0.horario_fin,
        c1_0.horario_inicio,
        c1_0.nombre 
    from
        centros c1_0 
    where
        c1_0.id=?
2026-05-12T00:22:37.791+02:00 DEBUG 25432 --- [EduRoom] [http-nio-8080-exec-5] org.hibernate.SQL                        : 
    select
        u1_0.id_centro,
        u1_0.id,
        u1_0.email,
        u1_0.nombre,
        u1_0.password_hash,
        u1_0.rol 
    from
        usuarios u1_0 
    where
        u1_0.id_centro=?
2026-05-12T00:22:37.792+02:00 DEBUG 25432 --- [EduRoom] [http-nio-8080-exec-6] o.s.w.s.m.m.a.HttpEntityMethodProcessor  : Using 'application/json', given [application/json, text/plain, */*] and supported [application/json, application/*+json]
2026-05-12T00:22:37.792+02:00 DEBUG 25432 --- [EduRoom] [http-nio-8080-exec-6] o.s.w.s.m.m.a.HttpEntityMethodProcessor  : Writing [[]]
2026-05-12T00:22:37.793+02:00 DEBUG 25432 --- [EduRoom] [http-nio-8080-exec-5] org.hibernate.SQL                        : 
    select
        a1_0.id_centro,
        a1_0.id,
        a1_0.capacidad,
        a1_0.nombre 
    from
        aulas a1_0 
    where
        a1_0.id_centro=?
2026-05-12T00:22:37.794+02:00 DEBUG 25432 --- [EduRoom] [http-nio-8080-exec-6] o.s.web.servlet.DispatcherServlet        : Completed 200 OK
2026-05-12T00:22:37.794+02:00 DEBUG 25432 --- [EduRoom] [http-nio-8080-exec-1] o.s.web.servlet.DispatcherServlet        : Completed 200 OK
2026-05-12T00:22:37.795+02:00 DEBUG 25432 --- [EduRoom] [http-nio-8080-exec-5] o.s.web.servlet.DispatcherServlet        : Completed 200 OK
2026-05-12T00:22:37.797+02:00 DEBUG 25432 --- [EduRoom] [http-nio-8080-exec-4] o.s.security.web.FilterChainProxy        : Securing GET /api/eventos/centro/2
2026-05-12T00:22:37.804+02:00 DEBUG 25432 --- [EduRoom] [http-nio-8080-exec-4] org.hibernate.SQL                        : 
    select
        u1_0.id,
        u1_0.id_centro,
        u1_0.email,
        u1_0.nombre,
        u1_0.password_hash,
        u1_0.rol 
    from
        usuarios u1_0 
    where
        u1_0.email=?
2026-05-12T00:22:37.808+02:00 DEBUG 25432 --- [EduRoom] [http-nio-8080-exec-8] o.s.security.web.FilterChainProxy        : Securing GET /api/aulas/centro/2
2026-05-12T00:22:37.811+02:00 DEBUG 25432 --- [EduRoom] [http-nio-8080-exec-7] o.s.security.web.FilterChainProxy        : Securing GET /api/centros/2
2026-05-12T00:22:37.815+02:00 DEBUG 25432 --- [EduRoom] [http-nio-8080-exec-8] org.hibernate.SQL                        : 
    select
        u1_0.id,
        u1_0.id_centro,
        u1_0.email,
        u1_0.nombre,
        u1_0.password_hash,
        u1_0.rol 
    from
        usuarios u1_0 
    where
        u1_0.email=?
2026-05-12T00:22:37.815+02:00 DEBUG 25432 --- [EduRoom] [http-nio-8080-exec-7] org.hibernate.SQL                        : 
    select
        u1_0.id,
        u1_0.id_centro,
        u1_0.email,
        u1_0.nombre,
        u1_0.password_hash,
        u1_0.rol 
    from
        usuarios u1_0 
    where
        u1_0.email=?
2026-05-12T00:22:37.817+02:00 DEBUG 25432 --- [EduRoom] [http-nio-8080-exec-4] o.s.security.web.FilterChainProxy        : Secured GET /api/eventos/centro/2
2026-05-12T00:22:37.817+02:00 DEBUG 25432 --- [EduRoom] [http-nio-8080-exec-4] o.s.web.servlet.DispatcherServlet        : GET "/api/eventos/centro/2", parameters={}
2026-05-12T00:22:37.817+02:00 DEBUG 25432 --- [EduRoom] [http-nio-8080-exec-4] s.w.s.m.m.a.RequestMappingHandlerMapping : Mapped to com.eduroom.backend.controller.EventoController#getEventosByCentro(Long)
2026-05-12T00:22:37.820+02:00 DEBUG 25432 --- [EduRoom] [http-nio-8080-exec-4] org.hibernate.SQL                        : 
    select
        e1_0.id,
        e1_0.id_creador,
        e1_0.descripcion,
        e1_0.fecha,
        e1_0.hora_fin,
        e1_0.hora_inicio,
        e1_0.lugar,
        e1_0.qr_expiracion,
        e1_0.qr_token,
        e1_0.titulo 
    from
        eventos e1_0 
    left join
        usuarios c1_0 
            on c1_0.id=e1_0.id_creador 
    where
        c1_0.id_centro=?
2026-05-12T00:22:37.823+02:00 DEBUG 25432 --- [EduRoom] [http-nio-8080-exec-7] o.s.security.web.FilterChainProxy        : Secured GET /api/centros/2
2026-05-12T00:22:37.823+02:00 DEBUG 25432 --- [EduRoom] [http-nio-8080-exec-4] o.s.w.s.m.m.a.HttpEntityMethodProcessor  : Using 'application/json', given [application/json, text/plain, */*] and supported [application/json, application/*+json]
2026-05-12T00:22:37.823+02:00 DEBUG 25432 --- [EduRoom] [http-nio-8080-exec-8] o.s.security.web.FilterChainProxy        : Secured GET /api/aulas/centro/2
2026-05-12T00:22:37.823+02:00 DEBUG 25432 --- [EduRoom] [http-nio-8080-exec-7] o.s.web.servlet.DispatcherServlet        : GET "/api/centros/2", parameters={}
2026-05-12T00:22:37.823+02:00 DEBUG 25432 --- [EduRoom] [http-nio-8080-exec-4] o.s.w.s.m.m.a.HttpEntityMethodProcessor  : Writing [[com.eduroom.backend.model.Evento@288a7b0a]]
2026-05-12T00:22:37.823+02:00 DEBUG 25432 --- [EduRoom] [http-nio-8080-exec-8] o.s.web.servlet.DispatcherServlet        : GET "/api/aulas/centro/2", parameters={}
2026-05-12T00:22:37.824+02:00 DEBUG 25432 --- [EduRoom] [http-nio-8080-exec-7] s.w.s.m.m.a.RequestMappingHandlerMapping : Mapped to com.eduroom.backend.controller.CentroController#getCentroById(Long)
2026-05-12T00:22:37.824+02:00 DEBUG 25432 --- [EduRoom] [http-nio-8080-exec-8] s.w.s.m.m.a.RequestMappingHandlerMapping : Mapped to com.eduroom.backend.controller.AulaController#getAulasByCentro(Long)
2026-05-12T00:22:37.824+02:00 DEBUG 25432 --- [EduRoom] [http-nio-8080-exec-4] org.hibernate.SQL                        : 
    select
        u1_0.id,
        u1_0.id_centro,
        u1_0.email,
        u1_0.nombre,
        u1_0.password_hash,
        u1_0.rol 
    from
        usuarios u1_0 
    where
        u1_0.id=?
2026-05-12T00:22:37.824+02:00 DEBUG 25432 --- [EduRoom] [http-nio-8080-exec-7] org.hibernate.SQL                        : 
    select
        c1_0.id,
        c1_0.horario_fin,
        c1_0.horario_inicio,
        c1_0.nombre 
    from
        centros c1_0 
    where
        c1_0.id=?
2026-05-12T00:22:37.824+02:00 DEBUG 25432 --- [EduRoom] [http-nio-8080-exec-8] org.hibernate.SQL                        : 
    select
        c1_0.id,
        c1_0.horario_fin,
        c1_0.horario_inicio,
        c1_0.nombre 
    from
        centros c1_0 
    where
        c1_0.id=?
2026-05-12T00:22:37.826+02:00 DEBUG 25432 --- [EduRoom] [http-nio-8080-exec-4] org.hibernate.SQL                        : 
    select
        c1_0.id,
        c1_0.horario_fin,
        c1_0.horario_inicio,
        c1_0.nombre 
    from
        centros c1_0 
    where
        c1_0.id=?
2026-05-12T00:22:37.828+02:00 DEBUG 25432 --- [EduRoom] [http-nio-8080-exec-7] o.s.w.s.m.m.a.HttpEntityMethodProcessor  : Using 'application/json', given [application/json, text/plain, */*] and supported [application/json, application/*+json]
2026-05-12T00:22:37.829+02:00 DEBUG 25432 --- [EduRoom] [http-nio-8080-exec-7] o.s.w.s.m.m.a.HttpEntityMethodProcessor  : Writing [com.eduroom.backend.model.Centro@13218871]
2026-05-12T00:22:37.829+02:00 DEBUG 25432 --- [EduRoom] [http-nio-8080-exec-4] o.s.web.servlet.DispatcherServlet        : Completed 200 OK
2026-05-12T00:22:37.829+02:00 DEBUG 25432 --- [EduRoom] [http-nio-8080-exec-8] org.hibernate.SQL                        : 
    select
        a1_0.id,
        a1_0.capacidad,
        a1_0.id_centro,
        a1_0.nombre 
    from
        aulas a1_0 
    where
        a1_0.id_centro=?
2026-05-12T00:22:37.829+02:00 DEBUG 25432 --- [EduRoom] [http-nio-8080-exec-7] org.hibernate.SQL                        : 
    select
        u1_0.id_centro,
        u1_0.id,
        u1_0.email,
        u1_0.nombre,
        u1_0.password_hash,
        u1_0.rol 
    from
        usuarios u1_0 
    where
        u1_0.id_centro=?
2026-05-12T00:22:37.832+02:00 DEBUG 25432 --- [EduRoom] [http-nio-8080-exec-8] o.s.w.s.m.m.a.HttpEntityMethodProcessor  : Using 'application/json', given [application/json, text/plain, */*] and supported [application/json, application/*+json]
2026-05-12T00:22:37.832+02:00 DEBUG 25432 --- [EduRoom] [http-nio-8080-exec-8] o.s.w.s.m.m.a.HttpEntityMethodProcessor  : Writing [[]]
2026-05-12T00:22:37.832+02:00 DEBUG 25432 --- [EduRoom] [http-nio-8080-exec-7] org.hibernate.SQL                        : 
    select
        a1_0.id_centro,
        a1_0.id,
        a1_0.capacidad,
        a1_0.nombre 
    from
        aulas a1_0 
    where
        a1_0.id_centro=?
2026-05-12T00:22:37.834+02:00 DEBUG 25432 --- [EduRoom] [http-nio-8080-exec-8] o.s.web.servlet.DispatcherServlet        : Completed 200 OK
2026-05-12T00:22:37.835+02:00 DEBUG 25432 --- [EduRoom] [http-nio-8080-exec-7] o.s.web.servlet.DispatcherServlet        : Completed 200 OK
2026-05-12T00:22:39.493+02:00 DEBUG 25432 --- [EduRoom] [http-nio-8080-exec-2] o.s.security.web.FilterChainProxy        : Securing GET /api/eventos/3
2026-05-12T00:22:39.493+02:00 DEBUG 25432 --- [EduRoom] [http-nio-8080-exec-10] o.s.security.web.FilterChainProxy        : Securing GET /api/asistencia/evento/3
2026-05-12T00:22:39.497+02:00 DEBUG 25432 --- [EduRoom] [http-nio-8080-exec-2] org.hibernate.SQL                        : 
    select
        u1_0.id,
        u1_0.id_centro,
        u1_0.email,
        u1_0.nombre,
        u1_0.password_hash,
        u1_0.rol 
    from
        usuarios u1_0 
    where
        u1_0.email=?
2026-05-12T00:22:39.497+02:00 DEBUG 25432 --- [EduRoom] [http-nio-8080-exec-10] org.hibernate.SQL                        : 
    select
        u1_0.id,
        u1_0.id_centro,
        u1_0.email,
        u1_0.nombre,
        u1_0.password_hash,
        u1_0.rol 
    from
        usuarios u1_0 
    where
        u1_0.email=?
2026-05-12T00:22:39.506+02:00 DEBUG 25432 --- [EduRoom] [http-nio-8080-exec-10] o.s.security.web.FilterChainProxy        : Secured GET /api/asistencia/evento/3
2026-05-12T00:22:39.506+02:00 DEBUG 25432 --- [EduRoom] [http-nio-8080-exec-2] o.s.security.web.FilterChainProxy        : Secured GET /api/eventos/3
2026-05-12T00:22:39.506+02:00 DEBUG 25432 --- [EduRoom] [http-nio-8080-exec-10] o.s.web.servlet.DispatcherServlet        : GET "/api/asistencia/evento/3", parameters={}
2026-05-12T00:22:39.506+02:00 DEBUG 25432 --- [EduRoom] [http-nio-8080-exec-2] o.s.web.servlet.DispatcherServlet        : GET "/api/eventos/3", parameters={}
2026-05-12T00:22:39.506+02:00 DEBUG 25432 --- [EduRoom] [http-nio-8080-exec-10] s.w.s.m.m.a.RequestMappingHandlerMapping : Mapped to com.eduroom.backend.controller.AsistenciaController#getAsistenciasPorEvento(Long)
2026-05-12T00:22:39.506+02:00 DEBUG 25432 --- [EduRoom] [http-nio-8080-exec-2] s.w.s.m.m.a.RequestMappingHandlerMapping : Mapped to com.eduroom.backend.controller.EventoController#getEventoById(Long)
2026-05-12T00:22:39.509+02:00 DEBUG 25432 --- [EduRoom] [http-nio-8080-exec-2] org.hibernate.SQL                        : 
    select
        e1_0.id,
        e1_0.id_creador,
        e1_0.descripcion,
        e1_0.fecha,
        e1_0.hora_fin,
        e1_0.hora_inicio,
        e1_0.lugar,
        e1_0.qr_expiracion,
        e1_0.qr_token,
        e1_0.titulo 
    from
        eventos e1_0 
    where
        e1_0.id=?
2026-05-12T00:22:39.509+02:00 DEBUG 25432 --- [EduRoom] [http-nio-8080-exec-10] org.hibernate.SQL                        : 
    select
        e1_0.id,
        e1_0.id_creador,
        e1_0.descripcion,
        e1_0.fecha,
        e1_0.hora_fin,
        e1_0.hora_inicio,
        e1_0.lugar,
        e1_0.qr_expiracion,
        e1_0.qr_token,
        e1_0.titulo 
    from
        eventos e1_0 
    where
        e1_0.id=?
2026-05-12T00:22:39.512+02:00 DEBUG 25432 --- [EduRoom] [http-nio-8080-exec-2] o.s.w.s.m.m.a.HttpEntityMethodProcessor  : Using 'application/json', given [application/json, text/plain, */*] and supported [application/json, application/*+json]
2026-05-12T00:22:39.512+02:00 DEBUG 25432 --- [EduRoom] [http-nio-8080-exec-2] o.s.w.s.m.m.a.HttpEntityMethodProcessor  : Writing [com.eduroom.backend.model.Evento@24cc27b7]
2026-05-12T00:22:39.513+02:00 DEBUG 25432 --- [EduRoom] [http-nio-8080-exec-10] org.hibernate.SQL                        : 
    select
        a1_0.id,
        a1_0.id_evento,
        a1_0.nombre_alumno,
        a1_0.timestamp_checkin 
    from
        asistencias a1_0 
    where
        a1_0.id_evento=?
2026-05-12T00:22:39.513+02:00 DEBUG 25432 --- [EduRoom] [http-nio-8080-exec-2] org.hibernate.SQL                        : 
    select
        u1_0.id,
        u1_0.id_centro,
        u1_0.email,
        u1_0.nombre,
        u1_0.password_hash,
        u1_0.rol 
    from
        usuarios u1_0 
    where
        u1_0.id=?
2026-05-12T00:22:39.516+02:00 DEBUG 25432 --- [EduRoom] [http-nio-8080-exec-10] o.s.w.s.m.m.a.HttpEntityMethodProcessor  : Using 'application/json', given [application/json, text/plain, */*] and supported [application/json, application/*+json]
2026-05-12T00:22:39.516+02:00 DEBUG 25432 --- [EduRoom] [http-nio-8080-exec-10] o.s.w.s.m.m.a.HttpEntityMethodProcessor  : Writing [[]]
2026-05-12T00:22:39.516+02:00 DEBUG 25432 --- [EduRoom] [http-nio-8080-exec-2] org.hibernate.SQL                        : 
    select
        c1_0.id,
        c1_0.horario_fin,
        c1_0.horario_inicio,
        c1_0.nombre 
    from
        centros c1_0 
    where
        c1_0.id=?
2026-05-12T00:22:39.517+02:00 DEBUG 25432 --- [EduRoom] [http-nio-8080-exec-10] o.s.web.servlet.DispatcherServlet        : Completed 200 OK
2026-05-12T00:22:39.518+02:00 DEBUG 25432 --- [EduRoom] [http-nio-8080-exec-2] o.s.web.servlet.DispatcherServlet        : Completed 200 OK
2026-05-12T00:22:39.520+02:00 DEBUG 25432 --- [EduRoom] [http-nio-8080-exec-9] o.s.security.web.FilterChainProxy        : Securing GET /api/asistencia/evento/3
2026-05-12T00:22:39.522+02:00 DEBUG 25432 --- [EduRoom] [http-nio-8080-exec-3] o.s.security.web.FilterChainProxy        : Securing GET /api/eventos/3
2026-05-12T00:22:39.526+02:00 DEBUG 25432 --- [EduRoom] [http-nio-8080-exec-3] org.hibernate.SQL                        : 
    select
        u1_0.id,
        u1_0.id_centro,
        u1_0.email,
        u1_0.nombre,
        u1_0.password_hash,
        u1_0.rol 
    from
        usuarios u1_0 
    where
        u1_0.email=?
2026-05-12T00:22:39.526+02:00 DEBUG 25432 --- [EduRoom] [http-nio-8080-exec-9] org.hibernate.SQL                        : 
    select
        u1_0.id,
        u1_0.id_centro,
        u1_0.email,
        u1_0.nombre,
        u1_0.password_hash,
        u1_0.rol 
    from
        usuarios u1_0 
    where
        u1_0.email=?
2026-05-12T00:22:39.534+02:00 DEBUG 25432 --- [EduRoom] [http-nio-8080-exec-3] o.s.security.web.FilterChainProxy        : Secured GET /api/eventos/3
2026-05-12T00:22:39.534+02:00 DEBUG 25432 --- [EduRoom] [http-nio-8080-exec-9] o.s.security.web.FilterChainProxy        : Secured GET /api/asistencia/evento/3
2026-05-12T00:22:39.534+02:00 DEBUG 25432 --- [EduRoom] [http-nio-8080-exec-9] o.s.web.servlet.DispatcherServlet        : GET "/api/asistencia/evento/3", parameters={}
2026-05-12T00:22:39.534+02:00 DEBUG 25432 --- [EduRoom] [http-nio-8080-exec-3] o.s.web.servlet.DispatcherServlet        : GET "/api/eventos/3", parameters={}
2026-05-12T00:22:39.534+02:00 DEBUG 25432 --- [EduRoom] [http-nio-8080-exec-9] s.w.s.m.m.a.RequestMappingHandlerMapping : Mapped to com.eduroom.backend.controller.AsistenciaController#getAsistenciasPorEvento(Long)
2026-05-12T00:22:39.534+02:00 DEBUG 25432 --- [EduRoom] [http-nio-8080-exec-3] s.w.s.m.m.a.RequestMappingHandlerMapping : Mapped to com.eduroom.backend.controller.EventoController#getEventoById(Long)
2026-05-12T00:22:39.538+02:00 DEBUG 25432 --- [EduRoom] [http-nio-8080-exec-3] org.hibernate.SQL                        : 
    select
        e1_0.id,
        e1_0.id_creador,
        e1_0.descripcion,
        e1_0.fecha,
        e1_0.hora_fin,
        e1_0.hora_inicio,
        e1_0.lugar,
        e1_0.qr_expiracion,
        e1_0.qr_token,
        e1_0.titulo 
    from
        eventos e1_0 
    where
        e1_0.id=?
2026-05-12T00:22:39.538+02:00 DEBUG 25432 --- [EduRoom] [http-nio-8080-exec-9] org.hibernate.SQL                        : 
    select
        e1_0.id,
        e1_0.id_creador,
        e1_0.descripcion,
        e1_0.fecha,
        e1_0.hora_fin,
        e1_0.hora_inicio,
        e1_0.lugar,
        e1_0.qr_expiracion,
        e1_0.qr_token,
        e1_0.titulo 
    from
        eventos e1_0 
    where
        e1_0.id=?
2026-05-12T00:22:39.540+02:00 DEBUG 25432 --- [EduRoom] [http-nio-8080-exec-3] o.s.w.s.m.m.a.HttpEntityMethodProcessor  : Using 'application/json', given [application/json, text/plain, */*] and supported [application/json, application/*+json]
2026-05-12T00:22:39.541+02:00 DEBUG 25432 --- [EduRoom] [http-nio-8080-exec-3] o.s.w.s.m.m.a.HttpEntityMethodProcessor  : Writing [com.eduroom.backend.model.Evento@12e00ba3]
2026-05-12T00:22:39.541+02:00 DEBUG 25432 --- [EduRoom] [http-nio-8080-exec-9] org.hibernate.SQL                        : 
    select
        a1_0.id,
        a1_0.id_evento,
        a1_0.nombre_alumno,
        a1_0.timestamp_checkin 
    from
        asistencias a1_0 
    where
        a1_0.id_evento=?
2026-05-12T00:22:39.541+02:00 DEBUG 25432 --- [EduRoom] [http-nio-8080-exec-3] org.hibernate.SQL                        : 
    select
        u1_0.id,
        u1_0.id_centro,
        u1_0.email,
        u1_0.nombre,
        u1_0.password_hash,
        u1_0.rol 
    from
        usuarios u1_0 
    where
        u1_0.id=?
2026-05-12T00:22:39.544+02:00 DEBUG 25432 --- [EduRoom] [http-nio-8080-exec-9] o.s.w.s.m.m.a.HttpEntityMethodProcessor  : Using 'application/json', given [application/json, text/plain, */*] and supported [application/json, application/*+json]
2026-05-12T00:22:39.544+02:00 DEBUG 25432 --- [EduRoom] [http-nio-8080-exec-9] o.s.w.s.m.m.a.HttpEntityMethodProcessor  : Writing [[]]
2026-05-12T00:22:39.545+02:00 DEBUG 25432 --- [EduRoom] [http-nio-8080-exec-3] org.hibernate.SQL                        : 
    select
        c1_0.id,
        c1_0.horario_fin,
        c1_0.horario_inicio,
        c1_0.nombre 
    from
        centros c1_0 
    where
        c1_0.id=?
2026-05-12T00:22:39.545+02:00 DEBUG 25432 --- [EduRoom] [http-nio-8080-exec-9] o.s.web.servlet.DispatcherServlet        : Completed 200 OK
2026-05-12T00:22:39.547+02:00 DEBUG 25432 --- [EduRoom] [http-nio-8080-exec-3] o.s.web.servlet.DispatcherServlet        : Completed 200 OK
2026-05-12T00:22:48.327+02:00 DEBUG 25432 --- [EduRoom] [http-nio-8080-exec-1] o.s.security.web.FilterChainProxy        : Securing OPTIONS /api/asistencia/registro/a4f9f8f4-7ca6-4d16-abdf-3c05f6313ff7
2026-05-12T00:22:48.334+02:00 DEBUG 25432 --- [EduRoom] [http-nio-8080-exec-6] o.s.security.web.FilterChainProxy        : Securing POST /api/asistencia/registro/a4f9f8f4-7ca6-4d16-abdf-3c05f6313ff7
2026-05-12T00:22:48.334+02:00 DEBUG 25432 --- [EduRoom] [http-nio-8080-exec-6] o.s.s.w.a.AnonymousAuthenticationFilter  : Set SecurityContextHolder to anonymous SecurityContext
2026-05-12T00:22:48.336+02:00 DEBUG 25432 --- [EduRoom] [http-nio-8080-exec-6] o.s.s.w.a.Http403ForbiddenEntryPoint     : Pre-authenticated entry point called. Rejecting access
2026-05-12T00:22:48.337+02:00 DEBUG 25432 --- [EduRoom] [http-nio-8080-exec-6] o.s.security.web.FilterChainProxy        : Securing POST /error
2026-05-12T00:22:48.340+02:00 DEBUG 25432 --- [EduRoom] [http-nio-8080-exec-6] o.s.s.w.a.AnonymousAuthenticationFilter  : Set SecurityContextHolder to anonymous SecurityContext
2026-05-12T00:22:48.340+02:00 DEBUG 25432 --- [EduRoom] [http-nio-8080-exec-6] o.s.s.w.a.Http403ForbiddenEntryPoint     : Pre-authenticated entry point called. Rejecting access
2026-05-12T00:22:51.218+02:00 DEBUG 25432 --- [EduRoom] [http-nio-8080-exec-5] o.s.security.web.FilterChainProxy        : Securing GET /api/eventos/centro/2
2026-05-12T00:22:51.222+02:00 DEBUG 25432 --- [EduRoom] [http-nio-8080-exec-4] o.s.security.web.FilterChainProxy        : Securing GET /api/centros/2
2026-05-12T00:22:51.223+02:00 DEBUG 25432 --- [EduRoom] [http-nio-8080-exec-5] org.hibernate.SQL                        : 
    select
        u1_0.id,
        u1_0.id_centro,
        u1_0.email,
        u1_0.nombre,
        u1_0.password_hash,
        u1_0.rol 
    from
        usuarios u1_0 
    where
        u1_0.email=?
2026-05-12T00:22:51.223+02:00 DEBUG 25432 --- [EduRoom] [http-nio-8080-exec-8] o.s.security.web.FilterChainProxy        : Securing GET /api/aulas/centro/2
2026-05-12T00:22:51.229+02:00 DEBUG 25432 --- [EduRoom] [http-nio-8080-exec-8] org.hibernate.SQL                        : 
    select
        u1_0.id,
        u1_0.id_centro,
        u1_0.email,
        u1_0.nombre,
        u1_0.password_hash,
        u1_0.rol 
    from
        usuarios u1_0 
    where
        u1_0.email=?
2026-05-12T00:22:51.229+02:00 DEBUG 25432 --- [EduRoom] [http-nio-8080-exec-4] org.hibernate.SQL                        : 
    select
        u1_0.id,
        u1_0.id_centro,
        u1_0.email,
        u1_0.nombre,
        u1_0.password_hash,
        u1_0.rol 
    from
        usuarios u1_0 
    where
        u1_0.email=?
2026-05-12T00:22:51.233+02:00 DEBUG 25432 --- [EduRoom] [http-nio-8080-exec-5] o.s.security.web.FilterChainProxy        : Secured GET /api/eventos/centro/2
2026-05-12T00:22:51.234+02:00 DEBUG 25432 --- [EduRoom] [http-nio-8080-exec-5] o.s.web.servlet.DispatcherServlet        : GET "/api/eventos/centro/2", parameters={}
2026-05-12T00:22:51.234+02:00 DEBUG 25432 --- [EduRoom] [http-nio-8080-exec-5] s.w.s.m.m.a.RequestMappingHandlerMapping : Mapped to com.eduroom.backend.controller.EventoController#getEventosByCentro(Long)
2026-05-12T00:22:51.234+02:00 DEBUG 25432 --- [EduRoom] [http-nio-8080-exec-4] o.s.security.web.FilterChainProxy        : Secured GET /api/centros/2
2026-05-12T00:22:51.234+02:00 DEBUG 25432 --- [EduRoom] [http-nio-8080-exec-4] o.s.web.servlet.DispatcherServlet        : GET "/api/centros/2", parameters={}
2026-05-12T00:22:51.234+02:00 DEBUG 25432 --- [EduRoom] [http-nio-8080-exec-4] s.w.s.m.m.a.RequestMappingHandlerMapping : Mapped to com.eduroom.backend.controller.CentroController#getCentroById(Long)
2026-05-12T00:22:51.234+02:00 DEBUG 25432 --- [EduRoom] [http-nio-8080-exec-8] o.s.security.web.FilterChainProxy        : Secured GET /api/aulas/centro/2
2026-05-12T00:22:51.236+02:00 DEBUG 25432 --- [EduRoom] [http-nio-8080-exec-8] o.s.web.servlet.DispatcherServlet        : GET "/api/aulas/centro/2", parameters={}
2026-05-12T00:22:51.236+02:00 DEBUG 25432 --- [EduRoom] [http-nio-8080-exec-8] s.w.s.m.m.a.RequestMappingHandlerMapping : Mapped to com.eduroom.backend.controller.AulaController#getAulasByCentro(Long)
2026-05-12T00:22:51.236+02:00 DEBUG 25432 --- [EduRoom] [http-nio-8080-exec-4] org.hibernate.SQL                        : 
    select
        c1_0.id,
        c1_0.horario_fin,
        c1_0.horario_inicio,
        c1_0.nombre 
    from
        centros c1_0 
    where
        c1_0.id=?
2026-05-12T00:22:51.236+02:00 DEBUG 25432 --- [EduRoom] [http-nio-8080-exec-5] org.hibernate.SQL                        : 
    select
        e1_0.id,
        e1_0.id_creador,
        e1_0.descripcion,
        e1_0.fecha,
        e1_0.hora_fin,
        e1_0.hora_inicio,
        e1_0.lugar,
        e1_0.qr_expiracion,
        e1_0.qr_token,
        e1_0.titulo 
    from
        eventos e1_0 
    left join
        usuarios c1_0 
            on c1_0.id=e1_0.id_creador 
    where
        c1_0.id_centro=?
2026-05-12T00:22:51.238+02:00 DEBUG 25432 --- [EduRoom] [http-nio-8080-exec-8] org.hibernate.SQL                        : 
    select
        c1_0.id,
        c1_0.horario_fin,
        c1_0.horario_inicio,
        c1_0.nombre 
    from
        centros c1_0 
    where
        c1_0.id=?
2026-05-12T00:22:51.239+02:00 DEBUG 25432 --- [EduRoom] [http-nio-8080-exec-4] o.s.w.s.m.m.a.HttpEntityMethodProcessor  : Using 'application/json', given [application/json, text/plain, */*] and supported [application/json, application/*+json]
2026-05-12T00:22:51.240+02:00 DEBUG 25432 --- [EduRoom] [http-nio-8080-exec-4] o.s.w.s.m.m.a.HttpEntityMethodProcessor  : Writing [com.eduroom.backend.model.Centro@52f2c4eb]
2026-05-12T00:22:51.240+02:00 DEBUG 25432 --- [EduRoom] [http-nio-8080-exec-5] o.s.w.s.m.m.a.HttpEntityMethodProcessor  : Using 'application/json', given [application/json, text/plain, */*] and supported [application/json, application/*+json]
2026-05-12T00:22:51.241+02:00 DEBUG 25432 --- [EduRoom] [http-nio-8080-exec-5] o.s.w.s.m.m.a.HttpEntityMethodProcessor  : Writing [[com.eduroom.backend.model.Evento@7603403f]]
2026-05-12T00:22:51.241+02:00 DEBUG 25432 --- [EduRoom] [http-nio-8080-exec-4] org.hibernate.SQL                        : 
    select
        u1_0.id_centro,
        u1_0.id,
        u1_0.email,
        u1_0.nombre,
        u1_0.password_hash,
        u1_0.rol 
    from
        usuarios u1_0 
    where
        u1_0.id_centro=?
2026-05-12T00:22:51.242+02:00 DEBUG 25432 --- [EduRoom] [http-nio-8080-exec-5] org.hibernate.SQL                        : 
    select
        u1_0.id,
        u1_0.id_centro,
        u1_0.email,
        u1_0.nombre,
        u1_0.password_hash,
        u1_0.rol 
    from
        usuarios u1_0 
    where
        u1_0.id=?
2026-05-12T00:22:51.242+02:00 DEBUG 25432 --- [EduRoom] [http-nio-8080-exec-8] org.hibernate.SQL                        : 
    select
        a1_0.id,
        a1_0.capacidad,
        a1_0.id_centro,
        a1_0.nombre 
    from
        aulas a1_0 
    where
        a1_0.id_centro=?
2026-05-12T00:22:51.243+02:00 DEBUG 25432 --- [EduRoom] [http-nio-8080-exec-4] org.hibernate.SQL                        : 
    select
        a1_0.id_centro,
        a1_0.id,
        a1_0.capacidad,
        a1_0.nombre 
    from
        aulas a1_0 
    where
        a1_0.id_centro=?
2026-05-12T00:22:51.244+02:00 DEBUG 25432 --- [EduRoom] [http-nio-8080-exec-8] o.s.w.s.m.m.a.HttpEntityMethodProcessor  : Using 'application/json', given [application/json, text/plain, */*] and supported [application/json, application/*+json]
2026-05-12T00:22:51.244+02:00 DEBUG 25432 --- [EduRoom] [http-nio-8080-exec-5] org.hibernate.SQL                        : 
    select
        c1_0.id,
        c1_0.horario_fin,
        c1_0.horario_inicio,
        c1_0.nombre 
    from
        centros c1_0 
    where
        c1_0.id=?
2026-05-12T00:22:51.244+02:00 DEBUG 25432 --- [EduRoom] [http-nio-8080-exec-8] o.s.w.s.m.m.a.HttpEntityMethodProcessor  : Writing [[]]
2026-05-12T00:22:51.247+02:00 DEBUG 25432 --- [EduRoom] [http-nio-8080-exec-8] o.s.web.servlet.DispatcherServlet        : Completed 200 OK
2026-05-12T00:22:51.247+02:00 DEBUG 25432 --- [EduRoom] [http-nio-8080-exec-4] o.s.web.servlet.DispatcherServlet        : Completed 200 OK
2026-05-12T00:22:51.248+02:00 DEBUG 25432 --- [EduRoom] [http-nio-8080-exec-5] o.s.web.servlet.DispatcherServlet        : Completed 200 OK
2026-05-12T00:22:51.252+02:00 DEBUG 25432 --- [EduRoom] [http-nio-8080-exec-7] o.s.security.web.FilterChainProxy        : Securing GET /api/eventos/centro/2
2026-05-12T00:22:51.258+02:00 DEBUG 25432 --- [EduRoom] [http-nio-8080-exec-7] org.hibernate.SQL                        : 
    select
        u1_0.id,
        u1_0.id_centro,
        u1_0.email,
        u1_0.nombre,
        u1_0.password_hash,
        u1_0.rol 
    from
        usuarios u1_0 
    where
        u1_0.email=?
2026-05-12T00:22:51.260+02:00 DEBUG 25432 --- [EduRoom] [http-nio-8080-exec-10] o.s.security.web.FilterChainProxy        : Securing GET /api/aulas/centro/2
2026-05-12T00:22:51.260+02:00 DEBUG 25432 --- [EduRoom] [http-nio-8080-exec-2] o.s.security.web.FilterChainProxy        : Securing GET /api/centros/2
2026-05-12T00:22:51.265+02:00 DEBUG 25432 --- [EduRoom] [http-nio-8080-exec-10] org.hibernate.SQL                        : 
    select
        u1_0.id,
        u1_0.id_centro,
        u1_0.email,
        u1_0.nombre,
        u1_0.password_hash,
        u1_0.rol 
    from
        usuarios u1_0 
    where
        u1_0.email=?
2026-05-12T00:22:51.265+02:00 DEBUG 25432 --- [EduRoom] [http-nio-8080-exec-2] org.hibernate.SQL                        : 
    select
        u1_0.id,
        u1_0.id_centro,
        u1_0.email,
        u1_0.nombre,
        u1_0.password_hash,
        u1_0.rol 
    from
        usuarios u1_0 
    where
        u1_0.email=?
2026-05-12T00:22:51.267+02:00 DEBUG 25432 --- [EduRoom] [http-nio-8080-exec-7] o.s.security.web.FilterChainProxy        : Secured GET /api/eventos/centro/2
2026-05-12T00:22:51.268+02:00 DEBUG 25432 --- [EduRoom] [http-nio-8080-exec-7] o.s.web.servlet.DispatcherServlet        : GET "/api/eventos/centro/2", parameters={}
2026-05-12T00:22:51.268+02:00 DEBUG 25432 --- [EduRoom] [http-nio-8080-exec-7] s.w.s.m.m.a.RequestMappingHandlerMapping : Mapped to com.eduroom.backend.controller.EventoController#getEventosByCentro(Long)
2026-05-12T00:22:51.271+02:00 DEBUG 25432 --- [EduRoom] [http-nio-8080-exec-7] org.hibernate.SQL                        : 
    select
        e1_0.id,
        e1_0.id_creador,
        e1_0.descripcion,
        e1_0.fecha,
        e1_0.hora_fin,
        e1_0.hora_inicio,
        e1_0.lugar,
        e1_0.qr_expiracion,
        e1_0.qr_token,
        e1_0.titulo 
    from
        eventos e1_0 
    left join
        usuarios c1_0 
            on c1_0.id=e1_0.id_creador 
    where
        c1_0.id_centro=?
2026-05-12T00:22:51.272+02:00 DEBUG 25432 --- [EduRoom] [http-nio-8080-exec-10] o.s.security.web.FilterChainProxy        : Secured GET /api/aulas/centro/2
2026-05-12T00:22:51.272+02:00 DEBUG 25432 --- [EduRoom] [http-nio-8080-exec-2] o.s.security.web.FilterChainProxy        : Secured GET /api/centros/2
2026-05-12T00:22:51.272+02:00 DEBUG 25432 --- [EduRoom] [http-nio-8080-exec-10] o.s.web.servlet.DispatcherServlet        : GET "/api/aulas/centro/2", parameters={}
2026-05-12T00:22:51.273+02:00 DEBUG 25432 --- [EduRoom] [http-nio-8080-exec-2] o.s.web.servlet.DispatcherServlet        : GET "/api/centros/2", parameters={}
2026-05-12T00:22:51.273+02:00 DEBUG 25432 --- [EduRoom] [http-nio-8080-exec-10] s.w.s.m.m.a.RequestMappingHandlerMapping : Mapped to com.eduroom.backend.controller.AulaController#getAulasByCentro(Long)
2026-05-12T00:22:51.273+02:00 DEBUG 25432 --- [EduRoom] [http-nio-8080-exec-2] s.w.s.m.m.a.RequestMappingHandlerMapping : Mapped to com.eduroom.backend.controller.CentroController#getCentroById(Long)
2026-05-12T00:22:51.275+02:00 DEBUG 25432 --- [EduRoom] [http-nio-8080-exec-7] o.s.w.s.m.m.a.HttpEntityMethodProcessor  : Using 'application/json', given [application/json, text/plain, */*] and supported [application/json, application/*+json]
2026-05-12T00:22:51.275+02:00 DEBUG 25432 --- [EduRoom] [http-nio-8080-exec-2] org.hibernate.SQL                        : 
    select
        c1_0.id,
        c1_0.horario_fin,
        c1_0.horario_inicio,
        c1_0.nombre 
    from
        centros c1_0 
    where
        c1_0.id=?
2026-05-12T00:22:51.275+02:00 DEBUG 25432 --- [EduRoom] [http-nio-8080-exec-7] o.s.w.s.m.m.a.HttpEntityMethodProcessor  : Writing [[com.eduroom.backend.model.Evento@66c54255]]
2026-05-12T00:22:51.275+02:00 DEBUG 25432 --- [EduRoom] [http-nio-8080-exec-10] org.hibernate.SQL                        : 
    select
        c1_0.id,
        c1_0.horario_fin,
        c1_0.horario_inicio,
        c1_0.nombre 
    from
        centros c1_0 
    where
        c1_0.id=?
2026-05-12T00:22:51.276+02:00 DEBUG 25432 --- [EduRoom] [http-nio-8080-exec-7] org.hibernate.SQL                        : 
    select
        u1_0.id,
        u1_0.id_centro,
        u1_0.email,
        u1_0.nombre,
        u1_0.password_hash,
        u1_0.rol 
    from
        usuarios u1_0 
    where
        u1_0.id=?
2026-05-12T00:22:51.277+02:00 DEBUG 25432 --- [EduRoom] [http-nio-8080-exec-2] o.s.w.s.m.m.a.HttpEntityMethodProcessor  : Using 'application/json', given [application/json, text/plain, */*] and supported [application/json, application/*+json]
2026-05-12T00:22:51.278+02:00 DEBUG 25432 --- [EduRoom] [http-nio-8080-exec-2] o.s.w.s.m.m.a.HttpEntityMethodProcessor  : Writing [com.eduroom.backend.model.Centro@7293ebe1]
2026-05-12T00:22:51.278+02:00 DEBUG 25432 --- [EduRoom] [http-nio-8080-exec-7] org.hibernate.SQL                        : 
    select
        c1_0.id,
        c1_0.horario_fin,
        c1_0.horario_inicio,
        c1_0.nombre 
    from
        centros c1_0 
    where
        c1_0.id=?
2026-05-12T00:22:51.278+02:00 DEBUG 25432 --- [EduRoom] [http-nio-8080-exec-10] org.hibernate.SQL                        : 
    select
        a1_0.id,
        a1_0.capacidad,
        a1_0.id_centro,
        a1_0.nombre 
    from
        aulas a1_0 
    where
        a1_0.id_centro=?
2026-05-12T00:22:51.278+02:00 DEBUG 25432 --- [EduRoom] [http-nio-8080-exec-2] org.hibernate.SQL                        : 
    select
        u1_0.id_centro,
        u1_0.id,
        u1_0.email,
        u1_0.nombre,
        u1_0.password_hash,
        u1_0.rol 
    from
        usuarios u1_0 
    where
        u1_0.id_centro=?
2026-05-12T00:22:51.281+02:00 DEBUG 25432 --- [EduRoom] [http-nio-8080-exec-10] o.s.w.s.m.m.a.HttpEntityMethodProcessor  : Using 'application/json', given [application/json, text/plain, */*] and supported [application/json, application/*+json]
2026-05-12T00:22:51.281+02:00 DEBUG 25432 --- [EduRoom] [http-nio-8080-exec-7] o.s.web.servlet.DispatcherServlet        : Completed 200 OK
2026-05-12T00:22:51.281+02:00 DEBUG 25432 --- [EduRoom] [http-nio-8080-exec-10] o.s.w.s.m.m.a.HttpEntityMethodProcessor  : Writing [[]]
2026-05-12T00:22:51.281+02:00 DEBUG 25432 --- [EduRoom] [http-nio-8080-exec-2] org.hibernate.SQL                        : 
    select
        a1_0.id_centro,
        a1_0.id,
        a1_0.capacidad,
        a1_0.nombre 
    from
        aulas a1_0 
    where
        a1_0.id_centro=?
2026-05-12T00:22:51.282+02:00 DEBUG 25432 --- [EduRoom] [http-nio-8080-exec-10] o.s.web.servlet.DispatcherServlet        : Completed 200 OK
2026-05-12T00:22:51.284+02:00 DEBUG 25432 --- [EduRoom] [http-nio-8080-exec-2] o.s.web.servlet.DispatcherServlet        : Completed 200 OK
2026-05-12T00:22:52.571+02:00 DEBUG 25432 --- [EduRoom] [http-nio-8080-exec-9] o.s.security.web.FilterChainProxy        : Securing GET /api/eventos/3
2026-05-12T00:22:52.571+02:00 DEBUG 25432 --- [EduRoom] [http-nio-8080-exec-3] o.s.security.web.FilterChainProxy        : Securing GET /api/asistencia/evento/3
2026-05-12T00:22:52.576+02:00 DEBUG 25432 --- [EduRoom] [http-nio-8080-exec-9] org.hibernate.SQL                        : 
    select
        u1_0.id,
        u1_0.id_centro,
        u1_0.email,
        u1_0.nombre,
        u1_0.password_hash,
        u1_0.rol 
    from
        usuarios u1_0 
    where
        u1_0.email=?
2026-05-12T00:22:52.576+02:00 DEBUG 25432 --- [EduRoom] [http-nio-8080-exec-3] org.hibernate.SQL                        : 
    select
        u1_0.id,
        u1_0.id_centro,
        u1_0.email,
        u1_0.nombre,
        u1_0.password_hash,
        u1_0.rol 
    from
        usuarios u1_0 
    where
        u1_0.email=?
2026-05-12T00:22:52.583+02:00 DEBUG 25432 --- [EduRoom] [http-nio-8080-exec-3] o.s.security.web.FilterChainProxy        : Secured GET /api/asistencia/evento/3
2026-05-12T00:22:52.583+02:00 DEBUG 25432 --- [EduRoom] [http-nio-8080-exec-9] o.s.security.web.FilterChainProxy        : Secured GET /api/eventos/3
2026-05-12T00:22:52.583+02:00 DEBUG 25432 --- [EduRoom] [http-nio-8080-exec-3] o.s.web.servlet.DispatcherServlet        : GET "/api/asistencia/evento/3", parameters={}
2026-05-12T00:22:52.584+02:00 DEBUG 25432 --- [EduRoom] [http-nio-8080-exec-9] o.s.web.servlet.DispatcherServlet        : GET "/api/eventos/3", parameters={}
2026-05-12T00:22:52.584+02:00 DEBUG 25432 --- [EduRoom] [http-nio-8080-exec-3] s.w.s.m.m.a.RequestMappingHandlerMapping : Mapped to com.eduroom.backend.controller.AsistenciaController#getAsistenciasPorEvento(Long)
2026-05-12T00:22:52.584+02:00 DEBUG 25432 --- [EduRoom] [http-nio-8080-exec-9] s.w.s.m.m.a.RequestMappingHandlerMapping : Mapped to com.eduroom.backend.controller.EventoController#getEventoById(Long)
2026-05-12T00:22:52.586+02:00 DEBUG 25432 --- [EduRoom] [http-nio-8080-exec-3] org.hibernate.SQL                        : 
    select
        e1_0.id,
        e1_0.id_creador,
        e1_0.descripcion,
        e1_0.fecha,
        e1_0.hora_fin,
        e1_0.hora_inicio,
        e1_0.lugar,
        e1_0.qr_expiracion,
        e1_0.qr_token,
        e1_0.titulo 
    from
        eventos e1_0 
    where
        e1_0.id=?
2026-05-12T00:22:52.586+02:00 DEBUG 25432 --- [EduRoom] [http-nio-8080-exec-9] org.hibernate.SQL                        : 
    select
        e1_0.id,
        e1_0.id_creador,
        e1_0.descripcion,
        e1_0.fecha,
        e1_0.hora_fin,
        e1_0.hora_inicio,
        e1_0.lugar,
        e1_0.qr_expiracion,
        e1_0.qr_token,
        e1_0.titulo 
    from
        eventos e1_0 
    where
        e1_0.id=?
2026-05-12T00:22:52.589+02:00 DEBUG 25432 --- [EduRoom] [http-nio-8080-exec-9] o.s.w.s.m.m.a.HttpEntityMethodProcessor  : Using 'application/json', given [application/json, text/plain, */*] and supported [application/json, application/*+json]
2026-05-12T00:22:52.590+02:00 DEBUG 25432 --- [EduRoom] [http-nio-8080-exec-9] o.s.w.s.m.m.a.HttpEntityMethodProcessor  : Writing [com.eduroom.backend.model.Evento@6b7e0561]
2026-05-12T00:22:52.591+02:00 DEBUG 25432 --- [EduRoom] [http-nio-8080-exec-3] org.hibernate.SQL                        : 
    select
        a1_0.id,
        a1_0.id_evento,
        a1_0.nombre_alumno,
        a1_0.timestamp_checkin 
    from
        asistencias a1_0 
    where
        a1_0.id_evento=?
2026-05-12T00:22:52.591+02:00 DEBUG 25432 --- [EduRoom] [http-nio-8080-exec-9] org.hibernate.SQL                        : 
    select
        u1_0.id,
        u1_0.id_centro,
        u1_0.email,
        u1_0.nombre,
        u1_0.password_hash,
        u1_0.rol 
    from
        usuarios u1_0 
    where
        u1_0.id=?
2026-05-12T00:22:52.593+02:00 DEBUG 25432 --- [EduRoom] [http-nio-8080-exec-3] o.s.w.s.m.m.a.HttpEntityMethodProcessor  : Using 'application/json', given [application/json, text/plain, */*] and supported [application/json, application/*+json]
2026-05-12T00:22:52.593+02:00 DEBUG 25432 --- [EduRoom] [http-nio-8080-exec-9] org.hibernate.SQL                        : 
    select
        c1_0.id,
        c1_0.horario_fin,
        c1_0.horario_inicio,
        c1_0.nombre 
    from
        centros c1_0 
    where
        c1_0.id=?
2026-05-12T00:22:52.593+02:00 DEBUG 25432 --- [EduRoom] [http-nio-8080-exec-3] o.s.w.s.m.m.a.HttpEntityMethodProcessor  : Writing [[]]
2026-05-12T00:22:52.595+02:00 DEBUG 25432 --- [EduRoom] [http-nio-8080-exec-3] o.s.web.servlet.DispatcherServlet        : Completed 200 OK
2026-05-12T00:22:52.595+02:00 DEBUG 25432 --- [EduRoom] [http-nio-8080-exec-9] o.s.web.servlet.DispatcherServlet        : Completed 200 OK
2026-05-12T00:22:52.597+02:00 DEBUG 25432 --- [EduRoom] [http-nio-8080-exec-1] o.s.security.web.FilterChainProxy        : Securing GET /api/asistencia/evento/3
2026-05-12T00:22:52.597+02:00 DEBUG 25432 --- [EduRoom] [http-nio-8080-exec-6] o.s.security.web.FilterChainProxy        : Securing GET /api/eventos/3
2026-05-12T00:22:52.601+02:00 DEBUG 25432 --- [EduRoom] [http-nio-8080-exec-6] org.hibernate.SQL                        : 
    select
        u1_0.id,
        u1_0.id_centro,
        u1_0.email,
        u1_0.nombre,
        u1_0.password_hash,
        u1_0.rol 
    from
        usuarios u1_0 
    where
        u1_0.email=?
2026-05-12T00:22:52.601+02:00 DEBUG 25432 --- [EduRoom] [http-nio-8080-exec-1] org.hibernate.SQL                        : 
    select
        u1_0.id,
        u1_0.id_centro,
        u1_0.email,
        u1_0.nombre,
        u1_0.password_hash,
        u1_0.rol 
    from
        usuarios u1_0 
    where
        u1_0.email=?
2026-05-12T00:22:52.610+02:00 DEBUG 25432 --- [EduRoom] [http-nio-8080-exec-6] o.s.security.web.FilterChainProxy        : Secured GET /api/eventos/3
2026-05-12T00:22:52.610+02:00 DEBUG 25432 --- [EduRoom] [http-nio-8080-exec-1] o.s.security.web.FilterChainProxy        : Secured GET /api/asistencia/evento/3
2026-05-12T00:22:52.611+02:00 DEBUG 25432 --- [EduRoom] [http-nio-8080-exec-6] o.s.web.servlet.DispatcherServlet        : GET "/api/eventos/3", parameters={}
2026-05-12T00:22:52.611+02:00 DEBUG 25432 --- [EduRoom] [http-nio-8080-exec-1] o.s.web.servlet.DispatcherServlet        : GET "/api/asistencia/evento/3", parameters={}
2026-05-12T00:22:52.611+02:00 DEBUG 25432 --- [EduRoom] [http-nio-8080-exec-6] s.w.s.m.m.a.RequestMappingHandlerMapping : Mapped to com.eduroom.backend.controller.EventoController#getEventoById(Long)
2026-05-12T00:22:52.611+02:00 DEBUG 25432 --- [EduRoom] [http-nio-8080-exec-1] s.w.s.m.m.a.RequestMappingHandlerMapping : Mapped to com.eduroom.backend.controller.AsistenciaController#getAsistenciasPorEvento(Long)
2026-05-12T00:22:52.612+02:00 DEBUG 25432 --- [EduRoom] [http-nio-8080-exec-1] org.hibernate.SQL                        : 
    select
        e1_0.id,
        e1_0.id_creador,
        e1_0.descripcion,
        e1_0.fecha,
        e1_0.hora_fin,
        e1_0.hora_inicio,
        e1_0.lugar,
        e1_0.qr_expiracion,
        e1_0.qr_token,
        e1_0.titulo 
    from
        eventos e1_0 
    where
        e1_0.id=?
2026-05-12T00:22:52.613+02:00 DEBUG 25432 --- [EduRoom] [http-nio-8080-exec-6] org.hibernate.SQL                        : 
    select
        e1_0.id,
        e1_0.id_creador,
        e1_0.descripcion,
        e1_0.fecha,
        e1_0.hora_fin,
        e1_0.hora_inicio,
        e1_0.lugar,
        e1_0.qr_expiracion,
        e1_0.qr_token,
        e1_0.titulo 
    from
        eventos e1_0 
    where
        e1_0.id=?
2026-05-12T00:22:52.616+02:00 DEBUG 25432 --- [EduRoom] [http-nio-8080-exec-6] o.s.w.s.m.m.a.HttpEntityMethodProcessor  : Using 'application/json', given [application/json, text/plain, */*] and supported [application/json, application/*+json]
2026-05-12T00:22:52.616+02:00 DEBUG 25432 --- [EduRoom] [http-nio-8080-exec-6] o.s.w.s.m.m.a.HttpEntityMethodProcessor  : Writing [com.eduroom.backend.model.Evento@6e227aa6]
2026-05-12T00:22:52.616+02:00 DEBUG 25432 --- [EduRoom] [http-nio-8080-exec-1] org.hibernate.SQL                        : 
    select
        a1_0.id,
        a1_0.id_evento,
        a1_0.nombre_alumno,
        a1_0.timestamp_checkin 
    from
        asistencias a1_0 
    where
        a1_0.id_evento=?
2026-05-12T00:22:52.617+02:00 DEBUG 25432 --- [EduRoom] [http-nio-8080-exec-6] org.hibernate.SQL                        : 
    select
        u1_0.id,
        u1_0.id_centro,
        u1_0.email,
        u1_0.nombre,
        u1_0.password_hash,
        u1_0.rol 
    from
        usuarios u1_0 
    where
        u1_0.id=?
2026-05-12T00:22:52.619+02:00 DEBUG 25432 --- [EduRoom] [http-nio-8080-exec-1] o.s.w.s.m.m.a.HttpEntityMethodProcessor  : Using 'application/json', given [application/json, text/plain, */*] and supported [application/json, application/*+json]
2026-05-12T00:22:52.620+02:00 DEBUG 25432 --- [EduRoom] [http-nio-8080-exec-6] org.hibernate.SQL                        : 
    select
        c1_0.id,
        c1_0.horario_fin,
        c1_0.horario_inicio,
        c1_0.nombre 
    from
        centros c1_0 
    where
        c1_0.id=?
2026-05-12T00:22:52.621+02:00 DEBUG 25432 --- [EduRoom] [http-nio-8080-exec-1] o.s.w.s.m.m.a.HttpEntityMethodProcessor  : Writing [[]]
2026-05-12T00:22:52.622+02:00 DEBUG 25432 --- [EduRoom] [http-nio-8080-exec-1] o.s.web.servlet.DispatcherServlet        : Completed 200 OK
2026-05-12T00:22:52.623+02:00 DEBUG 25432 --- [EduRoom] [http-nio-8080-exec-6] o.s.web.servlet.DispatcherServlet        : Completed 200 OK
2026-05-12T00:26:16.766+02:00  INFO 17288 --- [EduRoom] [restartedMain] com.eduroom.backend.EduRoomApplication   : Starting EduRoomApplication using Java 21.0.10 with PID 17288 (C:\Users\gr1mm\Desktop\ESTUDIOS\PROYECTOS\EduRoom\EduRoom\backend\target\classes started by gr1mm in C:\Users\gr1mm\Desktop\ESTUDIOS\PROYECTOS\EduRoom\EduRoom)
2026-05-12T00:26:16.768+02:00 DEBUG 17288 --- [EduRoom] [restartedMain] com.eduroom.backend.EduRoomApplication   : Running with Spring Boot v3.2.0, Spring v6.1.1
2026-05-12T00:26:16.769+02:00  INFO 17288 --- [EduRoom] [restartedMain] com.eduroom.backend.EduRoomApplication   : No active profile set, falling back to 1 default profile: "default"
2026-05-12T00:26:16.771+02:00 DEBUG 17288 --- [EduRoom] [restartedMain] o.s.boot.SpringApplication               : Loading source class com.eduroom.backend.EduRoomApplication
2026-05-12T00:26:16.855+02:00 DEBUG 17288 --- [EduRoom] [restartedMain] o.s.b.devtools.restart.ChangeableUrls    : Matching URLs for reloading : [file:/C:/Users/gr1mm/Desktop/ESTUDIOS/PROYECTOS/EduRoom/EduRoom/backend/target/classes/]
2026-05-12T00:26:16.856+02:00 DEBUG 17288 --- [EduRoom] [restartedMain] o.s.b.d.settings.DevToolsSettings        : Included patterns for restart : []
2026-05-12T00:26:16.856+02:00 DEBUG 17288 --- [EduRoom] [restartedMain] o.s.b.d.settings.DevToolsSettings        : Excluded patterns for restart : [/spring-boot-starter-[\w-]+/, /spring-boot/(bin|build|out)/, /spring-boot-starter/(bin|build|out)/, /spring-boot-devtools/(bin|build|out)/, /spring-boot-actuator/(bin|build|out)/, /spring-boot-autoconfigure/(bin|build|out)/]
2026-05-12T00:26:16.857+02:00  INFO 17288 --- [EduRoom] [restartedMain] .e.DevToolsPropertyDefaultsPostProcessor : Devtools property defaults active! Set 'spring.devtools.add-properties' to 'false' to disable
2026-05-12T00:26:16.857+02:00  INFO 17288 --- [EduRoom] [restartedMain] .e.DevToolsPropertyDefaultsPostProcessor : For additional web related logging consider setting the 'logging.level.web' property to 'DEBUG'
2026-05-12T00:26:16.857+02:00 DEBUG 17288 --- [EduRoom] [restartedMain] ConfigServletWebServerApplicationContext : Refreshing org.springframework.boot.web.servlet.context.AnnotationConfigServletWebServerApplicationContext@4d7cee7f
2026-05-12T00:26:18.253+02:00  INFO 17288 --- [EduRoom] [restartedMain] .s.d.r.c.RepositoryConfigurationDelegate : Bootstrapping Spring Data JPA repositories in DEFAULT mode.
2026-05-12T00:26:18.300+02:00 DEBUG 17288 --- [EduRoom] [restartedMain] o.s.b.a.AutoConfigurationPackages        : @EnableAutoConfiguration was declared on a class in the package 'com.eduroom.backend'. Automatic @Repository and @Entity scanning is enabled.
2026-05-12T00:26:18.418+02:00  INFO 17288 --- [EduRoom] [restartedMain] .s.d.r.c.RepositoryConfigurationDelegate : Finished Spring Data repository scanning in 140 ms. Found 7 JPA repository interfaces.
2026-05-12T00:26:19.603+02:00 DEBUG 17288 --- [EduRoom] [restartedMain] .s.b.w.e.t.TomcatServletWebServerFactory : Code archive: C:\Users\gr1mm\.m2\repository\org\springframework\boot\spring-boot\3.2.0\spring-boot-3.2.0.jar
2026-05-12T00:26:19.604+02:00 DEBUG 17288 --- [EduRoom] [restartedMain] .s.b.w.e.t.TomcatServletWebServerFactory : Code archive: C:\Users\gr1mm\.m2\repository\org\springframework\boot\spring-boot\3.2.0\spring-boot-3.2.0.jar
2026-05-12T00:26:19.606+02:00 DEBUG 17288 --- [EduRoom] [restartedMain] .s.b.w.e.t.TomcatServletWebServerFactory : None of the document roots [src/main/webapp, public, static] point to a directory and will be ignored.
2026-05-12T00:26:19.674+02:00  INFO 17288 --- [EduRoom] [restartedMain] o.s.b.w.embedded.tomcat.TomcatWebServer  : Tomcat initialized with port 8080 (http)
2026-05-12T00:26:19.695+02:00  INFO 17288 --- [EduRoom] [restartedMain] o.apache.catalina.core.StandardService   : Starting service [Tomcat]
2026-05-12T00:26:19.696+02:00  INFO 17288 --- [EduRoom] [restartedMain] o.apache.catalina.core.StandardEngine    : Starting Servlet engine: [Apache Tomcat/10.1.16]
2026-05-12T00:26:19.815+02:00  INFO 17288 --- [EduRoom] [restartedMain] o.a.c.c.C.[Tomcat].[localhost].[/]       : Initializing Spring embedded WebApplicationContext
2026-05-12T00:26:19.815+02:00 DEBUG 17288 --- [EduRoom] [restartedMain] w.s.c.ServletWebServerApplicationContext : Published root WebApplicationContext as ServletContext attribute with name [org.springframework.web.context.WebApplicationContext.ROOT]
2026-05-12T00:26:19.815+02:00  INFO 17288 --- [EduRoom] [restartedMain] w.s.c.ServletWebServerApplicationContext : Root WebApplicationContext: initialization completed in 2958 ms
2026-05-12T00:26:20.065+02:00  INFO 17288 --- [EduRoom] [restartedMain] o.hibernate.jpa.internal.util.LogHelper  : HHH000204: Processing PersistenceUnitInfo [name: default]
2026-05-12T00:26:20.194+02:00  INFO 17288 --- [EduRoom] [restartedMain] org.hibernate.Version                    : HHH000412: Hibernate ORM core version 6.3.1.Final
2026-05-12T00:26:20.271+02:00  INFO 17288 --- [EduRoom] [restartedMain] o.h.c.internal.RegionFactoryInitiator    : HHH000026: Second-level cache disabled
2026-05-12T00:26:20.725+02:00  INFO 17288 --- [EduRoom] [restartedMain] o.s.o.j.p.SpringPersistenceUnitInfo      : No LoadTimeWeaver setup: ignoring JPA class transformer
2026-05-12T00:26:20.769+02:00  INFO 17288 --- [EduRoom] [restartedMain] com.zaxxer.hikari.HikariDataSource       : HikariPool-1 - Starting...
2026-05-12T00:26:20.962+02:00  INFO 17288 --- [EduRoom] [restartedMain] com.zaxxer.hikari.pool.HikariPool        : HikariPool-1 - Added connection org.mariadb.jdbc.Connection@2b9fbacb
2026-05-12T00:26:20.965+02:00  INFO 17288 --- [EduRoom] [restartedMain] com.zaxxer.hikari.HikariDataSource       : HikariPool-1 - Start completed.
2026-05-12T00:26:21.010+02:00  WARN 17288 --- [EduRoom] [restartedMain] org.hibernate.orm.deprecation            : HHH90000025: MariaDBDialect does not need to be specified explicitly using 'hibernate.dialect' (remove the property setting and it will be selected by default)
2026-05-12T00:26:22.399+02:00  INFO 17288 --- [EduRoom] [restartedMain] o.h.e.t.j.p.i.JtaPlatformInitiator       : HHH000489: No JTA platform available (set 'hibernate.transaction.jta.platform' to enable JTA platform integration)
2026-05-12T00:26:22.479+02:00  INFO 17288 --- [EduRoom] [restartedMain] j.LocalContainerEntityManagerFactoryBean : Initialized JPA EntityManagerFactory for persistence unit 'default'
2026-05-12T00:26:22.992+02:00 DEBUG 17288 --- [EduRoom] [restartedMain] o.s.b.w.s.ServletContextInitializerBeans : Mapping filters: springSecurityFilterChain urls=[/*] order=-100, characterEncodingFilter urls=[/*] order=-2147483648, formContentFilter urls=[/*] order=-9900, requestContextFilter urls=[/*] order=-105, jwtAuthenticationFilter urls=[/*] order=2147483647
2026-05-12T00:26:22.993+02:00 DEBUG 17288 --- [EduRoom] [restartedMain] o.s.b.w.s.ServletContextInitializerBeans : Mapping servlets: dispatcherServlet urls=[/]
2026-05-12T00:26:23.036+02:00 DEBUG 17288 --- [EduRoom] [restartedMain] o.s.b.w.s.f.OrderedRequestContextFilter  : Filter 'requestContextFilter' configured for use
2026-05-12T00:26:23.038+02:00 DEBUG 17288 --- [EduRoom] [restartedMain] c.e.b.config.JwtAuthenticationFilter     : Filter 'jwtAuthenticationFilter' configured for use
2026-05-12T00:26:23.039+02:00 DEBUG 17288 --- [EduRoom] [restartedMain] s.b.w.s.f.OrderedCharacterEncodingFilter : Filter 'characterEncodingFilter' configured for use
2026-05-12T00:26:23.039+02:00 DEBUG 17288 --- [EduRoom] [restartedMain] .DelegatingFilterProxyRegistrationBean$1 : Filter 'springSecurityFilterChain' configured for use
2026-05-12T00:26:23.039+02:00 DEBUG 17288 --- [EduRoom] [restartedMain] o.s.b.w.s.f.OrderedFormContentFilter     : Filter 'formContentFilter' configured for use
2026-05-12T00:26:23.317+02:00  WARN 17288 --- [EduRoom] [restartedMain] JpaBaseConfiguration$JpaWebConfiguration : spring.jpa.open-in-view is enabled by default. Therefore, database queries may be performed during view rendering. Explicitly configure spring.jpa.open-in-view to disable this warning
2026-05-12T00:26:23.351+02:00  WARN 17288 --- [EduRoom] [restartedMain] .s.s.UserDetailsServiceAutoConfiguration : 

Using generated security password: 7d7d29b8-de5d-4700-9b60-0dfb41c237fc

This generated password is for development use only. Your security configuration must be updated before running your application in production.

2026-05-12T00:26:23.666+02:00 DEBUG 17288 --- [EduRoom] [restartedMain] s.w.s.m.m.a.RequestMappingHandlerMapping : 27 mappings in 'requestMappingHandlerMapping'
2026-05-12T00:26:23.787+02:00 DEBUG 17288 --- [EduRoom] [restartedMain] o.s.w.s.handler.SimpleUrlHandlerMapping  : Patterns [/webjars/**, /**] in 'resourceHandlerMapping'
2026-05-12T00:26:23.850+02:00  INFO 17288 --- [EduRoom] [restartedMain] o.s.s.web.DefaultSecurityFilterChain     : Will secure any request with [org.springframework.security.web.session.DisableEncodeUrlFilter@4e47ea99, org.springframework.security.web.context.request.async.WebAsyncManagerIntegrationFilter@3753ca4f, org.springframework.security.web.context.SecurityContextHolderFilter@2002cde2, org.springframework.security.web.header.HeaderWriterFilter@2167d060, org.springframework.web.filter.CorsFilter@6f38e0eb, org.springframework.security.web.authentication.logout.LogoutFilter@61ee1465, com.eduroom.backend.config.JwtAuthenticationFilter@45ca506f, org.springframework.security.web.savedrequest.RequestCacheAwareFilter@39dde282, org.springframework.security.web.servletapi.SecurityContextHolderAwareRequestFilter@5ab369b4, org.springframework.security.web.authentication.AnonymousAuthenticationFilter@4de0654, org.springframework.security.web.session.SessionManagementFilter@237ac387, org.springframework.security.web.access.ExceptionTranslationFilter@4e159fab, org.springframework.security.web.access.intercept.AuthorizationFilter@14f044a]
2026-05-12T00:26:23.965+02:00 DEBUG 17288 --- [EduRoom] [restartedMain] s.w.s.m.m.a.RequestMappingHandlerAdapter : ControllerAdvice beans: 0 @ModelAttribute, 0 @InitBinder, 1 RequestBodyAdvice, 1 ResponseBodyAdvice
2026-05-12T00:26:24.019+02:00 DEBUG 17288 --- [EduRoom] [restartedMain] .m.m.a.ExceptionHandlerExceptionResolver : ControllerAdvice beans: 0 @ExceptionHandler, 1 ResponseBodyAdvice
2026-05-12T00:26:24.072+02:00  WARN 17288 --- [EduRoom] [restartedMain] ion$DefaultTemplateResolverConfiguration : Cannot find template location: classpath:/templates/ (please add some templates, check your Thymeleaf configuration, or set spring.thymeleaf.check-template-location=false)
2026-05-12T00:26:24.249+02:00 DEBUG 17288 --- [EduRoom] [restartedMain] o.s.b.d.livereload.LiveReloadServer      : Starting live reload server on port 35729
2026-05-12T00:26:24.251+02:00  INFO 17288 --- [EduRoom] [restartedMain] o.s.b.d.a.OptionalLiveReloadServer       : LiveReload server is running on port 35729
2026-05-12T00:26:24.303+02:00  INFO 17288 --- [EduRoom] [restartedMain] o.s.b.w.embedded.tomcat.TomcatWebServer  : Tomcat started on port 8080 (http) with context path ''
2026-05-12T00:26:24.326+02:00 DEBUG 17288 --- [EduRoom] [restartedMain] .s.b.a.l.ConditionEvaluationReportLogger : 


============================
CONDITIONS EVALUATION REPORT
============================


Positive matches:
-----------------

   AopAutoConfiguration matched:
      - @ConditionalOnProperty (spring.aop.auto=true) matched (OnPropertyCondition)

   AopAutoConfiguration.AspectJAutoProxyingConfiguration matched:
      - @ConditionalOnClass found required class 'org.aspectj.weaver.Advice' (OnClassCondition)

   AopAutoConfiguration.AspectJAutoProxyingConfiguration.CglibAutoProxyConfiguration matched:
      - @ConditionalOnProperty (spring.aop.proxy-target-class=true) matched (OnPropertyCondition)

   ApplicationAvailabilityAutoConfiguration#applicationAvailability matched:
      - @ConditionalOnMissingBean (types: org.springframework.boot.availability.ApplicationAvailability; SearchStrategy: all) did not find any beans (OnBeanCondition)

   DataSourceAutoConfiguration matched:
      - @ConditionalOnClass found required classes 'javax.sql.DataSource', 'org.springframework.jdbc.datasource.embedded.EmbeddedDatabaseType' (OnClassCondition)
      - @ConditionalOnMissingBean (types: io.r2dbc.spi.ConnectionFactory; SearchStrategy: all) did not find any beans (OnBeanCondition)

   DataSourceAutoConfiguration.PooledDataSourceConfiguration matched:
      - AnyNestedCondition 1 matched 1 did not; NestedCondition on DataSourceAutoConfiguration.PooledDataSourceCondition.PooledDataSourceAvailable PooledDataSource found supported DataSource; NestedCondition on DataSourceAutoConfiguration.PooledDataSourceCondition.ExplicitType @ConditionalOnProperty (spring.datasource.type) did not find property 'type' (DataSourceAutoConfiguration.PooledDataSourceCondition)
      - @ConditionalOnMissingBean (types: javax.sql.DataSource,javax.sql.XADataSource; SearchStrategy: all) did not find any beans (OnBeanCondition)

   DataSourceAutoConfiguration.PooledDataSourceConfiguration#jdbcConnectionDetails matched:
      - @ConditionalOnMissingBean (types: org.springframework.boot.autoconfigure.jdbc.JdbcConnectionDetails; SearchStrategy: all) did not find any beans (OnBeanCondition)

   DataSourceConfiguration.Hikari matched:
      - @ConditionalOnClass found required class 'com.zaxxer.hikari.HikariDataSource' (OnClassCondition)
      - @ConditionalOnProperty (spring.datasource.type=com.zaxxer.hikari.HikariDataSource) matched (OnPropertyCondition)
      - @ConditionalOnMissingBean (types: javax.sql.DataSource; SearchStrategy: all) did not find any beans (OnBeanCondition)

   DataSourceInitializationConfiguration matched:
      - @ConditionalOnClass found required class 'org.springframework.jdbc.datasource.init.DatabasePopulator' (OnClassCondition)
      - @ConditionalOnSingleCandidate (types: javax.sql.DataSource; SearchStrategy: all) found a single bean 'dataSource'; @ConditionalOnMissingBean (types: org.springframework.boot.autoconfigure.sql.init.SqlDataSourceScriptDatabaseInitializer,org.springframework.boot.autoconfigure.sql.init.SqlR2dbcScriptDatabaseInitializer; SearchStrategy: all) did not find any beans (OnBeanCondition)

   DataSourceJmxConfiguration matched:
      - @ConditionalOnProperty (spring.jmx.enabled=true) matched (OnPropertyCondition)

   DataSourceJmxConfiguration.Hikari matched:
      - @ConditionalOnClass found required class 'com.zaxxer.hikari.HikariDataSource' (OnClassCondition)
      - @ConditionalOnSingleCandidate (types: javax.sql.DataSource; SearchStrategy: all) found a single bean 'dataSource' (OnBeanCondition)

   DataSourcePoolMetadataProvidersConfiguration.HikariPoolDataSourceMetadataProviderConfiguration matched:
      - @ConditionalOnClass found required class 'com.zaxxer.hikari.HikariDataSource' (OnClassCondition)

   DataSourceTransactionManagerAutoConfiguration matched:
      - @ConditionalOnClass found required classes 'org.springframework.jdbc.core.JdbcTemplate', 'org.springframework.transaction.TransactionManager' (OnClassCondition)

   DataSourceTransactionManagerAutoConfiguration.JdbcTransactionManagerConfiguration matched:
      - @ConditionalOnSingleCandidate (types: javax.sql.DataSource; SearchStrategy: all) found a single bean 'dataSource' (OnBeanCondition)

   DevToolsDataSourceAutoConfiguration matched:
      - Devtools devtools enabled. (OnEnabledDevToolsCondition)
      - DevTools DataSource Condition found auto-configured DataSource (DevToolsDataSourceAutoConfiguration.DevToolsDataSourceCondition)

   DevToolsDataSourceAutoConfiguration.DatabaseShutdownExecutorEntityManagerFactoryDependsOnPostProcessor matched:
      - @ConditionalOnClass found required class 'org.springframework.orm.jpa.LocalContainerEntityManagerFactoryBean' (OnClassCondition)
      - @ConditionalOnBean (types: org.springframework.orm.jpa.AbstractEntityManagerFactoryBean; SearchStrategy: all) found bean '&entityManagerFactory' (OnBeanCondition)

   DispatcherServletAutoConfiguration matched:
      - @ConditionalOnClass found required class 'org.springframework.web.servlet.DispatcherServlet' (OnClassCondition)
      - found 'session' scope (OnWebApplicationCondition)

   DispatcherServletAutoConfiguration.DispatcherServletConfiguration matched:
      - @ConditionalOnClass found required class 'jakarta.servlet.ServletRegistration' (OnClassCondition)
      - Default DispatcherServlet did not find dispatcher servlet beans (DispatcherServletAutoConfiguration.DefaultDispatcherServletCondition)

   DispatcherServletAutoConfiguration.DispatcherServletRegistrationConfiguration matched:
      - @ConditionalOnClass found required class 'jakarta.servlet.ServletRegistration' (OnClassCondition)
      - DispatcherServlet Registration did not find servlet registration bean (DispatcherServletAutoConfiguration.DispatcherServletRegistrationCondition)

   DispatcherServletAutoConfiguration.DispatcherServletRegistrationConfiguration#dispatcherServletRegistration matched:
      - @ConditionalOnBean (names: dispatcherServlet types: org.springframework.web.servlet.DispatcherServlet; SearchStrategy: all) found bean 'dispatcherServlet' (OnBeanCondition)

   EmbeddedWebServerFactoryCustomizerAutoConfiguration matched:
      - @ConditionalOnWebApplication (required) found 'session' scope (OnWebApplicationCondition)
      - @ConditionalOnWarDeployment the application is not deployed as a WAR file. (OnWarDeploymentCondition)

   EmbeddedWebServerFactoryCustomizerAutoConfiguration.TomcatWebServerFactoryCustomizerConfiguration matched:
      - @ConditionalOnClass found required classes 'org.apache.catalina.startup.Tomcat', 'org.apache.coyote.UpgradeProtocol' (OnClassCondition)

   ErrorMvcAutoConfiguration matched:
      - @ConditionalOnClass found required classes 'jakarta.servlet.Servlet', 'org.springframework.web.servlet.DispatcherServlet' (OnClassCondition)
      - found 'session' scope (OnWebApplicationCondition)

   ErrorMvcAutoConfiguration#basicErrorController matched:
      - @ConditionalOnMissingBean (types: org.springframework.boot.web.servlet.error.ErrorController; SearchStrategy: current) did not find any beans (OnBeanCondition)

   ErrorMvcAutoConfiguration#errorAttributes matched:
      - @ConditionalOnMissingBean (types: org.springframework.boot.web.servlet.error.ErrorAttributes; SearchStrategy: current) did not find any beans (OnBeanCondition)

   ErrorMvcAutoConfiguration.DefaultErrorViewResolverConfiguration#conventionErrorViewResolver matched:
      - @ConditionalOnBean (types: org.springframework.web.servlet.DispatcherServlet; SearchStrategy: all) found bean 'dispatcherServlet'; @ConditionalOnMissingBean (types: org.springframework.boot.autoconfigure.web.servlet.error.ErrorViewResolver; SearchStrategy: all) did not find any beans (OnBeanCondition)

   ErrorMvcAutoConfiguration.WhitelabelErrorViewConfiguration matched:
      - @ConditionalOnProperty (server.error.whitelabel.enabled) matched (OnPropertyCondition)
      - ErrorTemplate Missing did not find error template view (ErrorMvcAutoConfiguration.ErrorTemplateMissingCondition)

   ErrorMvcAutoConfiguration.WhitelabelErrorViewConfiguration#beanNameViewResolver matched:
      - @ConditionalOnMissingBean (types: org.springframework.web.servlet.view.BeanNameViewResolver; SearchStrategy: all) did not find any beans (OnBeanCondition)

   ErrorMvcAutoConfiguration.WhitelabelErrorViewConfiguration#defaultErrorView matched:
      - @ConditionalOnMissingBean (names: error; SearchStrategy: all) did not find any beans (OnBeanCondition)

   GenericCacheConfiguration matched:
      - Cache org.springframework.boot.autoconfigure.cache.GenericCacheConfiguration automatic cache type (CacheCondition)

   HibernateJpaAutoConfiguration matched:
      - @ConditionalOnClass found required classes 'org.springframework.orm.jpa.LocalContainerEntityManagerFactoryBean', 'jakarta.persistence.EntityManager', 'org.hibernate.engine.spi.SessionImplementor' (OnClassCondition)

   HibernateJpaConfiguration matched:
      - @ConditionalOnSingleCandidate (types: javax.sql.DataSource; SearchStrategy: all) found a single bean 'dataSource' (OnBeanCondition)

   HttpEncodingAutoConfiguration matched:
      - @ConditionalOnClass found required class 'org.springframework.web.filter.CharacterEncodingFilter' (OnClassCondition)
      - found 'session' scope (OnWebApplicationCondition)
      - @ConditionalOnProperty (server.servlet.encoding.enabled) matched (OnPropertyCondition)

   HttpEncodingAutoConfiguration#characterEncodingFilter matched:
      - @ConditionalOnMissingBean (types: org.springframework.web.filter.CharacterEncodingFilter; SearchStrategy: all) did not find any beans (OnBeanCondition)

   HttpMessageConvertersAutoConfiguration matched:
      - @ConditionalOnClass found required class 'org.springframework.http.converter.HttpMessageConverter' (OnClassCondition)
      - NoneNestedConditions 0 matched 1 did not; NestedCondition on HttpMessageConvertersAutoConfiguration.NotReactiveWebApplicationCondition.ReactiveWebApplication did not find reactive web application classes (HttpMessageConvertersAutoConfiguration.NotReactiveWebApplicationCondition)

   HttpMessageConvertersAutoConfiguration#messageConverters matched:
      - @ConditionalOnMissingBean (types: org.springframework.boot.autoconfigure.http.HttpMessageConverters; SearchStrategy: all) did not find any beans (OnBeanCondition)

   HttpMessageConvertersAutoConfiguration.StringHttpMessageConverterConfiguration matched:
      - @ConditionalOnClass found required class 'org.springframework.http.converter.StringHttpMessageConverter' (OnClassCondition)

   HttpMessageConvertersAutoConfiguration.StringHttpMessageConverterConfiguration#stringHttpMessageConverter matched:
      - @ConditionalOnMissingBean (types: org.springframework.http.converter.StringHttpMessageConverter; SearchStrategy: all) did not find any beans (OnBeanCondition)

   JacksonAutoConfiguration matched:
      - @ConditionalOnClass found required class 'com.fasterxml.jackson.databind.ObjectMapper' (OnClassCondition)

   JacksonAutoConfiguration.Jackson2ObjectMapperBuilderCustomizerConfiguration matched:
      - @ConditionalOnClass found required class 'org.springframework.http.converter.json.Jackson2ObjectMapperBuilder' (OnClassCondition)

   JacksonAutoConfiguration.JacksonObjectMapperBuilderConfiguration matched:
      - @ConditionalOnClass found required class 'org.springframework.http.converter.json.Jackson2ObjectMapperBuilder' (OnClassCondition)

   JacksonAutoConfiguration.JacksonObjectMapperBuilderConfiguration#jacksonObjectMapperBuilder matched:
      - @ConditionalOnMissingBean (types: org.springframework.http.converter.json.Jackson2ObjectMapperBuilder; SearchStrategy: all) did not find any beans (OnBeanCondition)

   JacksonAutoConfiguration.JacksonObjectMapperConfiguration matched:
      - @ConditionalOnClass found required class 'org.springframework.http.converter.json.Jackson2ObjectMapperBuilder' (OnClassCondition)

   JacksonAutoConfiguration.JacksonObjectMapperConfiguration#jacksonObjectMapper matched:
      - @ConditionalOnMissingBean (types: com.fasterxml.jackson.databind.ObjectMapper; SearchStrategy: all) did not find any beans (OnBeanCondition)

   JacksonAutoConfiguration.ParameterNamesModuleConfiguration matched:
      - @ConditionalOnClass found required class 'com.fasterxml.jackson.module.paramnames.ParameterNamesModule' (OnClassCondition)

   JacksonAutoConfiguration.ParameterNamesModuleConfiguration#parameterNamesModule matched:
      - @ConditionalOnMissingBean (types: com.fasterxml.jackson.module.paramnames.ParameterNamesModule; SearchStrategy: all) did not find any beans (OnBeanCondition)

   JacksonHttpMessageConvertersConfiguration.MappingJackson2HttpMessageConverterConfiguration matched:
      - @ConditionalOnClass found required class 'com.fasterxml.jackson.databind.ObjectMapper' (OnClassCondition)
      - @ConditionalOnProperty (spring.mvc.converters.preferred-json-mapper=jackson) matched (OnPropertyCondition)
      - @ConditionalOnBean (types: com.fasterxml.jackson.databind.ObjectMapper; SearchStrategy: all) found bean 'jacksonObjectMapper' (OnBeanCondition)

   JacksonHttpMessageConvertersConfiguration.MappingJackson2HttpMessageConverterConfiguration#mappingJackson2HttpMessageConverter matched:
      - @ConditionalOnMissingBean (types: org.springframework.http.converter.json.MappingJackson2HttpMessageConverter ignored: org.springframework.hateoas.server.mvc.TypeConstrainedMappingJackson2HttpMessageConverter,org.springframework.data.rest.webmvc.alps.AlpsJsonHttpMessageConverter; SearchStrategy: all) did not find any beans (OnBeanCondition)

   JdbcClientAutoConfiguration matched:
      - @ConditionalOnSingleCandidate (types: org.springframework.jdbc.core.namedparam.NamedParameterJdbcTemplate; SearchStrategy: all) found a single bean 'namedParameterJdbcTemplate'; @ConditionalOnMissingBean (types: org.springframework.jdbc.core.simple.JdbcClient; SearchStrategy: all) did not find any beans (OnBeanCondition)

   JdbcTemplateAutoConfiguration matched:
      - @ConditionalOnClass found required classes 'javax.sql.DataSource', 'org.springframework.jdbc.core.JdbcTemplate' (OnClassCondition)
      - @ConditionalOnSingleCandidate (types: javax.sql.DataSource; SearchStrategy: all) found a single bean 'dataSource' (OnBeanCondition)

   JdbcTemplateConfiguration matched:
      - @ConditionalOnMissingBean (types: org.springframework.jdbc.core.JdbcOperations; SearchStrategy: all) did not find any beans (OnBeanCondition)

   JpaBaseConfiguration#entityManagerFactory matched:
      - @ConditionalOnMissingBean (types: org.springframework.orm.jpa.LocalContainerEntityManagerFactoryBean,jakarta.persistence.EntityManagerFactory; SearchStrategy: all) did not find any beans (OnBeanCondition)

   JpaBaseConfiguration#entityManagerFactoryBuilder matched:
      - @ConditionalOnMissingBean (types: org.springframework.boot.orm.jpa.EntityManagerFactoryBuilder; SearchStrategy: all) did not find any beans (OnBeanCondition)

   JpaBaseConfiguration#jpaVendorAdapter matched:
      - @ConditionalOnMissingBean (types: org.springframework.orm.jpa.JpaVendorAdapter; SearchStrategy: all) did not find any beans (OnBeanCondition)

   JpaBaseConfiguration#transactionManager matched:
      - @ConditionalOnMissingBean (types: org.springframework.transaction.TransactionManager; SearchStrategy: all) did not find any beans (OnBeanCondition)

   JpaBaseConfiguration.JpaWebConfiguration matched:
      - @ConditionalOnClass found required class 'org.springframework.web.servlet.config.annotation.WebMvcConfigurer' (OnClassCondition)
      - found 'session' scope (OnWebApplicationCondition)
      - @ConditionalOnProperty (spring.jpa.open-in-view=true) matched (OnPropertyCondition)
      - @ConditionalOnMissingBean (types: org.springframework.orm.jpa.support.OpenEntityManagerInViewInterceptor,org.springframework.orm.jpa.support.OpenEntityManagerInViewFilter; SearchStrategy: all) did not find any beans (OnBeanCondition)

   JpaBaseConfiguration.PersistenceManagedTypesConfiguration matched:
      - @ConditionalOnMissingBean (types: org.springframework.orm.jpa.LocalContainerEntityManagerFactoryBean,jakarta.persistence.EntityManagerFactory; SearchStrategy: all) did not find any beans (OnBeanCondition)

   JpaBaseConfiguration.PersistenceManagedTypesConfiguration#persistenceManagedTypes matched:
      - @ConditionalOnMissingBean (types: org.springframework.orm.jpa.persistenceunit.PersistenceManagedTypes; SearchStrategy: all) did not find any beans (OnBeanCondition)

   JpaRepositoriesAutoConfiguration matched:
      - @ConditionalOnClass found required class 'org.springframework.data.jpa.repository.JpaRepository' (OnClassCondition)
      - @ConditionalOnProperty (spring.data.jpa.repositories.enabled=true) matched (OnPropertyCondition)
      - @ConditionalOnBean (types: javax.sql.DataSource; SearchStrategy: all) found bean 'dataSource'; @ConditionalOnMissingBean (types: org.springframework.data.jpa.repository.support.JpaRepositoryFactoryBean,org.springframework.data.jpa.repository.config.JpaRepositoryConfigExtension; SearchStrategy: all) did not find any beans (OnBeanCondition)

   JtaAutoConfiguration matched:
      - @ConditionalOnClass found required class 'jakarta.transaction.Transaction' (OnClassCondition)
      - @ConditionalOnProperty (spring.jta.enabled) matched (OnPropertyCondition)

   LifecycleAutoConfiguration#defaultLifecycleProcessor matched:
      - @ConditionalOnMissingBean (names: lifecycleProcessor; SearchStrategy: current) did not find any beans (OnBeanCondition)

   LocalDevToolsAutoConfiguration matched:
      - Initialized Restarter Condition available and initialized (OnInitializedRestarterCondition)

   LocalDevToolsAutoConfiguration.LiveReloadConfiguration matched:
      - @ConditionalOnProperty (spring.devtools.livereload.enabled) matched (OnPropertyCondition)

   LocalDevToolsAutoConfiguration.LiveReloadConfiguration#liveReloadServer matched:
      - @ConditionalOnMissingBean (types: org.springframework.boot.devtools.livereload.LiveReloadServer; SearchStrategy: all) did not find any beans (OnBeanCondition)

   LocalDevToolsAutoConfiguration.RestartConfiguration matched:
      - @ConditionalOnProperty (spring.devtools.restart.enabled) matched (OnPropertyCondition)

   LocalDevToolsAutoConfiguration.RestartConfiguration#classPathFileSystemWatcher matched:
      - @ConditionalOnMissingBean (types: org.springframework.boot.devtools.classpath.ClassPathFileSystemWatcher; SearchStrategy: all) did not find any beans (OnBeanCondition)

   LocalDevToolsAutoConfiguration.RestartConfiguration#classPathRestartStrategy matched:
      - @ConditionalOnMissingBean (types: org.springframework.boot.devtools.classpath.ClassPathRestartStrategy; SearchStrategy: all) did not find any beans (OnBeanCondition)

   LocalDevToolsAutoConfiguration.RestartConfiguration#conditionEvaluationDeltaLoggingListener matched:
      - @ConditionalOnProperty (spring.devtools.restart.log-condition-evaluation-delta) matched (OnPropertyCondition)

   MultipartAutoConfiguration matched:
      - @ConditionalOnClass found required classes 'jakarta.servlet.Servlet', 'org.springframework.web.multipart.support.StandardServletMultipartResolver', 'jakarta.servlet.MultipartConfigElement' (OnClassCondition)
      - found 'session' scope (OnWebApplicationCondition)
      - @ConditionalOnProperty (spring.servlet.multipart.enabled) matched (OnPropertyCondition)

   MultipartAutoConfiguration#multipartConfigElement matched:
      - @ConditionalOnMissingBean (types: jakarta.servlet.MultipartConfigElement; SearchStrategy: all) did not find any beans (OnBeanCondition)

   MultipartAutoConfiguration#multipartResolver matched:
      - @ConditionalOnMissingBean (types: org.springframework.web.multipart.MultipartResolver; SearchStrategy: all) did not find any beans (OnBeanCondition)

   NamedParameterJdbcTemplateConfiguration matched:
      - @ConditionalOnSingleCandidate (types: org.springframework.jdbc.core.JdbcTemplate; SearchStrategy: all) found a single bean 'jdbcTemplate'; @ConditionalOnMissingBean (types: org.springframework.jdbc.core.namedparam.NamedParameterJdbcOperations; SearchStrategy: all) did not find any beans (OnBeanCondition)

   NoOpCacheConfiguration matched:
      - Cache org.springframework.boot.autoconfigure.cache.NoOpCacheConfiguration automatic cache type (CacheCondition)

   PersistenceExceptionTranslationAutoConfiguration matched:
      - @ConditionalOnClass found required class 'org.springframework.dao.annotation.PersistenceExceptionTranslationPostProcessor' (OnClassCondition)

   PersistenceExceptionTranslationAutoConfiguration#persistenceExceptionTranslationPostProcessor matched:
      - @ConditionalOnProperty (spring.dao.exceptiontranslation.enabled) matched (OnPropertyCondition)
      - @ConditionalOnMissingBean (types: org.springframework.dao.annotation.PersistenceExceptionTranslationPostProcessor; SearchStrategy: all) did not find any beans (OnBeanCondition)

   PropertyPlaceholderAutoConfiguration#propertySourcesPlaceholderConfigurer matched:
      - @ConditionalOnMissingBean (types: org.springframework.context.support.PropertySourcesPlaceholderConfigurer; SearchStrategy: current) did not find any beans (OnBeanCondition)

   RestClientAutoConfiguration matched:
      - @ConditionalOnClass found required class 'org.springframework.web.client.RestClient' (OnClassCondition)
      - NoneNestedConditions 0 matched 1 did not; NestedCondition on NotReactiveWebApplicationCondition.ReactiveWebApplication did not find reactive web application classes (NotReactiveWebApplicationCondition)

   RestClientAutoConfiguration#httpMessageConvertersRestClientCustomizer matched:
      - @ConditionalOnMissingBean (types: org.springframework.boot.autoconfigure.web.client.HttpMessageConvertersRestClientCustomizer; SearchStrategy: all) did not find any beans (OnBeanCondition)

   RestClientAutoConfiguration#restClientBuilder matched:
      - @ConditionalOnMissingBean (types: org.springframework.web.client.RestClient$Builder; SearchStrategy: all) did not find any beans (OnBeanCondition)

   RestClientAutoConfiguration#restClientBuilderConfigurer matched:
      - @ConditionalOnMissingBean (types: org.springframework.boot.autoconfigure.web.client.RestClientBuilderConfigurer; SearchStrategy: all) did not find any beans (OnBeanCondition)

   RestClientAutoConfiguration#restClientSsl matched:
      - @ConditionalOnBean (types: org.springframework.boot.ssl.SslBundles; SearchStrategy: all) found bean 'sslBundleRegistry'; @ConditionalOnMissingBean (types: org.springframework.boot.autoconfigure.web.client.RestClientSsl; SearchStrategy: all) did not find any beans (OnBeanCondition)

   RestTemplateAutoConfiguration matched:
      - @ConditionalOnClass found required class 'org.springframework.web.client.RestTemplate' (OnClassCondition)
      - NoneNestedConditions 0 matched 1 did not; NestedCondition on NotReactiveWebApplicationCondition.ReactiveWebApplication did not find reactive web application classes (NotReactiveWebApplicationCondition)

   RestTemplateAutoConfiguration#restTemplateBuilder matched:
      - @ConditionalOnMissingBean (types: org.springframework.boot.web.client.RestTemplateBuilder; SearchStrategy: all) did not find any beans (OnBeanCondition)

   SecurityAutoConfiguration matched:
      - @ConditionalOnClass found required class 'org.springframework.security.authentication.DefaultAuthenticationEventPublisher' (OnClassCondition)

   SecurityAutoConfiguration#authenticationEventPublisher matched:
      - @ConditionalOnMissingBean (types: org.springframework.security.authentication.AuthenticationEventPublisher; SearchStrategy: all) did not find any beans (OnBeanCondition)

   SecurityFilterAutoConfiguration matched:
      - @ConditionalOnClass found required classes 'org.springframework.security.web.context.AbstractSecurityWebApplicationInitializer', 'org.springframework.security.config.http.SessionCreationPolicy' (OnClassCondition)
      - found 'session' scope (OnWebApplicationCondition)

   SecurityFilterAutoConfiguration#securityFilterChainRegistration matched:
      - @ConditionalOnBean (names: springSecurityFilterChain; SearchStrategy: all) found bean 'springSecurityFilterChain' (OnBeanCondition)

   ServletWebServerFactoryAutoConfiguration matched:
      - @ConditionalOnClass found required class 'jakarta.servlet.ServletRequest' (OnClassCondition)
      - found 'session' scope (OnWebApplicationCondition)

   ServletWebServerFactoryAutoConfiguration#tomcatServletWebServerFactoryCustomizer matched:
      - @ConditionalOnClass found required class 'org.apache.catalina.startup.Tomcat' (OnClassCondition)

   ServletWebServerFactoryConfiguration.EmbeddedTomcat matched:
      - @ConditionalOnClass found required classes 'jakarta.servlet.Servlet', 'org.apache.catalina.startup.Tomcat', 'org.apache.coyote.UpgradeProtocol' (OnClassCondition)
      - @ConditionalOnMissingBean (types: org.springframework.boot.web.servlet.server.ServletWebServerFactory; SearchStrategy: current) did not find any beans (OnBeanCondition)

   SimpleCacheConfiguration matched:
      - Cache org.springframework.boot.autoconfigure.cache.SimpleCacheConfiguration automatic cache type (CacheCondition)

   SpringBootWebSecurityConfiguration matched:
      - found 'session' scope (OnWebApplicationCondition)

   SpringDataWebAutoConfiguration matched:
      - @ConditionalOnClass found required classes 'org.springframework.data.web.PageableHandlerMethodArgumentResolver', 'org.springframework.web.servlet.config.annotation.WebMvcConfigurer' (OnClassCondition)
      - found 'session' scope (OnWebApplicationCondition)
      - @ConditionalOnMissingBean (types: org.springframework.data.web.PageableHandlerMethodArgumentResolver; SearchStrategy: all) did not find any beans (OnBeanCondition)

   SpringDataWebAutoConfiguration#pageableCustomizer matched:
      - @ConditionalOnMissingBean (types: org.springframework.data.web.config.PageableHandlerMethodArgumentResolverCustomizer; SearchStrategy: all) did not find any beans (OnBeanCondition)

   SpringDataWebAutoConfiguration#sortCustomizer matched:
      - @ConditionalOnMissingBean (types: org.springframework.data.web.config.SortHandlerMethodArgumentResolverCustomizer; SearchStrategy: all) did not find any beans (OnBeanCondition)

   SqlInitializationAutoConfiguration matched:
      - @ConditionalOnProperty (spring.sql.init.enabled) matched (OnPropertyCondition)
      - NoneNestedConditions 0 matched 1 did not; NestedCondition on SqlInitializationAutoConfiguration.SqlInitializationModeCondition.ModeIsNever @ConditionalOnProperty (spring.sql.init.mode=never) did not find property 'mode' (SqlInitializationAutoConfiguration.SqlInitializationModeCondition)

   SslAutoConfiguration#sslBundleRegistry matched:
      - @ConditionalOnMissingBean (types: org.springframework.boot.ssl.SslBundleRegistry,org.springframework.boot.ssl.SslBundles; SearchStrategy: all) did not find any beans (OnBeanCondition)

   TaskExecutionAutoConfiguration matched:
      - @ConditionalOnClass found required class 'org.springframework.scheduling.concurrent.ThreadPoolTaskExecutor' (OnClassCondition)

   TaskExecutorConfigurations.SimpleAsyncTaskExecutorBuilderConfiguration#simpleAsyncTaskExecutorBuilder matched:
      - @ConditionalOnMissingBean (types: org.springframework.boot.task.SimpleAsyncTaskExecutorBuilder; SearchStrategy: all) did not find any beans (OnBeanCondition)
      - @ConditionalOnThreading found PLATFORM (OnThreadingCondition)

   TaskExecutorConfigurations.TaskExecutorBuilderConfiguration#taskExecutorBuilder matched:
      - @ConditionalOnMissingBean (types: org.springframework.boot.task.TaskExecutorBuilder; SearchStrategy: all) did not find any beans (OnBeanCondition)

   TaskExecutorConfigurations.TaskExecutorConfiguration matched:
      - @ConditionalOnMissingBean (types: java.util.concurrent.Executor; SearchStrategy: all) did not find any beans (OnBeanCondition)

   TaskExecutorConfigurations.TaskExecutorConfiguration#applicationTaskExecutor matched:
      - @ConditionalOnThreading found PLATFORM (OnThreadingCondition)

   TaskExecutorConfigurations.ThreadPoolTaskExecutorBuilderConfiguration#threadPoolTaskExecutorBuilder matched:
      - @ConditionalOnMissingBean (types: org.springframework.boot.task.TaskExecutorBuilder,org.springframework.boot.task.ThreadPoolTaskExecutorBuilder; SearchStrategy: all) did not find any beans (OnBeanCondition)

   TaskSchedulingAutoConfiguration matched:
      - @ConditionalOnClass found required class 'org.springframework.scheduling.concurrent.ThreadPoolTaskScheduler' (OnClassCondition)

   TaskSchedulingConfigurations.SimpleAsyncTaskSchedulerBuilderConfiguration#simpleAsyncTaskSchedulerBuilder matched:
      - @ConditionalOnMissingBean (types: org.springframework.boot.task.SimpleAsyncTaskSchedulerBuilder; SearchStrategy: all) did not find any beans (OnBeanCondition)
      - @ConditionalOnThreading found PLATFORM (OnThreadingCondition)

   TaskSchedulingConfigurations.TaskSchedulerBuilderConfiguration#taskSchedulerBuilder matched:
      - @ConditionalOnMissingBean (types: org.springframework.boot.task.TaskSchedulerBuilder; SearchStrategy: all) did not find any beans (OnBeanCondition)

   TaskSchedulingConfigurations.ThreadPoolTaskSchedulerBuilderConfiguration#threadPoolTaskSchedulerBuilder matched:
      - @ConditionalOnMissingBean (types: org.springframework.boot.task.TaskSchedulerBuilder,org.springframework.boot.task.ThreadPoolTaskSchedulerBuilder; SearchStrategy: all) did not find any beans (OnBeanCondition)

   TemplateEngineConfigurations.DefaultTemplateEngineConfiguration#templateEngine matched:
      - @ConditionalOnMissingBean (types: org.thymeleaf.spring6.ISpringTemplateEngine; SearchStrategy: all) did not find any beans (OnBeanCondition)

   ThymeleafAutoConfiguration matched:
      - @ConditionalOnClass found required classes 'org.thymeleaf.templatemode.TemplateMode', 'org.thymeleaf.spring6.SpringTemplateEngine' (OnClassCondition)

   ThymeleafAutoConfiguration.DefaultTemplateResolverConfiguration matched:
      - @ConditionalOnMissingBean (names: defaultTemplateResolver; SearchStrategy: all) did not find any beans (OnBeanCondition)

   ThymeleafAutoConfiguration.ThymeleafWebMvcConfiguration matched:
      - found 'session' scope (OnWebApplicationCondition)
      - @ConditionalOnProperty (spring.thymeleaf.enabled) matched (OnPropertyCondition)

   ThymeleafAutoConfiguration.ThymeleafWebMvcConfiguration.ThymeleafViewResolverConfiguration#thymeleafViewResolver matched:
      - @ConditionalOnMissingBean (names: thymeleafViewResolver; SearchStrategy: all) did not find any beans (OnBeanCondition)

   TransactionAutoConfiguration matched:
      - @ConditionalOnClass found required class 'org.springframework.transaction.PlatformTransactionManager' (OnClassCondition)

   TransactionAutoConfiguration.EnableTransactionManagementConfiguration matched:
      - @ConditionalOnBean (types: org.springframework.transaction.TransactionManager; SearchStrategy: all) found bean 'transactionManager'; @ConditionalOnMissingBean (types: org.springframework.transaction.annotation.AbstractTransactionManagementConfiguration; SearchStrategy: all) did not find any beans (OnBeanCondition)

   TransactionAutoConfiguration.EnableTransactionManagementConfiguration.CglibAutoProxyConfiguration matched:
      - @ConditionalOnProperty (spring.aop.proxy-target-class=true) matched (OnPropertyCondition)

   TransactionAutoConfiguration.TransactionTemplateConfiguration matched:
      - @ConditionalOnSingleCandidate (types: org.springframework.transaction.PlatformTransactionManager; SearchStrategy: all) found a single bean 'transactionManager' (OnBeanCondition)

   TransactionAutoConfiguration.TransactionTemplateConfiguration#transactionTemplate matched:
      - @ConditionalOnMissingBean (types: org.springframework.transaction.support.TransactionOperations; SearchStrategy: all) did not find any beans (OnBeanCondition)

   TransactionManagerCustomizationAutoConfiguration matched:
      - @ConditionalOnClass found required class 'org.springframework.transaction.PlatformTransactionManager' (OnClassCondition)

   TransactionManagerCustomizationAutoConfiguration#platformTransactionManagerCustomizers matched:
      - @ConditionalOnMissingBean (types: org.springframework.boot.autoconfigure.transaction.TransactionManagerCustomizers; SearchStrategy: all) did not find any beans (OnBeanCondition)

   UserDetailsServiceAutoConfiguration matched:
      - @ConditionalOnClass found required class 'org.springframework.security.authentication.AuthenticationManager'; @ConditionalOnMissingClass did not find unwanted classes 'org.springframework.security.oauth2.client.registration.ClientRegistrationRepository', 'org.springframework.security.oauth2.server.resource.introspection.OpaqueTokenIntrospector', 'org.springframework.security.saml2.provider.service.registration.RelyingPartyRegistrationRepository' (OnClassCondition)
      - @ConditionalOnBean (types: org.springframework.security.config.annotation.ObjectPostProcessor; SearchStrategy: all) found bean 'objectPostProcessor'; @ConditionalOnMissingBean (types: org.springframework.security.authentication.AuthenticationManager,org.springframework.security.authentication.AuthenticationProvider,org.springframework.security.core.userdetails.UserDetailsService,org.springframework.security.authentication.AuthenticationManagerResolver,org.springframework.security.oauth2.jwt.JwtDecoder; SearchStrategy: all) did not find any beans (OnBeanCondition)

   ValidationAutoConfiguration matched:
      - @ConditionalOnClass found required class 'jakarta.validation.executable.ExecutableValidator' (OnClassCondition)
      - @ConditionalOnResource found location classpath:META-INF/services/jakarta.validation.spi.ValidationProvider (OnResourceCondition)

   ValidationAutoConfiguration#defaultValidator matched:
      - @ConditionalOnMissingBean (types: jakarta.validation.Validator; SearchStrategy: all) did not find any beans (OnBeanCondition)

   ValidationAutoConfiguration#methodValidationPostProcessor matched:
      - @ConditionalOnMissingBean (types: org.springframework.validation.beanvalidation.MethodValidationPostProcessor; SearchStrategy: current) did not find any beans (OnBeanCondition)

   WebMvcAutoConfiguration matched:
      - @ConditionalOnClass found required classes 'jakarta.servlet.Servlet', 'org.springframework.web.servlet.DispatcherServlet', 'org.springframework.web.servlet.config.annotation.WebMvcConfigurer' (OnClassCondition)
      - found 'session' scope (OnWebApplicationCondition)
      - @ConditionalOnMissingBean (types: org.springframework.web.servlet.config.annotation.WebMvcConfigurationSupport; SearchStrategy: all) did not find any beans (OnBeanCondition)

   WebMvcAutoConfiguration#formContentFilter matched:
      - @ConditionalOnProperty (spring.mvc.formcontent.filter.enabled) matched (OnPropertyCondition)
      - @ConditionalOnMissingBean (types: org.springframework.web.filter.FormContentFilter; SearchStrategy: all) did not find any beans (OnBeanCondition)

   WebMvcAutoConfiguration.EnableWebMvcConfiguration#flashMapManager matched:
      - @ConditionalOnMissingBean (names: flashMapManager; SearchStrategy: all) did not find any beans (OnBeanCondition)

   WebMvcAutoConfiguration.EnableWebMvcConfiguration#localeResolver matched:
      - @ConditionalOnMissingBean (names: localeResolver; SearchStrategy: all) did not find any beans (OnBeanCondition)

   WebMvcAutoConfiguration.EnableWebMvcConfiguration#themeResolver matched:
      - @ConditionalOnMissingBean (names: themeResolver; SearchStrategy: all) did not find any beans (OnBeanCondition)

   WebMvcAutoConfiguration.WebMvcAutoConfigurationAdapter#defaultViewResolver matched:
      - @ConditionalOnMissingBean (types: org.springframework.web.servlet.view.InternalResourceViewResolver; SearchStrategy: all) did not find any beans (OnBeanCondition)

   WebMvcAutoConfiguration.WebMvcAutoConfigurationAdapter#requestContextFilter matched:
      - @ConditionalOnMissingBean (types: org.springframework.web.context.request.RequestContextListener,org.springframework.web.filter.RequestContextFilter; SearchStrategy: all) did not find any beans (OnBeanCondition)

   WebMvcAutoConfiguration.WebMvcAutoConfigurationAdapter#viewResolver matched:
      - @ConditionalOnBean (types: org.springframework.web.servlet.ViewResolver; SearchStrategy: all) found beans 'defaultViewResolver', 'beanNameViewResolver', 'mvcViewResolver'; @ConditionalOnMissingBean (names: viewResolver types: org.springframework.web.servlet.view.ContentNegotiatingViewResolver; SearchStrategy: all) did not find any beans (OnBeanCondition)

   WebSocketServletAutoConfiguration matched:
      - @ConditionalOnClass found required classes 'jakarta.servlet.Servlet', 'jakarta.websocket.server.ServerContainer' (OnClassCondition)
      - found 'session' scope (OnWebApplicationCondition)

   WebSocketServletAutoConfiguration.TomcatWebSocketConfiguration matched:
      - @ConditionalOnClass found required classes 'org.apache.catalina.startup.Tomcat', 'org.apache.tomcat.websocket.server.WsSci' (OnClassCondition)

   WebSocketServletAutoConfiguration.TomcatWebSocketConfiguration#websocketServletWebServerCustomizer matched:
      - @ConditionalOnMissingBean (names: websocketServletWebServerCustomizer; SearchStrategy: all) did not find any beans (OnBeanCondition)


Negative matches:
-----------------

   ActiveMQAutoConfiguration:
      Did not match:
         - @ConditionalOnClass did not find required class 'jakarta.jms.ConnectionFactory' (OnClassCondition)

   AopAutoConfiguration.AspectJAutoProxyingConfiguration.JdkDynamicAutoProxyConfiguration:
      Did not match:
         - @ConditionalOnProperty (spring.aop.proxy-target-class=false) did not find property 'proxy-target-class' (OnPropertyCondition)

   AopAutoConfiguration.ClassProxyingConfiguration:
      Did not match:
         - @ConditionalOnMissingClass found unwanted class 'org.aspectj.weaver.Advice' (OnClassCondition)

   ArtemisAutoConfiguration:
      Did not match:
         - @ConditionalOnClass did not find required class 'jakarta.jms.ConnectionFactory' (OnClassCondition)

   BatchAutoConfiguration:
      Did not match:
         - @ConditionalOnClass did not find required class 'org.springframework.batch.core.launch.JobLauncher' (OnClassCondition)

   Cache2kCacheConfiguration:
      Did not match:
         - @ConditionalOnClass did not find required class 'org.cache2k.Cache2kBuilder' (OnClassCondition)

   CacheAutoConfiguration:
      Did not match:
         - @ConditionalOnBean (types: org.springframework.cache.interceptor.CacheAspectSupport; SearchStrategy: all) did not find any beans of type org.springframework.cache.interceptor.CacheAspectSupport (OnBeanCondition)
      Matched:
         - @ConditionalOnClass found required class 'org.springframework.cache.CacheManager' (OnClassCondition)

   CacheAutoConfiguration.CacheManagerEntityManagerFactoryDependsOnPostProcessor:
      Did not match:
         - Ancestor org.springframework.boot.autoconfigure.cache.CacheAutoConfiguration did not match (ConditionEvaluationReport.AncestorsMatchedCondition)
      Matched:
         - @ConditionalOnClass found required class 'org.springframework.orm.jpa.LocalContainerEntityManagerFactoryBean' (OnClassCondition)

   CaffeineCacheConfiguration:
      Did not match:
         - @ConditionalOnClass did not find required class 'org.springframework.cache.caffeine.CaffeineCacheManager' (OnClassCondition)

   CassandraAutoConfiguration:
      Did not match:
         - @ConditionalOnClass did not find required class 'com.datastax.oss.driver.api.core.CqlSession' (OnClassCondition)

   CassandraDataAutoConfiguration:
      Did not match:
         - @ConditionalOnClass did not find required class 'com.datastax.oss.driver.api.core.CqlSession' (OnClassCondition)

   CassandraReactiveDataAutoConfiguration:
      Did not match:
         - @ConditionalOnClass did not find required class 'com.datastax.oss.driver.api.core.CqlSession' (OnClassCondition)

   CassandraReactiveRepositoriesAutoConfiguration:
      Did not match:
         - @ConditionalOnClass did not find required class 'org.springframework.data.cassandra.ReactiveSession' (OnClassCondition)

   CassandraRepositoriesAutoConfiguration:
      Did not match:
         - @ConditionalOnClass did not find required class 'com.datastax.oss.driver.api.core.CqlSession' (OnClassCondition)

   ClientHttpConnectorAutoConfiguration:
      Did not match:
         - @ConditionalOnClass did not find required class 'org.springframework.web.reactive.function.client.WebClient' (OnClassCondition)

   CodecsAutoConfiguration:
      Did not match:
         - @ConditionalOnClass did not find required class 'org.springframework.web.reactive.function.client.WebClient' (OnClassCondition)

   CouchbaseAutoConfiguration:
      Did not match:
         - @ConditionalOnClass did not find required class 'com.couchbase.client.java.Cluster' (OnClassCondition)

   CouchbaseCacheConfiguration:
      Did not match:
         - @ConditionalOnClass did not find required class 'com.couchbase.client.java.Cluster' (OnClassCondition)

   CouchbaseDataAutoConfiguration:
      Did not match:
         - @ConditionalOnClass did not find required class 'com.couchbase.client.java.Bucket' (OnClassCondition)

   CouchbaseReactiveDataAutoConfiguration:
      Did not match:
         - @ConditionalOnClass did not find required class 'com.couchbase.client.java.Cluster' (OnClassCondition)

   CouchbaseReactiveRepositoriesAutoConfiguration:
      Did not match:
         - @ConditionalOnClass did not find required class 'com.couchbase.client.java.Cluster' (OnClassCondition)

   CouchbaseRepositoriesAutoConfiguration:
      Did not match:
         - @ConditionalOnClass did not find required class 'com.couchbase.client.java.Bucket' (OnClassCondition)

   DataSourceAutoConfiguration.EmbeddedDatabaseConfiguration:
      Did not match:
         - EmbeddedDataSource spring.datasource.url is set (DataSourceAutoConfiguration.EmbeddedDatabaseCondition)

   DataSourceCheckpointRestoreConfiguration:
      Did not match:
         - @ConditionalOnClass did not find required class 'org.crac.Resource' (OnClassCondition)

   DataSourceConfiguration.Dbcp2:
      Did not match:
         - @ConditionalOnClass did not find required class 'org.apache.commons.dbcp2.BasicDataSource' (OnClassCondition)

   DataSourceConfiguration.Generic:
      Did not match:
         - @ConditionalOnProperty (spring.datasource.type) did not find property 'spring.datasource.type' (OnPropertyCondition)

   DataSourceConfiguration.OracleUcp:
      Did not match:
         - @ConditionalOnClass did not find required classes 'oracle.ucp.jdbc.PoolDataSourceImpl', 'oracle.jdbc.OracleConnection' (OnClassCondition)

   DataSourceConfiguration.Tomcat:
      Did not match:
         - @ConditionalOnClass did not find required class 'org.apache.tomcat.jdbc.pool.DataSource' (OnClassCondition)

   DataSourceJmxConfiguration.TomcatDataSourceJmxConfiguration:
      Did not match:
         - @ConditionalOnClass did not find required class 'org.apache.tomcat.jdbc.pool.DataSourceProxy' (OnClassCondition)

   DataSourcePoolMetadataProvidersConfiguration.CommonsDbcp2PoolDataSourceMetadataProviderConfiguration:
      Did not match:
         - @ConditionalOnClass did not find required class 'org.apache.commons.dbcp2.BasicDataSource' (OnClassCondition)

   DataSourcePoolMetadataProvidersConfiguration.OracleUcpPoolDataSourceMetadataProviderConfiguration:
      Did not match:
         - @ConditionalOnClass did not find required classes 'oracle.ucp.jdbc.PoolDataSource', 'oracle.jdbc.OracleConnection' (OnClassCondition)

   DataSourcePoolMetadataProvidersConfiguration.TomcatDataSourcePoolMetadataProviderConfiguration:
      Did not match:
         - @ConditionalOnClass did not find required class 'org.apache.tomcat.jdbc.pool.DataSource' (OnClassCondition)

   DataSourceTransactionManagerAutoConfiguration.JdbcTransactionManagerConfiguration#transactionManager:
      Did not match:
         - @ConditionalOnMissingBean (types: org.springframework.transaction.TransactionManager; SearchStrategy: all) found beans of type 'org.springframework.transaction.TransactionManager' transactionManager (OnBeanCondition)

   DevToolsR2dbcAutoConfiguration:
      Did not match:
         - @ConditionalOnClass did not find required class 'io.r2dbc.spi.ConnectionFactory' (OnClassCondition)

   DispatcherServletAutoConfiguration.DispatcherServletConfiguration#multipartResolver:
      Did not match:
         - @ConditionalOnBean (types: org.springframework.web.multipart.MultipartResolver; SearchStrategy: all) did not find any beans of type org.springframework.web.multipart.MultipartResolver (OnBeanCondition)

   ElasticsearchClientAutoConfiguration:
      Did not match:
         - @ConditionalOnClass did not find required class 'co.elastic.clients.elasticsearch.ElasticsearchClient' (OnClassCondition)

   ElasticsearchDataAutoConfiguration:
      Did not match:
         - @ConditionalOnClass did not find required class 'org.springframework.data.elasticsearch.client.elc.ElasticsearchTemplate' (OnClassCondition)

   ElasticsearchRepositoriesAutoConfiguration:
      Did not match:
         - @ConditionalOnClass did not find required class 'org.springframework.data.elasticsearch.repository.ElasticsearchRepository' (OnClassCondition)

   ElasticsearchRestClientAutoConfiguration:
      Did not match:
         - @ConditionalOnClass did not find required class 'org.elasticsearch.client.RestClientBuilder' (OnClassCondition)

   EmbeddedLdapAutoConfiguration:
      Did not match:
         - @ConditionalOnClass did not find required class 'com.unboundid.ldap.listener.InMemoryDirectoryServer' (OnClassCondition)

   EmbeddedWebServerFactoryCustomizerAutoConfiguration.JettyWebServerFactoryCustomizerConfiguration:
      Did not match:
         - @ConditionalOnClass did not find required classes 'org.eclipse.jetty.server.Server', 'org.eclipse.jetty.util.Loader', 'org.eclipse.jetty.ee10.webapp.WebAppContext' (OnClassCondition)

   EmbeddedWebServerFactoryCustomizerAutoConfiguration.NettyWebServerFactoryCustomizerConfiguration:
      Did not match:
         - @ConditionalOnClass did not find required class 'reactor.netty.http.server.HttpServer' (OnClassCondition)

   EmbeddedWebServerFactoryCustomizerAutoConfiguration.TomcatWebServerFactoryCustomizerConfiguration#tomcatVirtualThreadsProtocolHandlerCustomizer:
      Did not match:
         - @ConditionalOnThreading did not find VIRTUAL (OnThreadingCondition)

   EmbeddedWebServerFactoryCustomizerAutoConfiguration.UndertowWebServerFactoryCustomizerConfiguration:
      Did not match:
         - @ConditionalOnClass did not find required classes 'io.undertow.Undertow', 'org.xnio.SslClientAuthMode' (OnClassCondition)

   ErrorWebFluxAutoConfiguration:
      Did not match:
         - @ConditionalOnClass did not find required class 'org.springframework.web.reactive.config.WebFluxConfigurer' (OnClassCondition)

   FlywayAutoConfiguration:
      Did not match:
         - @ConditionalOnClass did not find required class 'org.flywaydb.core.Flyway' (OnClassCondition)

   FreeMarkerAutoConfiguration:
      Did not match:
         - @ConditionalOnClass did not find required class 'freemarker.template.Configuration' (OnClassCondition)

   GraphQlAutoConfiguration:
      Did not match:
         - @ConditionalOnClass did not find required class 'graphql.GraphQL' (OnClassCondition)

   GraphQlQueryByExampleAutoConfiguration:
      Did not match:
         - @ConditionalOnClass did not find required class 'graphql.GraphQL' (OnClassCondition)

   GraphQlQuerydslAutoConfiguration:
      Did not match:
         - @ConditionalOnClass did not find required class 'com.querydsl.core.Query' (OnClassCondition)

   GraphQlRSocketAutoConfiguration:
      Did not match:
         - @ConditionalOnClass did not find required class 'graphql.GraphQL' (OnClassCondition)

   GraphQlReactiveQueryByExampleAutoConfiguration:
      Did not match:
         - @ConditionalOnClass did not find required class 'graphql.GraphQL' (OnClassCondition)

   GraphQlReactiveQuerydslAutoConfiguration:
      Did not match:
         - @ConditionalOnClass did not find required class 'com.querydsl.core.Query' (OnClassCondition)

   GraphQlWebFluxAutoConfiguration:
      Did not match:
         - @ConditionalOnClass did not find required class 'graphql.GraphQL' (OnClassCondition)

   GraphQlWebFluxSecurityAutoConfiguration:
      Did not match:
         - @ConditionalOnClass did not find required class 'graphql.GraphQL' (OnClassCondition)

   GraphQlWebMvcAutoConfiguration:
      Did not match:
         - @ConditionalOnClass did not find required class 'graphql.GraphQL' (OnClassCondition)

   GraphQlWebMvcSecurityAutoConfiguration:
      Did not match:
         - @ConditionalOnClass did not find required class 'graphql.GraphQL' (OnClassCondition)

   GroovyTemplateAutoConfiguration:
      Did not match:
         - @ConditionalOnClass did not find required class 'groovy.text.markup.MarkupTemplateEngine' (OnClassCondition)

   GsonAutoConfiguration:
      Did not match:
         - @ConditionalOnClass did not find required class 'com.google.gson.Gson' (OnClassCondition)

   GsonHttpMessageConvertersConfiguration:
      Did not match:
         - @ConditionalOnClass did not find required class 'com.google.gson.Gson' (OnClassCondition)

   H2ConsoleAutoConfiguration:
      Did not match:
         - @ConditionalOnClass did not find required class 'org.h2.server.web.JakartaWebServlet' (OnClassCondition)

   HazelcastAutoConfiguration:
      Did not match:
         - @ConditionalOnClass did not find required class 'com.hazelcast.core.HazelcastInstance' (OnClassCondition)

   HazelcastCacheConfiguration:
      Did not match:
         - @ConditionalOnClass did not find required class 'com.hazelcast.core.HazelcastInstance' (OnClassCondition)

   HazelcastJpaDependencyAutoConfiguration:
      Did not match:
         - @ConditionalOnClass did not find required class 'com.hazelcast.core.HazelcastInstance' (OnClassCondition)

   HttpHandlerAutoConfiguration:
      Did not match:
         - @ConditionalOnClass did not find required class 'org.springframework.web.reactive.DispatcherHandler' (OnClassCondition)

   HypermediaAutoConfiguration:
      Did not match:
         - @ConditionalOnClass did not find required class 'org.springframework.hateoas.EntityModel' (OnClassCondition)

   InfinispanCacheConfiguration:
      Did not match:
         - @ConditionalOnClass did not find required class 'org.infinispan.spring.embedded.provider.SpringEmbeddedCacheManager' (OnClassCondition)

   InfluxDbAutoConfiguration:
      Did not match:
         - @ConditionalOnClass did not find required class 'org.influxdb.InfluxDB' (OnClassCondition)

   IntegrationAutoConfiguration:
      Did not match:
         - @ConditionalOnClass did not find required class 'org.springframework.integration.config.EnableIntegration' (OnClassCondition)

   JCacheCacheConfiguration:
      Did not match:
         - @ConditionalOnClass did not find required class 'javax.cache.Caching' (OnClassCondition)

   JacksonHttpMessageConvertersConfiguration.MappingJackson2XmlHttpMessageConverterConfiguration:
      Did not match:
         - @ConditionalOnClass did not find required class 'com.fasterxml.jackson.dataformat.xml.XmlMapper' (OnClassCondition)

   JdbcRepositoriesAutoConfiguration:
      Did not match:
         - @ConditionalOnClass did not find required class 'org.springframework.data.jdbc.repository.config.AbstractJdbcConfiguration' (OnClassCondition)

   JerseyAutoConfiguration:
      Did not match:
         - @ConditionalOnClass did not find required class 'org.glassfish.jersey.server.spring.SpringComponentProvider' (OnClassCondition)

   JmsAutoConfiguration:
      Did not match:
         - @ConditionalOnClass did not find required class 'jakarta.jms.Message' (OnClassCondition)

   JmxAutoConfiguration:
      Did not match:
         - @ConditionalOnProperty (spring.jmx.enabled=true) did not find property 'enabled' (OnPropertyCondition)
      Matched:
         - @ConditionalOnClass found required class 'org.springframework.jmx.export.MBeanExporter' (OnClassCondition)

   JndiConnectionFactoryAutoConfiguration:
      Did not match:
         - @ConditionalOnClass did not find required class 'org.springframework.jms.core.JmsTemplate' (OnClassCondition)

   JndiDataSourceAutoConfiguration:
      Did not match:
         - @ConditionalOnProperty (spring.datasource.jndi-name) did not find property 'jndi-name' (OnPropertyCondition)
      Matched:
         - @ConditionalOnClass found required classes 'javax.sql.DataSource', 'org.springframework.jdbc.datasource.embedded.EmbeddedDatabaseType' (OnClassCondition)

   JndiJtaConfiguration:
      Did not match:
         - @ConditionalOnJndi JNDI environment is not available (OnJndiCondition)
      Matched:
         - @ConditionalOnClass found required class 'org.springframework.transaction.jta.JtaTransactionManager' (OnClassCondition)

   JooqAutoConfiguration:
      Did not match:
         - @ConditionalOnClass did not find required class 'org.jooq.DSLContext' (OnClassCondition)

   JpaRepositoriesAutoConfiguration#entityManagerFactoryBootstrapExecutorCustomizer:
      Did not match:
         - AnyNestedCondition 0 matched 2 did not; NestedCondition on JpaRepositoriesAutoConfiguration.BootstrapExecutorCondition.LazyBootstrapMode @ConditionalOnProperty (spring.data.jpa.repositories.bootstrap-mode=lazy) did not find property 'bootstrap-mode'; NestedCondition on JpaRepositoriesAutoConfiguration.BootstrapExecutorCondition.DeferredBootstrapMode @ConditionalOnProperty (spring.data.jpa.repositories.bootstrap-mode=deferred) did not find property 'bootstrap-mode' (JpaRepositoriesAutoConfiguration.BootstrapExecutorCondition)

   JsonbAutoConfiguration:
      Did not match:
         - @ConditionalOnClass did not find required class 'jakarta.json.bind.Jsonb' (OnClassCondition)

   JsonbHttpMessageConvertersConfiguration:
      Did not match:
         - @ConditionalOnClass did not find required class 'jakarta.json.bind.Jsonb' (OnClassCondition)

   KafkaAutoConfiguration:
      Did not match:
         - @ConditionalOnClass did not find required class 'org.springframework.kafka.core.KafkaTemplate' (OnClassCondition)

   LdapAutoConfiguration:
      Did not match:
         - @ConditionalOnClass did not find required class 'org.springframework.ldap.core.ContextSource' (OnClassCondition)

   LdapRepositoriesAutoConfiguration:
      Did not match:
         - @ConditionalOnClass did not find required class 'org.springframework.data.ldap.repository.LdapRepository' (OnClassCondition)

   LiquibaseAutoConfiguration:
      Did not match:
         - @ConditionalOnClass did not find required class 'liquibase.change.DatabaseChange' (OnClassCondition)

   MailSenderAutoConfiguration:
      Did not match:
         - @ConditionalOnClass did not find required class 'jakarta.mail.internet.MimeMessage' (OnClassCondition)

   MailSenderValidatorAutoConfiguration:
      Did not match:
         - @ConditionalOnSingleCandidate did not find required type 'org.springframework.mail.javamail.JavaMailSenderImpl' (OnBeanCondition)

   MessageSourceAutoConfiguration:
      Did not match:
         - ResourceBundle did not find bundle with basename messages (MessageSourceAutoConfiguration.ResourceBundleCondition)

   MongoAutoConfiguration:
      Did not match:
         - @ConditionalOnClass did not find required class 'com.mongodb.client.MongoClient' (OnClassCondition)

   MongoDataAutoConfiguration:
      Did not match:
         - @ConditionalOnClass did not find required class 'com.mongodb.client.MongoClient' (OnClassCondition)

   MongoReactiveAutoConfiguration:
      Did not match:
         - @ConditionalOnClass did not find required class 'com.mongodb.reactivestreams.client.MongoClient' (OnClassCondition)

   MongoReactiveDataAutoConfiguration:
      Did not match:
         - @ConditionalOnClass did not find required class 'com.mongodb.reactivestreams.client.MongoClient' (OnClassCondition)

   MongoReactiveRepositoriesAutoConfiguration:
      Did not match:
         - @ConditionalOnClass did not find required class 'com.mongodb.reactivestreams.client.MongoClient' (OnClassCondition)

   MongoRepositoriesAutoConfiguration:
      Did not match:
         - @ConditionalOnClass did not find required class 'com.mongodb.client.MongoClient' (OnClassCondition)

   MustacheAutoConfiguration:
      Did not match:
         - @ConditionalOnClass did not find required class 'com.samskivert.mustache.Mustache' (OnClassCondition)

   Neo4jAutoConfiguration:
      Did not match:
         - @ConditionalOnClass did not find required class 'org.neo4j.driver.Driver' (OnClassCondition)

   Neo4jDataAutoConfiguration:
      Did not match:
         - @ConditionalOnClass did not find required class 'org.neo4j.driver.Driver' (OnClassCondition)

   Neo4jReactiveDataAutoConfiguration:
      Did not match:
         - @ConditionalOnClass did not find required class 'org.neo4j.driver.Driver' (OnClassCondition)

   Neo4jReactiveRepositoriesAutoConfiguration:
      Did not match:
         - @ConditionalOnClass did not find required class 'org.neo4j.driver.Driver' (OnClassCondition)

   Neo4jRepositoriesAutoConfiguration:
      Did not match:
         - @ConditionalOnClass did not find required class 'org.neo4j.driver.Driver' (OnClassCondition)

   NettyAutoConfiguration:
      Did not match:
         - @ConditionalOnClass did not find required class 'io.netty.util.NettyRuntime' (OnClassCondition)

   OAuth2AuthorizationServerAutoConfiguration:
      Did not match:
         - @ConditionalOnClass did not find required class 'org.springframework.security.oauth2.server.authorization.OAuth2Authorization' (OnClassCondition)

   OAuth2AuthorizationServerJwtAutoConfiguration:
      Did not match:
         - @ConditionalOnClass did not find required class 'org.springframework.security.oauth2.server.authorization.OAuth2Authorization' (OnClassCondition)

   OAuth2ClientAutoConfiguration:
      Did not match:
         - @ConditionalOnClass did not find required class 'org.springframework.security.oauth2.client.registration.ClientRegistration' (OnClassCondition)

   OAuth2ResourceServerAutoConfiguration:
      Did not match:
         - @ConditionalOnClass did not find required class 'org.springframework.security.oauth2.server.resource.authentication.BearerTokenAuthenticationToken' (OnClassCondition)

   ProjectInfoAutoConfiguration#buildProperties:
      Did not match:
         - @ConditionalOnResource did not find resource '${spring.info.build.location:classpath:META-INF/build-info.properties}' (OnResourceCondition)

   ProjectInfoAutoConfiguration#gitProperties:
      Did not match:
         - GitResource did not find git info at classpath:git.properties (ProjectInfoAutoConfiguration.GitResourceAvailableCondition)

   PulsarAutoConfiguration:
      Did not match:
         - @ConditionalOnClass did not find required class 'org.apache.pulsar.client.api.PulsarClient' (OnClassCondition)

   PulsarReactiveAutoConfiguration:
      Did not match:
         - @ConditionalOnClass did not find required class 'org.apache.pulsar.client.api.PulsarClient' (OnClassCondition)

   QuartzAutoConfiguration:
      Did not match:
         - @ConditionalOnClass did not find required class 'org.quartz.Scheduler' (OnClassCondition)

   R2dbcAutoConfiguration:
      Did not match:
         - @ConditionalOnClass did not find required class 'io.r2dbc.spi.ConnectionFactory' (OnClassCondition)

   R2dbcDataAutoConfiguration:
      Did not match:
         - @ConditionalOnClass did not find required class 'org.springframework.data.r2dbc.core.R2dbcEntityTemplate' (OnClassCondition)

   R2dbcInitializationConfiguration:
      Did not match:
         - @ConditionalOnClass did not find required classes 'io.r2dbc.spi.ConnectionFactory', 'org.springframework.r2dbc.connection.init.DatabasePopulator' (OnClassCondition)

   R2dbcRepositoriesAutoConfiguration:
      Did not match:
         - @ConditionalOnClass did not find required class 'io.r2dbc.spi.ConnectionFactory' (OnClassCondition)

   R2dbcTransactionManagerAutoConfiguration:
      Did not match:
         - @ConditionalOnClass did not find required class 'org.springframework.r2dbc.connection.R2dbcTransactionManager' (OnClassCondition)

   RSocketGraphQlClientAutoConfiguration:
      Did not match:
         - @ConditionalOnClass did not find required class 'graphql.GraphQL' (OnClassCondition)

   RSocketMessagingAutoConfiguration:
      Did not match:
         - @ConditionalOnClass did not find required class 'io.rsocket.RSocket' (OnClassCondition)

   RSocketRequesterAutoConfiguration:
      Did not match:
         - @ConditionalOnClass did not find required class 'io.rsocket.RSocket' (OnClassCondition)

   RSocketSecurityAutoConfiguration:
      Did not match:
         - @ConditionalOnClass did not find required class 'org.springframework.security.rsocket.core.SecuritySocketAcceptorInterceptor' (OnClassCondition)

   RSocketServerAutoConfiguration:
      Did not match:
         - @ConditionalOnClass did not find required class 'io.rsocket.core.RSocketServer' (OnClassCondition)

   RSocketStrategiesAutoConfiguration:
      Did not match:
         - @ConditionalOnClass did not find required class 'io.netty.buffer.PooledByteBufAllocator' (OnClassCondition)

   RabbitAutoConfiguration:
      Did not match:
         - @ConditionalOnClass did not find required class 'com.rabbitmq.client.Channel' (OnClassCondition)

   ReactiveElasticsearchClientAutoConfiguration:
      Did not match:
         - @ConditionalOnClass did not find required class 'co.elastic.clients.transport.ElasticsearchTransport' (OnClassCondition)

   ReactiveElasticsearchRepositoriesAutoConfiguration:
      Did not match:
         - @ConditionalOnClass did not find required class 'org.springframework.data.elasticsearch.client.elc.ReactiveElasticsearchClient' (OnClassCondition)

   ReactiveMultipartAutoConfiguration:
      Did not match:
         - @ConditionalOnClass did not find required class 'org.springframework.web.reactive.config.WebFluxConfigurer' (OnClassCondition)

   ReactiveOAuth2ClientAutoConfiguration:
      Did not match:
         - @ConditionalOnClass did not find required class 'reactor.core.publisher.Flux' (OnClassCondition)

   ReactiveOAuth2ResourceServerAutoConfiguration:
      Did not match:
         - @ConditionalOnWebApplication did not find reactive web application classes (OnWebApplicationCondition)

   ReactiveSecurityAutoConfiguration:
      Did not match:
         - @ConditionalOnClass did not find required class 'reactor.core.publisher.Flux' (OnClassCondition)

   ReactiveUserDetailsServiceAutoConfiguration:
      Did not match:
         - AnyNestedCondition 0 matched 2 did not; NestedCondition on ReactiveUserDetailsServiceAutoConfiguration.ReactiveUserDetailsServiceCondition.ReactiveWebApplicationCondition did not find reactive web application classes; NestedCondition on ReactiveUserDetailsServiceAutoConfiguration.ReactiveUserDetailsServiceCondition.RSocketSecurityEnabledCondition @ConditionalOnBean (types: org.springframework.messaging.rsocket.annotation.support.RSocketMessageHandler; SearchStrategy: all) did not find any beans of type org.springframework.messaging.rsocket.annotation.support.RSocketMessageHandler (ReactiveUserDetailsServiceAutoConfiguration.ReactiveUserDetailsServiceCondition)
      Matched:
         - @ConditionalOnClass found required class 'org.springframework.security.authentication.ReactiveAuthenticationManager'; @ConditionalOnMissingClass did not find unwanted classes 'org.springframework.security.oauth2.client.registration.ClientRegistrationRepository', 'org.springframework.security.oauth2.server.resource.introspection.ReactiveOpaqueTokenIntrospector' (OnClassCondition)

   ReactiveWebServerFactoryAutoConfiguration:
      Did not match:
         - @ConditionalOnWebApplication did not find reactive web application classes (OnWebApplicationCondition)

   ReactorAutoConfiguration:
      Did not match:
         - @ConditionalOnClass did not find required class 'reactor.core.publisher.Hooks' (OnClassCondition)

   RedisAutoConfiguration:
      Did not match:
         - @ConditionalOnClass did not find required class 'org.springframework.data.redis.core.RedisOperations' (OnClassCondition)

   RedisCacheConfiguration:
      Did not match:
         - @ConditionalOnClass did not find required class 'org.springframework.data.redis.connection.RedisConnectionFactory' (OnClassCondition)

   RedisReactiveAutoConfiguration:
      Did not match:
         - @ConditionalOnClass did not find required class 'reactor.core.publisher.Flux' (OnClassCondition)

   RedisRepositoriesAutoConfiguration:
      Did not match:
         - @ConditionalOnClass did not find required class 'org.springframework.data.redis.repository.configuration.EnableRedisRepositories' (OnClassCondition)

   RemoteDevToolsAutoConfiguration:
      Did not match:
         - @ConditionalOnProperty (spring.devtools.remote.secret) did not find property 'secret' (OnPropertyCondition)
      Matched:
         - @ConditionalOnClass found required classes 'jakarta.servlet.Filter', 'org.springframework.http.server.ServerHttpRequest' (OnClassCondition)

   RepositoryRestMvcAutoConfiguration:
      Did not match:
         - @ConditionalOnClass did not find required class 'org.springframework.data.rest.webmvc.config.RepositoryRestMvcConfiguration' (OnClassCondition)

   Saml2RelyingPartyAutoConfiguration:
      Did not match:
         - @ConditionalOnClass did not find required class 'org.springframework.security.saml2.provider.service.registration.RelyingPartyRegistrationRepository' (OnClassCondition)

   SecurityDataConfiguration:
      Did not match:
         - @ConditionalOnClass did not find required class 'org.springframework.security.data.repository.query.SecurityEvaluationContextExtension' (OnClassCondition)

   SendGridAutoConfiguration:
      Did not match:
         - @ConditionalOnClass did not find required class 'com.sendgrid.SendGrid' (OnClassCondition)

   ServletWebServerFactoryAutoConfiguration.ForwardedHeaderFilterConfiguration:
      Did not match:
         - @ConditionalOnProperty (server.forward-headers-strategy=framework) did not find property 'server.forward-headers-strategy' (OnPropertyCondition)

   ServletWebServerFactoryConfiguration.EmbeddedJetty:
      Did not match:
         - @ConditionalOnClass did not find required classes 'org.eclipse.jetty.server.Server', 'org.eclipse.jetty.util.Loader', 'org.eclipse.jetty.ee10.webapp.WebAppContext' (OnClassCondition)

   ServletWebServerFactoryConfiguration.EmbeddedUndertow:
      Did not match:
         - @ConditionalOnClass did not find required classes 'io.undertow.Undertow', 'org.xnio.SslClientAuthMode' (OnClassCondition)

   SessionAutoConfiguration:
      Did not match:
         - @ConditionalOnClass did not find required class 'org.springframework.session.Session' (OnClassCondition)

   SpringApplicationAdminJmxAutoConfiguration:
      Did not match:
         - @ConditionalOnProperty (spring.application.admin.enabled=true) did not find property 'enabled' (OnPropertyCondition)

   SpringBootWebSecurityConfiguration.SecurityFilterChainConfiguration:
      Did not match:
         - AllNestedConditions 1 matched 1 did not; NestedCondition on DefaultWebSecurityCondition.Beans @ConditionalOnMissingBean (types: org.springframework.security.web.SecurityFilterChain; SearchStrategy: all) found beans of type 'org.springframework.security.web.SecurityFilterChain' securityFilterChain; NestedCondition on DefaultWebSecurityCondition.Classes @ConditionalOnClass found required classes 'org.springframework.security.web.SecurityFilterChain', 'org.springframework.security.config.annotation.web.builders.HttpSecurity' (DefaultWebSecurityCondition)

   SpringBootWebSecurityConfiguration.WebSecurityEnablerConfiguration:
      Did not match:
         - @ConditionalOnMissingBean (names: springSecurityFilterChain; SearchStrategy: all) found beans named springSecurityFilterChain (OnBeanCondition)
      Matched:
         - @ConditionalOnClass found required class 'org.springframework.security.config.annotation.web.configuration.EnableWebSecurity' (OnClassCondition)

   TaskExecutorConfigurations.SimpleAsyncTaskExecutorBuilderConfiguration#simpleAsyncTaskExecutorBuilderVirtualThreads:
      Did not match:
         - @ConditionalOnMissingBean (types: org.springframework.boot.task.SimpleAsyncTaskExecutorBuilder; SearchStrategy: all) found beans of type 'org.springframework.boot.task.SimpleAsyncTaskExecutorBuilder' simpleAsyncTaskExecutorBuilder (OnBeanCondition)

   TaskExecutorConfigurations.TaskExecutorConfiguration#applicationTaskExecutorVirtualThreads:
      Did not match:
         - @ConditionalOnThreading did not find VIRTUAL (OnThreadingCondition)

   TaskSchedulingAutoConfiguration#scheduledBeanLazyInitializationExcludeFilter:
      Did not match:
         - @ConditionalOnBean (names: org.springframework.context.annotation.internalScheduledAnnotationProcessor; SearchStrategy: all) did not find any beans named org.springframework.context.annotation.internalScheduledAnnotationProcessor (OnBeanCondition)

   TaskSchedulingConfigurations.SimpleAsyncTaskSchedulerBuilderConfiguration#simpleAsyncTaskSchedulerBuilderVirtualThreads:
      Did not match:
         - @ConditionalOnMissingBean (types: org.springframework.boot.task.SimpleAsyncTaskSchedulerBuilder; SearchStrategy: all) found beans of type 'org.springframework.boot.task.SimpleAsyncTaskSchedulerBuilder' simpleAsyncTaskSchedulerBuilder (OnBeanCondition)

   TaskSchedulingConfigurations.TaskSchedulerConfiguration:
      Did not match:
         - @ConditionalOnBean (names: org.springframework.context.annotation.internalScheduledAnnotationProcessor; SearchStrategy: all) did not find any beans named org.springframework.context.annotation.internalScheduledAnnotationProcessor (OnBeanCondition)

   TemplateEngineConfigurations.ReactiveTemplateEngineConfiguration:
      Did not match:
         - did not find reactive web application classes (OnWebApplicationCondition)

   ThymeleafAutoConfiguration.DataAttributeDialectConfiguration:
      Did not match:
         - @ConditionalOnClass did not find required class 'com.github.mxab.thymeleaf.extras.dataattribute.dialect.DataAttributeDialect' (OnClassCondition)

   ThymeleafAutoConfiguration.ThymeleafSecurityDialectConfiguration:
      Did not match:
         - @ConditionalOnClass did not find required class 'org.thymeleaf.extras.springsecurity6.dialect.SpringSecurityDialect' (OnClassCondition)

   ThymeleafAutoConfiguration.ThymeleafWebFluxConfiguration:
      Did not match:
         - did not find reactive web application classes (OnWebApplicationCondition)

   ThymeleafAutoConfiguration.ThymeleafWebLayoutConfiguration:
      Did not match:
         - @ConditionalOnClass did not find required class 'nz.net.ultraq.thymeleaf.layoutdialect.LayoutDialect' (OnClassCondition)

   ThymeleafAutoConfiguration.ThymeleafWebMvcConfiguration#resourceUrlEncodingFilter:
      Did not match:
         - @ConditionalOnEnabledResourceChain did not find class org.webjars.WebJarAssetLocator (OnEnabledResourceChainCondition)

   TransactionAutoConfiguration#transactionalOperator:
      Did not match:
         - @ConditionalOnSingleCandidate (types: org.springframework.transaction.ReactiveTransactionManager; SearchStrategy: all) did not find any beans (OnBeanCondition)

   TransactionAutoConfiguration.AspectJTransactionManagementConfiguration:
      Did not match:
         - @ConditionalOnBean (types: org.springframework.transaction.aspectj.AbstractTransactionAspect; SearchStrategy: all) did not find any beans of type org.springframework.transaction.aspectj.AbstractTransactionAspect (OnBeanCondition)

   TransactionAutoConfiguration.EnableTransactionManagementConfiguration.JdkDynamicAutoProxyConfiguration:
      Did not match:
         - @ConditionalOnProperty (spring.aop.proxy-target-class=false) did not find property 'proxy-target-class' (OnPropertyCondition)

   WebClientAutoConfiguration:
      Did not match:
         - @ConditionalOnClass did not find required class 'org.springframework.web.reactive.function.client.WebClient' (OnClassCondition)

   WebFluxAutoConfiguration:
      Did not match:
         - @ConditionalOnClass did not find required class 'org.springframework.web.reactive.config.WebFluxConfigurer' (OnClassCondition)

   WebMvcAutoConfiguration#hiddenHttpMethodFilter:
      Did not match:
         - @ConditionalOnProperty (spring.mvc.hiddenmethod.filter.enabled) did not find property 'enabled' (OnPropertyCondition)

   WebMvcAutoConfiguration.ProblemDetailsErrorHandlingConfiguration:
      Did not match:
         - @ConditionalOnProperty (spring.mvc.problemdetails.enabled=true) did not find property 'enabled' (OnPropertyCondition)

   WebMvcAutoConfiguration.ResourceChainCustomizerConfiguration:
      Did not match:
         - @ConditionalOnEnabledResourceChain did not find class org.webjars.WebJarAssetLocator (OnEnabledResourceChainCondition)

   WebMvcAutoConfiguration.WebMvcAutoConfigurationAdapter#beanNameViewResolver:
      Did not match:
         - @ConditionalOnMissingBean (types: org.springframework.web.servlet.view.BeanNameViewResolver; SearchStrategy: all) found beans of type 'org.springframework.web.servlet.view.BeanNameViewResolver' beanNameViewResolver (OnBeanCondition)

   WebServiceTemplateAutoConfiguration:
      Did not match:
         - @ConditionalOnClass did not find required class 'org.springframework.oxm.Marshaller' (OnClassCondition)

   WebServicesAutoConfiguration:
      Did not match:
         - @ConditionalOnClass did not find required class 'org.springframework.ws.transport.http.MessageDispatcherServlet' (OnClassCondition)

   WebSessionIdResolverAutoConfiguration:
      Did not match:
         - @ConditionalOnClass did not find required class 'reactor.core.publisher.Mono' (OnClassCondition)

   WebSocketMessagingAutoConfiguration:
      Did not match:
         - @ConditionalOnClass did not find required class 'org.springframework.web.socket.config.annotation.WebSocketMessageBrokerConfigurer' (OnClassCondition)

   WebSocketReactiveAutoConfiguration:
      Did not match:
         - @ConditionalOnWebApplication did not find reactive web application classes (OnWebApplicationCondition)

   WebSocketServletAutoConfiguration.JettyWebSocketConfiguration:
      Did not match:
         - @ConditionalOnClass did not find required class 'org.eclipse.jetty.ee10.websocket.jakarta.server.config.JakartaWebSocketServletContainerInitializer' (OnClassCondition)

   WebSocketServletAutoConfiguration.UndertowWebSocketConfiguration:
      Did not match:
         - @ConditionalOnClass did not find required class 'io.undertow.websockets.jsr.Bootstrap' (OnClassCondition)

   XADataSourceAutoConfiguration:
      Did not match:
         - @ConditionalOnBean (types: org.springframework.boot.jdbc.XADataSourceWrapper; SearchStrategy: all) did not find any beans of type org.springframework.boot.jdbc.XADataSourceWrapper (OnBeanCondition)
      Matched:
         - @ConditionalOnClass found required classes 'javax.sql.DataSource', 'jakarta.transaction.TransactionManager', 'org.springframework.jdbc.datasource.embedded.EmbeddedDatabaseType' (OnClassCondition)


Exclusions:
-----------

    None


Unconditional classes:
----------------------

    org.springframework.boot.autoconfigure.context.ConfigurationPropertiesAutoConfiguration

    org.springframework.boot.autoconfigure.ssl.SslAutoConfiguration

    org.springframework.boot.autoconfigure.context.LifecycleAutoConfiguration

    org.springframework.boot.autoconfigure.context.PropertyPlaceholderAutoConfiguration

    org.springframework.boot.autoconfigure.availability.ApplicationAvailabilityAutoConfiguration

    org.springframework.boot.autoconfigure.info.ProjectInfoAutoConfiguration



2026-05-12T00:26:24.338+02:00  INFO 17288 --- [EduRoom] [restartedMain] com.eduroom.backend.EduRoomApplication   : Started EduRoomApplication in 8.29 seconds (process running for 9.146)
2026-05-12T00:26:24.340+02:00 DEBUG 17288 --- [EduRoom] [restartedMain] o.s.b.a.ApplicationAvailabilityBean      : Application availability state LivenessState changed to CORRECT
2026-05-12T00:26:24.967+02:00 DEBUG 17288 --- [EduRoom] [restartedMain] org.hibernate.SQL                        : 
    select
        count(*) 
    from
        centros c1_0
2026-05-12T00:26:25.016+02:00 DEBUG 17288 --- [EduRoom] [restartedMain] org.hibernate.SQL                        : 
    select
        c1_0.id,
        c1_0.horario_fin,
        c1_0.horario_inicio,
        c1_0.nombre 
    from
        centros c1_0
2026-05-12T00:26:25.152+02:00 DEBUG 17288 --- [EduRoom] [restartedMain] org.hibernate.SQL                        : 
    select
        u1_0.id,
        u1_0.id_centro,
        u1_0.email,
        u1_0.nombre,
        u1_0.password_hash,
        u1_0.rol 
    from
        usuarios u1_0 
    where
        u1_0.email=?
2026-05-12T00:26:25.166+02:00 DEBUG 17288 --- [EduRoom] [restartedMain] org.hibernate.SQL                        : 
    select
        u1_0.id,
        u1_0.id_centro,
        u1_0.email,
        u1_0.nombre,
        u1_0.password_hash,
        u1_0.rol 
    from
        usuarios u1_0 
    where
        u1_0.email=?
2026-05-12T00:26:25.187+02:00 DEBUG 17288 --- [EduRoom] [restartedMain] o.s.boot.devtools.restart.Restarter      : Creating new Restarter for thread Thread[#1,main,5,main]
2026-05-12T00:26:25.187+02:00 DEBUG 17288 --- [EduRoom] [restartedMain] o.s.boot.devtools.restart.Restarter      : Immediately restarting application
2026-05-12T00:26:25.187+02:00 DEBUG 17288 --- [EduRoom] [restartedMain] o.s.boot.devtools.restart.Restarter      : Starting application com.eduroom.backend.EduRoomApplication with URLs [file:/C:/Users/gr1mm/Desktop/ESTUDIOS/PROYECTOS/EduRoom/EduRoom/backend/target/classes/]
2026-05-12T00:26:25.189+02:00 DEBUG 17288 --- [EduRoom] [restartedMain] o.s.b.a.ApplicationAvailabilityBean      : Application availability state ReadinessState changed to ACCEPTING_TRAFFIC
2026-05-12T00:26:42.125+02:00  INFO 17288 --- [EduRoom] [http-nio-8080-exec-1] o.a.c.c.C.[Tomcat].[localhost].[/]       : Initializing Spring DispatcherServlet 'dispatcherServlet'
2026-05-12T00:26:42.125+02:00  INFO 17288 --- [EduRoom] [http-nio-8080-exec-1] o.s.web.servlet.DispatcherServlet        : Initializing Servlet 'dispatcherServlet'
2026-05-12T00:26:42.126+02:00 DEBUG 17288 --- [EduRoom] [http-nio-8080-exec-1] o.s.web.servlet.DispatcherServlet        : Detected StandardServletMultipartResolver
2026-05-12T00:26:42.127+02:00 DEBUG 17288 --- [EduRoom] [http-nio-8080-exec-1] o.s.web.servlet.DispatcherServlet        : Detected AcceptHeaderLocaleResolver
2026-05-12T00:26:42.127+02:00 DEBUG 17288 --- [EduRoom] [http-nio-8080-exec-1] o.s.web.servlet.DispatcherServlet        : Detected FixedThemeResolver
2026-05-12T00:26:42.127+02:00 DEBUG 17288 --- [EduRoom] [http-nio-8080-exec-1] o.s.web.servlet.DispatcherServlet        : Detected org.springframework.web.servlet.view.DefaultRequestToViewNameTranslator@69cfa1e7
2026-05-12T00:26:42.127+02:00 DEBUG 17288 --- [EduRoom] [http-nio-8080-exec-1] o.s.web.servlet.DispatcherServlet        : Detected org.springframework.web.servlet.support.SessionFlashMapManager@36b58294
2026-05-12T00:26:42.129+02:00 DEBUG 17288 --- [EduRoom] [http-nio-8080-exec-1] o.s.web.servlet.DispatcherServlet        : enableLoggingRequestDetails='false': request parameters and headers will be masked to prevent unsafe logging of potentially sensitive data
2026-05-12T00:26:42.129+02:00  INFO 17288 --- [EduRoom] [http-nio-8080-exec-1] o.s.web.servlet.DispatcherServlet        : Completed initialization in 3 ms
2026-05-12T00:26:42.143+02:00 DEBUG 17288 --- [EduRoom] [http-nio-8080-exec-1] o.s.security.web.FilterChainProxy        : Securing POST /api/auth/login
2026-05-12T00:26:42.179+02:00 DEBUG 17288 --- [EduRoom] [http-nio-8080-exec-1] o.s.s.w.a.AnonymousAuthenticationFilter  : Set SecurityContextHolder to anonymous SecurityContext
2026-05-12T00:26:42.179+02:00  WARN 17288 --- [EduRoom] [http-nio-8080-exec-1] o.s.w.s.h.HandlerMappingIntrospector     : Cache miss for REQUEST dispatch to '/api/auth/login' (previous null). Performing MatchableHandlerMapping lookup. This is logged once only at WARN level, and every time at TRACE.
2026-05-12T00:26:42.199+02:00 DEBUG 17288 --- [EduRoom] [http-nio-8080-exec-1] o.s.security.web.FilterChainProxy        : Secured POST /api/auth/login
2026-05-12T00:26:42.202+02:00 DEBUG 17288 --- [EduRoom] [http-nio-8080-exec-1] o.s.web.servlet.DispatcherServlet        : POST "/api/auth/login", parameters={}
2026-05-12T00:26:42.205+02:00 DEBUG 17288 --- [EduRoom] [http-nio-8080-exec-1] s.w.s.m.m.a.RequestMappingHandlerMapping : Mapped to com.eduroom.backend.controller.AuthController#login(LoginRequest)
2026-05-12T00:26:42.327+02:00 DEBUG 17288 --- [EduRoom] [http-nio-8080-exec-1] m.m.a.RequestResponseBodyMethodProcessor : Read "application/json;charset=UTF-8" to [LoginRequest(email=admin@eduroom.com, password=admin123)]
2026-05-12T00:26:42.439+02:00 DEBUG 17288 --- [EduRoom] [http-nio-8080-exec-1] org.hibernate.SQL                        : 
    select
        u1_0.id,
        u1_0.id_centro,
        u1_0.email,
        u1_0.nombre,
        u1_0.password_hash,
        u1_0.rol 
    from
        usuarios u1_0 
    where
        u1_0.email=?
2026-05-12T00:26:42.616+02:00 DEBUG 17288 --- [EduRoom] [http-nio-8080-exec-1] o.s.w.s.m.m.a.HttpEntityMethodProcessor  : Using 'application/json', given [application/json, text/plain, */*] and supported [application/json, application/*+json]
2026-05-12T00:26:42.618+02:00 DEBUG 17288 --- [EduRoom] [http-nio-8080-exec-1] o.s.w.s.m.m.a.HttpEntityMethodProcessor  : Writing [LoginResponse(token=eyJhbGciOiJIUzI1NiJ9.eyJ1c2VySWQiOjYsInN1YiI6ImFkbWluQGVkdXJvb20uY29tIiwiaWF0Ijo (truncated)...]
2026-05-12T00:26:42.634+02:00 DEBUG 17288 --- [EduRoom] [http-nio-8080-exec-1] o.s.web.servlet.DispatcherServlet        : Completed 200 OK
2026-05-12T00:26:42.696+02:00 DEBUG 17288 --- [EduRoom] [http-nio-8080-exec-2] o.s.security.web.FilterChainProxy        : Securing GET /api/centros
2026-05-12T00:26:42.732+02:00 DEBUG 17288 --- [EduRoom] [http-nio-8080-exec-2] org.hibernate.SQL                        : 
    select
        u1_0.id,
        u1_0.id_centro,
        u1_0.email,
        u1_0.nombre,
        u1_0.password_hash,
        u1_0.rol 
    from
        usuarios u1_0 
    where
        u1_0.email=?
2026-05-12T00:26:42.742+02:00 DEBUG 17288 --- [EduRoom] [http-nio-8080-exec-2] o.s.security.web.FilterChainProxy        : Secured GET /api/centros
2026-05-12T00:26:42.743+02:00 DEBUG 17288 --- [EduRoom] [http-nio-8080-exec-2] o.s.web.servlet.DispatcherServlet        : GET "/api/centros", parameters={}
2026-05-12T00:26:42.743+02:00 DEBUG 17288 --- [EduRoom] [http-nio-8080-exec-2] s.w.s.m.m.a.RequestMappingHandlerMapping : Mapped to com.eduroom.backend.controller.CentroController#getCentros(String)
2026-05-12T00:26:42.760+02:00 DEBUG 17288 --- [EduRoom] [http-nio-8080-exec-2] org.hibernate.SQL                        : 
    select
        u1_0.id,
        u1_0.id_centro,
        u1_0.email,
        u1_0.nombre,
        u1_0.password_hash,
        u1_0.rol 
    from
        usuarios u1_0 
    where
        u1_0.email=?
2026-05-12T00:26:42.763+02:00 DEBUG 17288 --- [EduRoom] [http-nio-8080-exec-2] org.hibernate.SQL                        : 
    select
        c1_0.id,
        c1_0.horario_fin,
        c1_0.horario_inicio,
        c1_0.nombre 
    from
        centros c1_0
2026-05-12T00:26:42.768+02:00 DEBUG 17288 --- [EduRoom] [http-nio-8080-exec-2] o.s.w.s.m.m.a.HttpEntityMethodProcessor  : Using 'application/json', given [application/json, text/plain, */*] and supported [application/json, application/*+json]
2026-05-12T00:26:42.769+02:00 DEBUG 17288 --- [EduRoom] [http-nio-8080-exec-2] o.s.w.s.m.m.a.HttpEntityMethodProcessor  : Writing [[com.eduroom.backend.model.Centro@24f2772f]]
2026-05-12T00:26:42.788+02:00 DEBUG 17288 --- [EduRoom] [http-nio-8080-exec-2] org.hibernate.SQL                        : 
    select
        u1_0.id_centro,
        u1_0.id,
        u1_0.email,
        u1_0.nombre,
        u1_0.password_hash,
        u1_0.rol 
    from
        usuarios u1_0 
    where
        u1_0.id_centro=?
2026-05-12T00:26:42.795+02:00 DEBUG 17288 --- [EduRoom] [http-nio-8080-exec-2] org.hibernate.SQL                        : 
    select
        a1_0.id_centro,
        a1_0.id,
        a1_0.capacidad,
        a1_0.nombre 
    from
        aulas a1_0 
    where
        a1_0.id_centro=?
2026-05-12T00:26:42.798+02:00 DEBUG 17288 --- [EduRoom] [http-nio-8080-exec-2] o.s.web.servlet.DispatcherServlet        : Completed 200 OK
2026-05-12T00:26:42.807+02:00 DEBUG 17288 --- [EduRoom] [http-nio-8080-exec-3] o.s.security.web.FilterChainProxy        : Securing GET /api/centros
2026-05-12T00:26:42.812+02:00 DEBUG 17288 --- [EduRoom] [http-nio-8080-exec-3] org.hibernate.SQL                        : 
    select
        u1_0.id,
        u1_0.id_centro,
        u1_0.email,
        u1_0.nombre,
        u1_0.password_hash,
        u1_0.rol 
    from
        usuarios u1_0 
    where
        u1_0.email=?
2026-05-12T00:26:42.819+02:00 DEBUG 17288 --- [EduRoom] [http-nio-8080-exec-3] o.s.security.web.FilterChainProxy        : Secured GET /api/centros
2026-05-12T00:26:42.820+02:00 DEBUG 17288 --- [EduRoom] [http-nio-8080-exec-3] o.s.web.servlet.DispatcherServlet        : GET "/api/centros", parameters={}
2026-05-12T00:26:42.820+02:00 DEBUG 17288 --- [EduRoom] [http-nio-8080-exec-3] s.w.s.m.m.a.RequestMappingHandlerMapping : Mapped to com.eduroom.backend.controller.CentroController#getCentros(String)
2026-05-12T00:26:42.825+02:00 DEBUG 17288 --- [EduRoom] [http-nio-8080-exec-3] org.hibernate.SQL                        : 
    select
        u1_0.id,
        u1_0.id_centro,
        u1_0.email,
        u1_0.nombre,
        u1_0.password_hash,
        u1_0.rol 
    from
        usuarios u1_0 
    where
        u1_0.email=?
2026-05-12T00:26:42.828+02:00 DEBUG 17288 --- [EduRoom] [http-nio-8080-exec-3] org.hibernate.SQL                        : 
    select
        c1_0.id,
        c1_0.horario_fin,
        c1_0.horario_inicio,
        c1_0.nombre 
    from
        centros c1_0
2026-05-12T00:26:42.831+02:00 DEBUG 17288 --- [EduRoom] [http-nio-8080-exec-3] o.s.w.s.m.m.a.HttpEntityMethodProcessor  : Using 'application/json', given [application/json, text/plain, */*] and supported [application/json, application/*+json]
2026-05-12T00:26:42.831+02:00 DEBUG 17288 --- [EduRoom] [http-nio-8080-exec-3] o.s.w.s.m.m.a.HttpEntityMethodProcessor  : Writing [[com.eduroom.backend.model.Centro@105bf3bd]]
2026-05-12T00:26:42.833+02:00 DEBUG 17288 --- [EduRoom] [http-nio-8080-exec-3] org.hibernate.SQL                        : 
    select
        u1_0.id_centro,
        u1_0.id,
        u1_0.email,
        u1_0.nombre,
        u1_0.password_hash,
        u1_0.rol 
    from
        usuarios u1_0 
    where
        u1_0.id_centro=?
2026-05-12T00:26:42.835+02:00 DEBUG 17288 --- [EduRoom] [http-nio-8080-exec-3] org.hibernate.SQL                        : 
    select
        a1_0.id_centro,
        a1_0.id,
        a1_0.capacidad,
        a1_0.nombre 
    from
        aulas a1_0 
    where
        a1_0.id_centro=?
2026-05-12T00:26:42.836+02:00 DEBUG 17288 --- [EduRoom] [http-nio-8080-exec-3] o.s.web.servlet.DispatcherServlet        : Completed 200 OK
2026-05-12T00:26:44.660+02:00 DEBUG 17288 --- [EduRoom] [http-nio-8080-exec-4] o.s.security.web.FilterChainProxy        : Securing OPTIONS /api/eventos/centro/2
2026-05-12T00:26:44.664+02:00 DEBUG 17288 --- [EduRoom] [http-nio-8080-exec-5] o.s.security.web.FilterChainProxy        : Securing GET /api/centros/2
2026-05-12T00:26:44.664+02:00 DEBUG 17288 --- [EduRoom] [http-nio-8080-exec-6] o.s.security.web.FilterChainProxy        : Securing OPTIONS /api/eventos/centro/2
2026-05-12T00:26:44.667+02:00 DEBUG 17288 --- [EduRoom] [http-nio-8080-exec-7] o.s.security.web.FilterChainProxy        : Securing GET /api/aulas/centro/2
2026-05-12T00:26:44.671+02:00 DEBUG 17288 --- [EduRoom] [http-nio-8080-exec-5] org.hibernate.SQL                        : 
    select
        u1_0.id,
        u1_0.id_centro,
        u1_0.email,
        u1_0.nombre,
        u1_0.password_hash,
        u1_0.rol 
    from
        usuarios u1_0 
    where
        u1_0.email=?
2026-05-12T00:26:44.673+02:00 DEBUG 17288 --- [EduRoom] [http-nio-8080-exec-8] o.s.security.web.FilterChainProxy        : Securing GET /api/eventos/centro/2
2026-05-12T00:26:44.673+02:00 DEBUG 17288 --- [EduRoom] [http-nio-8080-exec-7] org.hibernate.SQL                        : 
    select
        u1_0.id,
        u1_0.id_centro,
        u1_0.email,
        u1_0.nombre,
        u1_0.password_hash,
        u1_0.rol 
    from
        usuarios u1_0 
    where
        u1_0.email=?
2026-05-12T00:26:44.679+02:00 DEBUG 17288 --- [EduRoom] [http-nio-8080-exec-8] org.hibernate.SQL                        : 
    select
        u1_0.id,
        u1_0.id_centro,
        u1_0.email,
        u1_0.nombre,
        u1_0.password_hash,
        u1_0.rol 
    from
        usuarios u1_0 
    where
        u1_0.email=?
2026-05-12T00:26:44.684+02:00 DEBUG 17288 --- [EduRoom] [http-nio-8080-exec-5] o.s.security.web.FilterChainProxy        : Secured GET /api/centros/2
2026-05-12T00:26:44.684+02:00 DEBUG 17288 --- [EduRoom] [http-nio-8080-exec-5] o.s.web.servlet.DispatcherServlet        : GET "/api/centros/2", parameters={}
2026-05-12T00:26:44.685+02:00 DEBUG 17288 --- [EduRoom] [http-nio-8080-exec-7] o.s.security.web.FilterChainProxy        : Secured GET /api/aulas/centro/2
2026-05-12T00:26:44.685+02:00 DEBUG 17288 --- [EduRoom] [http-nio-8080-exec-5] s.w.s.m.m.a.RequestMappingHandlerMapping : Mapped to com.eduroom.backend.controller.CentroController#getCentroById(Long)
2026-05-12T00:26:44.685+02:00 DEBUG 17288 --- [EduRoom] [http-nio-8080-exec-7] o.s.web.servlet.DispatcherServlet        : GET "/api/aulas/centro/2", parameters={}
2026-05-12T00:26:44.686+02:00 DEBUG 17288 --- [EduRoom] [http-nio-8080-exec-7] s.w.s.m.m.a.RequestMappingHandlerMapping : Mapped to com.eduroom.backend.controller.AulaController#getAulasByCentro(Long)
2026-05-12T00:26:44.694+02:00 DEBUG 17288 --- [EduRoom] [http-nio-8080-exec-8] o.s.security.web.FilterChainProxy        : Secured GET /api/eventos/centro/2
2026-05-12T00:26:44.694+02:00 DEBUG 17288 --- [EduRoom] [http-nio-8080-exec-8] o.s.web.servlet.DispatcherServlet        : GET "/api/eventos/centro/2", parameters={}
2026-05-12T00:26:44.695+02:00 DEBUG 17288 --- [EduRoom] [http-nio-8080-exec-8] s.w.s.m.m.a.RequestMappingHandlerMapping : Mapped to com.eduroom.backend.controller.EventoController#getEventosByCentro(Long)
2026-05-12T00:26:44.704+02:00 DEBUG 17288 --- [EduRoom] [http-nio-8080-exec-8] org.hibernate.SQL                        : 
    select
        e1_0.id,
        e1_0.id_creador,
        e1_0.descripcion,
        e1_0.fecha,
        e1_0.hora_fin,
        e1_0.hora_inicio,
        e1_0.lugar,
        e1_0.qr_expiracion,
        e1_0.qr_token,
        e1_0.titulo 
    from
        eventos e1_0 
    left join
        usuarios c1_0 
            on c1_0.id=e1_0.id_creador 
    where
        c1_0.id_centro=?
2026-05-12T00:26:44.709+02:00 DEBUG 17288 --- [EduRoom] [http-nio-8080-exec-8] o.s.w.s.m.m.a.HttpEntityMethodProcessor  : Using 'application/json', given [application/json, text/plain, */*] and supported [application/json, application/*+json]
2026-05-12T00:26:44.710+02:00 DEBUG 17288 --- [EduRoom] [http-nio-8080-exec-5] org.hibernate.SQL                        : 
    select
        c1_0.id,
        c1_0.horario_fin,
        c1_0.horario_inicio,
        c1_0.nombre 
    from
        centros c1_0 
    where
        c1_0.id=?
2026-05-12T00:26:44.710+02:00 DEBUG 17288 --- [EduRoom] [http-nio-8080-exec-8] o.s.w.s.m.m.a.HttpEntityMethodProcessor  : Writing [[com.eduroom.backend.model.Evento@31a8c885]]
2026-05-12T00:26:44.710+02:00 DEBUG 17288 --- [EduRoom] [http-nio-8080-exec-7] org.hibernate.SQL                        : 
    select
        c1_0.id,
        c1_0.horario_fin,
        c1_0.horario_inicio,
        c1_0.nombre 
    from
        centros c1_0 
    where
        c1_0.id=?
2026-05-12T00:26:44.717+02:00 DEBUG 17288 --- [EduRoom] [http-nio-8080-exec-5] o.s.w.s.m.m.a.HttpEntityMethodProcessor  : Using 'application/json', given [application/json, text/plain, */*] and supported [application/json, application/*+json]
2026-05-12T00:26:44.717+02:00 DEBUG 17288 --- [EduRoom] [http-nio-8080-exec-5] o.s.w.s.m.m.a.HttpEntityMethodProcessor  : Writing [com.eduroom.backend.model.Centro@7f585c81]
2026-05-12T00:26:44.719+02:00 DEBUG 17288 --- [EduRoom] [http-nio-8080-exec-8] org.hibernate.SQL                        : 
    select
        u1_0.id,
        u1_0.id_centro,
        u1_0.email,
        u1_0.nombre,
        u1_0.password_hash,
        u1_0.rol 
    from
        usuarios u1_0 
    where
        u1_0.id=?
2026-05-12T00:26:44.720+02:00 DEBUG 17288 --- [EduRoom] [http-nio-8080-exec-5] org.hibernate.SQL                        : 
    select
        u1_0.id_centro,
        u1_0.id,
        u1_0.email,
        u1_0.nombre,
        u1_0.password_hash,
        u1_0.rol 
    from
        usuarios u1_0 
    where
        u1_0.id_centro=?
2026-05-12T00:26:44.722+02:00 DEBUG 17288 --- [EduRoom] [http-nio-8080-exec-5] org.hibernate.SQL                        : 
    select
        a1_0.id_centro,
        a1_0.id,
        a1_0.capacidad,
        a1_0.nombre 
    from
        aulas a1_0 
    where
        a1_0.id_centro=?
2026-05-12T00:26:44.724+02:00 DEBUG 17288 --- [EduRoom] [http-nio-8080-exec-5] o.s.web.servlet.DispatcherServlet        : Completed 200 OK
2026-05-12T00:26:44.726+02:00 DEBUG 17288 --- [EduRoom] [http-nio-8080-exec-7] org.hibernate.SQL                        : 
    select
        a1_0.id,
        a1_0.capacidad,
        a1_0.id_centro,
        a1_0.nombre 
    from
        aulas a1_0 
    where
        a1_0.id_centro=?
2026-05-12T00:26:44.728+02:00 DEBUG 17288 --- [EduRoom] [http-nio-8080-exec-7] o.s.w.s.m.m.a.HttpEntityMethodProcessor  : Using 'application/json', given [application/json, text/plain, */*] and supported [application/json, application/*+json]
2026-05-12T00:26:44.729+02:00 DEBUG 17288 --- [EduRoom] [http-nio-8080-exec-8] org.hibernate.SQL                        : 
    select
        c1_0.id,
        c1_0.horario_fin,
        c1_0.horario_inicio,
        c1_0.nombre 
    from
        centros c1_0 
    where
        c1_0.id=?
2026-05-12T00:26:44.729+02:00 DEBUG 17288 --- [EduRoom] [http-nio-8080-exec-7] o.s.w.s.m.m.a.HttpEntityMethodProcessor  : Writing [[]]
2026-05-12T00:26:44.731+02:00 DEBUG 17288 --- [EduRoom] [http-nio-8080-exec-7] o.s.web.servlet.DispatcherServlet        : Completed 200 OK
2026-05-12T00:26:44.734+02:00 DEBUG 17288 --- [EduRoom] [http-nio-8080-exec-8] o.s.web.servlet.DispatcherServlet        : Completed 200 OK
2026-05-12T00:26:44.739+02:00 DEBUG 17288 --- [EduRoom] [http-nio-8080-exec-10] o.s.security.web.FilterChainProxy        : Securing GET /api/centros/2
2026-05-12T00:26:44.739+02:00 DEBUG 17288 --- [EduRoom] [http-nio-8080-exec-9] o.s.security.web.FilterChainProxy        : Securing GET /api/eventos/centro/2
2026-05-12T00:26:44.744+02:00 DEBUG 17288 --- [EduRoom] [http-nio-8080-exec-1] o.s.security.web.FilterChainProxy        : Securing GET /api/aulas/centro/2
2026-05-12T00:26:44.745+02:00 DEBUG 17288 --- [EduRoom] [http-nio-8080-exec-9] org.hibernate.SQL                        : 
    select
        u1_0.id,
        u1_0.id_centro,
        u1_0.email,
        u1_0.nombre,
        u1_0.password_hash,
        u1_0.rol 
    from
        usuarios u1_0 
    where
        u1_0.email=?
2026-05-12T00:26:44.745+02:00 DEBUG 17288 --- [EduRoom] [http-nio-8080-exec-10] org.hibernate.SQL                        : 
    select
        u1_0.id,
        u1_0.id_centro,
        u1_0.email,
        u1_0.nombre,
        u1_0.password_hash,
        u1_0.rol 
    from
        usuarios u1_0 
    where
        u1_0.email=?
2026-05-12T00:26:44.750+02:00 DEBUG 17288 --- [EduRoom] [http-nio-8080-exec-1] org.hibernate.SQL                        : 
    select
        u1_0.id,
        u1_0.id_centro,
        u1_0.email,
        u1_0.nombre,
        u1_0.password_hash,
        u1_0.rol 
    from
        usuarios u1_0 
    where
        u1_0.email=?
2026-05-12T00:26:44.756+02:00 DEBUG 17288 --- [EduRoom] [http-nio-8080-exec-9] o.s.security.web.FilterChainProxy        : Secured GET /api/eventos/centro/2
2026-05-12T00:26:44.756+02:00 DEBUG 17288 --- [EduRoom] [http-nio-8080-exec-10] o.s.security.web.FilterChainProxy        : Secured GET /api/centros/2
2026-05-12T00:26:44.756+02:00 DEBUG 17288 --- [EduRoom] [http-nio-8080-exec-9] o.s.web.servlet.DispatcherServlet        : GET "/api/eventos/centro/2", parameters={}
2026-05-12T00:26:44.756+02:00 DEBUG 17288 --- [EduRoom] [http-nio-8080-exec-10] o.s.web.servlet.DispatcherServlet        : GET "/api/centros/2", parameters={}
2026-05-12T00:26:44.757+02:00 DEBUG 17288 --- [EduRoom] [http-nio-8080-exec-10] s.w.s.m.m.a.RequestMappingHandlerMapping : Mapped to com.eduroom.backend.controller.CentroController#getCentroById(Long)
2026-05-12T00:26:44.757+02:00 DEBUG 17288 --- [EduRoom] [http-nio-8080-exec-9] s.w.s.m.m.a.RequestMappingHandlerMapping : Mapped to com.eduroom.backend.controller.EventoController#getEventosByCentro(Long)
2026-05-12T00:26:44.758+02:00 DEBUG 17288 --- [EduRoom] [http-nio-8080-exec-1] o.s.security.web.FilterChainProxy        : Secured GET /api/aulas/centro/2
2026-05-12T00:26:44.759+02:00 DEBUG 17288 --- [EduRoom] [http-nio-8080-exec-1] o.s.web.servlet.DispatcherServlet        : GET "/api/aulas/centro/2", parameters={}
2026-05-12T00:26:44.759+02:00 DEBUG 17288 --- [EduRoom] [http-nio-8080-exec-10] org.hibernate.SQL                        : 
    select
        c1_0.id,
        c1_0.horario_fin,
        c1_0.horario_inicio,
        c1_0.nombre 
    from
        centros c1_0 
    where
        c1_0.id=?
2026-05-12T00:26:44.759+02:00 DEBUG 17288 --- [EduRoom] [http-nio-8080-exec-1] s.w.s.m.m.a.RequestMappingHandlerMapping : Mapped to com.eduroom.backend.controller.AulaController#getAulasByCentro(Long)
2026-05-12T00:26:44.759+02:00 DEBUG 17288 --- [EduRoom] [http-nio-8080-exec-9] org.hibernate.SQL                        : 
    select
        e1_0.id,
        e1_0.id_creador,
        e1_0.descripcion,
        e1_0.fecha,
        e1_0.hora_fin,
        e1_0.hora_inicio,
        e1_0.lugar,
        e1_0.qr_expiracion,
        e1_0.qr_token,
        e1_0.titulo 
    from
        eventos e1_0 
    left join
        usuarios c1_0 
            on c1_0.id=e1_0.id_creador 
    where
        c1_0.id_centro=?
2026-05-12T00:26:44.760+02:00 DEBUG 17288 --- [EduRoom] [http-nio-8080-exec-10] o.s.w.s.m.m.a.HttpEntityMethodProcessor  : Using 'application/json', given [application/json, text/plain, */*] and supported [application/json, application/*+json]
2026-05-12T00:26:44.760+02:00 DEBUG 17288 --- [EduRoom] [http-nio-8080-exec-1] org.hibernate.SQL                        : 
    select
        c1_0.id,
        c1_0.horario_fin,
        c1_0.horario_inicio,
        c1_0.nombre 
    from
        centros c1_0 
    where
        c1_0.id=?
2026-05-12T00:26:44.762+02:00 DEBUG 17288 --- [EduRoom] [http-nio-8080-exec-10] o.s.w.s.m.m.a.HttpEntityMethodProcessor  : Writing [com.eduroom.backend.model.Centro@f0f4fc1]
2026-05-12T00:26:44.762+02:00 DEBUG 17288 --- [EduRoom] [http-nio-8080-exec-9] o.s.w.s.m.m.a.HttpEntityMethodProcessor  : Using 'application/json', given [application/json, text/plain, */*] and supported [application/json, application/*+json]
2026-05-12T00:26:44.763+02:00 DEBUG 17288 --- [EduRoom] [http-nio-8080-exec-10] org.hibernate.SQL                        : 
    select
        u1_0.id_centro,
        u1_0.id,
        u1_0.email,
        u1_0.nombre,
        u1_0.password_hash,
        u1_0.rol 
    from
        usuarios u1_0 
    where
        u1_0.id_centro=?
2026-05-12T00:26:44.763+02:00 DEBUG 17288 --- [EduRoom] [http-nio-8080-exec-9] o.s.w.s.m.m.a.HttpEntityMethodProcessor  : Writing [[com.eduroom.backend.model.Evento@2b43fecd]]
2026-05-12T00:26:44.764+02:00 DEBUG 17288 --- [EduRoom] [http-nio-8080-exec-9] org.hibernate.SQL                        : 
    select
        u1_0.id,
        u1_0.id_centro,
        u1_0.email,
        u1_0.nombre,
        u1_0.password_hash,
        u1_0.rol 
    from
        usuarios u1_0 
    where
        u1_0.id=?
2026-05-12T00:26:44.764+02:00 DEBUG 17288 --- [EduRoom] [http-nio-8080-exec-10] org.hibernate.SQL                        : 
    select
        a1_0.id_centro,
        a1_0.id,
        a1_0.capacidad,
        a1_0.nombre 
    from
        aulas a1_0 
    where
        a1_0.id_centro=?
2026-05-12T00:26:44.766+02:00 DEBUG 17288 --- [EduRoom] [http-nio-8080-exec-1] org.hibernate.SQL                        : 
    select
        a1_0.id,
        a1_0.capacidad,
        a1_0.id_centro,
        a1_0.nombre 
    from
        aulas a1_0 
    where
        a1_0.id_centro=?
2026-05-12T00:26:44.768+02:00 DEBUG 17288 --- [EduRoom] [http-nio-8080-exec-9] org.hibernate.SQL                        : 
    select
        c1_0.id,
        c1_0.horario_fin,
        c1_0.horario_inicio,
        c1_0.nombre 
    from
        centros c1_0 
    where
        c1_0.id=?
2026-05-12T00:26:44.768+02:00 DEBUG 17288 --- [EduRoom] [http-nio-8080-exec-1] o.s.w.s.m.m.a.HttpEntityMethodProcessor  : Using 'application/json', given [application/json, text/plain, */*] and supported [application/json, application/*+json]
2026-05-12T00:26:44.768+02:00 DEBUG 17288 --- [EduRoom] [http-nio-8080-exec-10] o.s.web.servlet.DispatcherServlet        : Completed 200 OK
2026-05-12T00:26:44.769+02:00 DEBUG 17288 --- [EduRoom] [http-nio-8080-exec-1] o.s.w.s.m.m.a.HttpEntityMethodProcessor  : Writing [[]]
2026-05-12T00:26:44.770+02:00 DEBUG 17288 --- [EduRoom] [http-nio-8080-exec-1] o.s.web.servlet.DispatcherServlet        : Completed 200 OK
2026-05-12T00:26:44.771+02:00 DEBUG 17288 --- [EduRoom] [http-nio-8080-exec-9] o.s.web.servlet.DispatcherServlet        : Completed 200 OK
2026-05-12T00:26:45.959+02:00 DEBUG 17288 --- [EduRoom] [http-nio-8080-exec-3] o.s.security.web.FilterChainProxy        : Securing OPTIONS /api/asistencia/evento/3
2026-05-12T00:26:45.959+02:00 DEBUG 17288 --- [EduRoom] [http-nio-8080-exec-2] o.s.security.web.FilterChainProxy        : Securing OPTIONS /api/eventos/3
2026-05-12T00:26:45.963+02:00 DEBUG 17288 --- [EduRoom] [http-nio-8080-exec-3] o.s.security.web.FilterChainProxy        : Securing OPTIONS /api/eventos/3
2026-05-12T00:26:45.965+02:00 DEBUG 17288 --- [EduRoom] [http-nio-8080-exec-6] o.s.security.web.FilterChainProxy        : Securing OPTIONS /api/asistencia/evento/3
2026-05-12T00:26:45.971+02:00 DEBUG 17288 --- [EduRoom] [http-nio-8080-exec-5] o.s.security.web.FilterChainProxy        : Securing GET /api/eventos/3
2026-05-12T00:26:45.971+02:00 DEBUG 17288 --- [EduRoom] [http-nio-8080-exec-7] o.s.security.web.FilterChainProxy        : Securing GET /api/asistencia/evento/3
2026-05-12T00:26:45.976+02:00 DEBUG 17288 --- [EduRoom] [http-nio-8080-exec-5] org.hibernate.SQL                        : 
    select
        u1_0.id,
        u1_0.id_centro,
        u1_0.email,
        u1_0.nombre,
        u1_0.password_hash,
        u1_0.rol 
    from
        usuarios u1_0 
    where
        u1_0.email=?
2026-05-12T00:26:45.976+02:00 DEBUG 17288 --- [EduRoom] [http-nio-8080-exec-7] org.hibernate.SQL                        : 
    select
        u1_0.id,
        u1_0.id_centro,
        u1_0.email,
        u1_0.nombre,
        u1_0.password_hash,
        u1_0.rol 
    from
        usuarios u1_0 
    where
        u1_0.email=?
2026-05-12T00:26:45.987+02:00 DEBUG 17288 --- [EduRoom] [http-nio-8080-exec-5] o.s.security.web.FilterChainProxy        : Secured GET /api/eventos/3
2026-05-12T00:26:45.987+02:00 DEBUG 17288 --- [EduRoom] [http-nio-8080-exec-7] o.s.security.web.FilterChainProxy        : Secured GET /api/asistencia/evento/3
2026-05-12T00:26:45.987+02:00 DEBUG 17288 --- [EduRoom] [http-nio-8080-exec-5] o.s.web.servlet.DispatcherServlet        : GET "/api/eventos/3", parameters={}
2026-05-12T00:26:45.987+02:00 DEBUG 17288 --- [EduRoom] [http-nio-8080-exec-7] o.s.web.servlet.DispatcherServlet        : GET "/api/asistencia/evento/3", parameters={}
2026-05-12T00:26:45.988+02:00 DEBUG 17288 --- [EduRoom] [http-nio-8080-exec-5] s.w.s.m.m.a.RequestMappingHandlerMapping : Mapped to com.eduroom.backend.controller.EventoController#getEventoById(Long)
2026-05-12T00:26:45.988+02:00 DEBUG 17288 --- [EduRoom] [http-nio-8080-exec-7] s.w.s.m.m.a.RequestMappingHandlerMapping : Mapped to com.eduroom.backend.controller.AsistenciaController#getAsistenciasPorEvento(Long)
2026-05-12T00:26:45.991+02:00 DEBUG 17288 --- [EduRoom] [http-nio-8080-exec-5] org.hibernate.SQL                        : 
    select
        e1_0.id,
        e1_0.id_creador,
        e1_0.descripcion,
        e1_0.fecha,
        e1_0.hora_fin,
        e1_0.hora_inicio,
        e1_0.lugar,
        e1_0.qr_expiracion,
        e1_0.qr_token,
        e1_0.titulo 
    from
        eventos e1_0 
    where
        e1_0.id=?
2026-05-12T00:26:45.991+02:00 DEBUG 17288 --- [EduRoom] [http-nio-8080-exec-7] org.hibernate.SQL                        : 
    select
        e1_0.id,
        e1_0.id_creador,
        e1_0.descripcion,
        e1_0.fecha,
        e1_0.hora_fin,
        e1_0.hora_inicio,
        e1_0.lugar,
        e1_0.qr_expiracion,
        e1_0.qr_token,
        e1_0.titulo 
    from
        eventos e1_0 
    where
        e1_0.id=?
2026-05-12T00:26:45.996+02:00 DEBUG 17288 --- [EduRoom] [http-nio-8080-exec-7] org.hibernate.SQL                        : 
    select
        a1_0.id,
        a1_0.id_evento,
        a1_0.nombre_alumno,
        a1_0.timestamp_checkin 
    from
        asistencias a1_0 
    where
        a1_0.id_evento=?
2026-05-12T00:26:45.997+02:00 DEBUG 17288 --- [EduRoom] [http-nio-8080-exec-5] o.s.w.s.m.m.a.HttpEntityMethodProcessor  : Using 'application/json', given [application/json, text/plain, */*] and supported [application/json, application/*+json]
2026-05-12T00:26:45.998+02:00 DEBUG 17288 --- [EduRoom] [http-nio-8080-exec-5] o.s.w.s.m.m.a.HttpEntityMethodProcessor  : Writing [com.eduroom.backend.model.Evento@1421be31]
2026-05-12T00:26:46.000+02:00 DEBUG 17288 --- [EduRoom] [http-nio-8080-exec-7] o.s.w.s.m.m.a.HttpEntityMethodProcessor  : Using 'application/json', given [application/json, text/plain, */*] and supported [application/json, application/*+json]
2026-05-12T00:26:46.000+02:00 DEBUG 17288 --- [EduRoom] [http-nio-8080-exec-5] org.hibernate.SQL                        : 
    select
        u1_0.id,
        u1_0.id_centro,
        u1_0.email,
        u1_0.nombre,
        u1_0.password_hash,
        u1_0.rol 
    from
        usuarios u1_0 
    where
        u1_0.id=?
2026-05-12T00:26:46.001+02:00 DEBUG 17288 --- [EduRoom] [http-nio-8080-exec-7] o.s.w.s.m.m.a.HttpEntityMethodProcessor  : Writing [[]]
2026-05-12T00:26:46.002+02:00 DEBUG 17288 --- [EduRoom] [http-nio-8080-exec-7] o.s.web.servlet.DispatcherServlet        : Completed 200 OK
2026-05-12T00:26:46.002+02:00 DEBUG 17288 --- [EduRoom] [http-nio-8080-exec-5] org.hibernate.SQL                        : 
    select
        c1_0.id,
        c1_0.horario_fin,
        c1_0.horario_inicio,
        c1_0.nombre 
    from
        centros c1_0 
    where
        c1_0.id=?
2026-05-12T00:26:46.006+02:00 DEBUG 17288 --- [EduRoom] [http-nio-8080-exec-8] o.s.security.web.FilterChainProxy        : Securing GET /api/asistencia/evento/3
2026-05-12T00:26:46.006+02:00 DEBUG 17288 --- [EduRoom] [http-nio-8080-exec-5] o.s.web.servlet.DispatcherServlet        : Completed 200 OK
2026-05-12T00:26:46.009+02:00 DEBUG 17288 --- [EduRoom] [http-nio-8080-exec-10] o.s.security.web.FilterChainProxy        : Securing GET /api/eventos/3
2026-05-12T00:26:46.012+02:00 DEBUG 17288 --- [EduRoom] [http-nio-8080-exec-8] org.hibernate.SQL                        : 
    select
        u1_0.id,
        u1_0.id_centro,
        u1_0.email,
        u1_0.nombre,
        u1_0.password_hash,
        u1_0.rol 
    from
        usuarios u1_0 
    where
        u1_0.email=?
2026-05-12T00:26:46.016+02:00 DEBUG 17288 --- [EduRoom] [http-nio-8080-exec-10] org.hibernate.SQL                        : 
    select
        u1_0.id,
        u1_0.id_centro,
        u1_0.email,
        u1_0.nombre,
        u1_0.password_hash,
        u1_0.rol 
    from
        usuarios u1_0 
    where
        u1_0.email=?
2026-05-12T00:26:46.017+02:00 DEBUG 17288 --- [EduRoom] [http-nio-8080-exec-1] o.s.security.web.FilterChainProxy        : Securing GET /api/eventos/3/qr
2026-05-12T00:26:46.018+02:00 DEBUG 17288 --- [EduRoom] [http-nio-8080-exec-1] o.s.s.w.a.AnonymousAuthenticationFilter  : Set SecurityContextHolder to anonymous SecurityContext
2026-05-12T00:26:46.020+02:00 DEBUG 17288 --- [EduRoom] [http-nio-8080-exec-1] o.s.security.web.FilterChainProxy        : Secured GET /api/eventos/3/qr
2026-05-12T00:26:46.021+02:00 DEBUG 17288 --- [EduRoom] [http-nio-8080-exec-1] o.s.web.servlet.DispatcherServlet        : GET "/api/eventos/3/qr", parameters={}
2026-05-12T00:26:46.021+02:00 DEBUG 17288 --- [EduRoom] [http-nio-8080-exec-1] s.w.s.m.m.a.RequestMappingHandlerMapping : Mapped to com.eduroom.backend.controller.EventoController#getQrCode(Long)
2026-05-12T00:26:46.022+02:00 DEBUG 17288 --- [EduRoom] [http-nio-8080-exec-8] o.s.security.web.FilterChainProxy        : Secured GET /api/asistencia/evento/3
2026-05-12T00:26:46.022+02:00 DEBUG 17288 --- [EduRoom] [http-nio-8080-exec-8] o.s.web.servlet.DispatcherServlet        : GET "/api/asistencia/evento/3", parameters={}
2026-05-12T00:26:46.023+02:00 DEBUG 17288 --- [EduRoom] [http-nio-8080-exec-8] s.w.s.m.m.a.RequestMappingHandlerMapping : Mapped to com.eduroom.backend.controller.AsistenciaController#getAsistenciasPorEvento(Long)
2026-05-12T00:26:46.023+02:00 DEBUG 17288 --- [EduRoom] [http-nio-8080-exec-1] org.hibernate.SQL                        : 
    select
        e1_0.id,
        e1_0.id_creador,
        e1_0.descripcion,
        e1_0.fecha,
        e1_0.hora_fin,
        e1_0.hora_inicio,
        e1_0.lugar,
        e1_0.qr_expiracion,
        e1_0.qr_token,
        e1_0.titulo 
    from
        eventos e1_0 
    where
        e1_0.id=?
2026-05-12T00:26:46.025+02:00 DEBUG 17288 --- [EduRoom] [http-nio-8080-exec-10] o.s.security.web.FilterChainProxy        : Secured GET /api/eventos/3
2026-05-12T00:26:46.025+02:00 DEBUG 17288 --- [EduRoom] [http-nio-8080-exec-10] o.s.web.servlet.DispatcherServlet        : GET "/api/eventos/3", parameters={}
2026-05-12T00:26:46.025+02:00 DEBUG 17288 --- [EduRoom] [http-nio-8080-exec-8] org.hibernate.SQL                        : 
    select
        e1_0.id,
        e1_0.id_creador,
        e1_0.descripcion,
        e1_0.fecha,
        e1_0.hora_fin,
        e1_0.hora_inicio,
        e1_0.lugar,
        e1_0.qr_expiracion,
        e1_0.qr_token,
        e1_0.titulo 
    from
        eventos e1_0 
    where
        e1_0.id=?
2026-05-12T00:26:46.026+02:00 DEBUG 17288 --- [EduRoom] [http-nio-8080-exec-10] s.w.s.m.m.a.RequestMappingHandlerMapping : Mapped to com.eduroom.backend.controller.EventoController#getEventoById(Long)
2026-05-12T00:26:46.027+02:00 DEBUG 17288 --- [EduRoom] [http-nio-8080-exec-10] org.hibernate.SQL                        : 
    select
        e1_0.id,
        e1_0.id_creador,
        e1_0.descripcion,
        e1_0.fecha,
        e1_0.hora_fin,
        e1_0.hora_inicio,
        e1_0.lugar,
        e1_0.qr_expiracion,
        e1_0.qr_token,
        e1_0.titulo 
    from
        eventos e1_0 
    where
        e1_0.id=?
2026-05-12T00:26:46.031+02:00 DEBUG 17288 --- [EduRoom] [http-nio-8080-exec-8] org.hibernate.SQL                        : 
    select
        a1_0.id,
        a1_0.id_evento,
        a1_0.nombre_alumno,
        a1_0.timestamp_checkin 
    from
        asistencias a1_0 
    where
        a1_0.id_evento=?
2026-05-12T00:26:46.032+02:00 DEBUG 17288 --- [EduRoom] [http-nio-8080-exec-10] o.s.w.s.m.m.a.HttpEntityMethodProcessor  : Using 'application/json', given [application/json, text/plain, */*] and supported [application/json, application/*+json]
2026-05-12T00:26:46.032+02:00 DEBUG 17288 --- [EduRoom] [http-nio-8080-exec-8] o.s.w.s.m.m.a.HttpEntityMethodProcessor  : Using 'application/json', given [application/json, text/plain, */*] and supported [application/json, application/*+json]
2026-05-12T00:26:46.034+02:00 DEBUG 17288 --- [EduRoom] [http-nio-8080-exec-10] o.s.w.s.m.m.a.HttpEntityMethodProcessor  : Writing [com.eduroom.backend.model.Evento@1d08c46f]
2026-05-12T00:26:46.034+02:00 DEBUG 17288 --- [EduRoom] [http-nio-8080-exec-8] o.s.w.s.m.m.a.HttpEntityMethodProcessor  : Writing [[]]
2026-05-12T00:26:46.035+02:00 DEBUG 17288 --- [EduRoom] [http-nio-8080-exec-10] org.hibernate.SQL                        : 
    select
        u1_0.id,
        u1_0.id_centro,
        u1_0.email,
        u1_0.nombre,
        u1_0.password_hash,
        u1_0.rol 
    from
        usuarios u1_0 
    where
        u1_0.id=?
2026-05-12T00:26:46.035+02:00 DEBUG 17288 --- [EduRoom] [http-nio-8080-exec-8] o.s.web.servlet.DispatcherServlet        : Completed 200 OK
2026-05-12T00:26:46.037+02:00 DEBUG 17288 --- [EduRoom] [http-nio-8080-exec-10] org.hibernate.SQL                        : 
    select
        c1_0.id,
        c1_0.horario_fin,
        c1_0.horario_inicio,
        c1_0.nombre 
    from
        centros c1_0 
    where
        c1_0.id=?
2026-05-12T00:26:46.040+02:00 DEBUG 17288 --- [EduRoom] [http-nio-8080-exec-10] o.s.web.servlet.DispatcherServlet        : Completed 200 OK
2026-05-12T00:26:46.190+02:00 DEBUG 17288 --- [EduRoom] [http-nio-8080-exec-1] o.s.w.s.m.m.a.HttpEntityMethodProcessor  : Found 'Content-Type:image/png' in response
2026-05-12T00:26:46.190+02:00 DEBUG 17288 --- [EduRoom] [http-nio-8080-exec-1] o.s.w.s.m.m.a.HttpEntityMethodProcessor  : Writing [{-119, 80, 78, 71, 13, 10, 26, 10, 0, 0, 0, 13, 73, 72, 68, 82, 0, 0, 1, 44, 0, 0, 1, 44, 1, 0, 0, 0 (truncated)...]
2026-05-12T00:26:46.191+02:00 DEBUG 17288 --- [EduRoom] [http-nio-8080-exec-1] o.s.web.servlet.DispatcherServlet        : Completed 200 OK
2026-05-12T00:26:49.593+02:00 DEBUG 17288 --- [EduRoom] [http-nio-8080-exec-9] o.s.security.web.FilterChainProxy        : Securing DELETE /api/eventos/3
2026-05-12T00:26:49.597+02:00 DEBUG 17288 --- [EduRoom] [http-nio-8080-exec-9] org.hibernate.SQL                        : 
    select
        u1_0.id,
        u1_0.id_centro,
        u1_0.email,
        u1_0.nombre,
        u1_0.password_hash,
        u1_0.rol 
    from
        usuarios u1_0 
    where
        u1_0.email=?
2026-05-12T00:26:49.604+02:00 DEBUG 17288 --- [EduRoom] [http-nio-8080-exec-9] o.s.security.web.FilterChainProxy        : Secured DELETE /api/eventos/3
2026-05-12T00:26:49.604+02:00 DEBUG 17288 --- [EduRoom] [http-nio-8080-exec-9] o.s.web.servlet.DispatcherServlet        : DELETE "/api/eventos/3", parameters={}
2026-05-12T00:26:49.606+02:00 DEBUG 17288 --- [EduRoom] [http-nio-8080-exec-9] s.w.s.m.m.a.RequestMappingHandlerMapping : Mapped to com.eduroom.backend.controller.EventoController#deleteEvento(Long)
2026-05-12T00:26:49.641+02:00 DEBUG 17288 --- [EduRoom] [http-nio-8080-exec-9] org.hibernate.SQL                        : 
    select
        count(*) 
    from
        eventos e1_0 
    where
        e1_0.id=?
2026-05-12T00:26:49.644+02:00 DEBUG 17288 --- [EduRoom] [http-nio-8080-exec-9] org.hibernate.SQL                        : 
    select
        e1_0.id,
        e1_0.id_creador,
        e1_0.descripcion,
        e1_0.fecha,
        e1_0.hora_fin,
        e1_0.hora_inicio,
        e1_0.lugar,
        e1_0.qr_expiracion,
        e1_0.qr_token,
        e1_0.titulo 
    from
        eventos e1_0 
    where
        e1_0.id=?
2026-05-12T00:26:49.661+02:00 DEBUG 17288 --- [EduRoom] [http-nio-8080-exec-9] org.hibernate.SQL                        : 
    select
        a1_0.id_evento,
        a1_0.id,
        a1_0.nombre_alumno,
        a1_0.timestamp_checkin 
    from
        asistencias a1_0 
    where
        a1_0.id_evento=?
2026-05-12T00:26:49.719+02:00 DEBUG 17288 --- [EduRoom] [http-nio-8080-exec-9] org.hibernate.SQL                        : 
    delete 
    from
        eventos 
    where
        id=?
2026-05-12T00:26:49.737+02:00 DEBUG 17288 --- [EduRoom] [http-nio-8080-exec-9] o.s.w.s.m.m.a.HttpEntityMethodProcessor  : Using 'application/json', given [application/json, text/plain, */*] and supported [application/json, application/*+json]
2026-05-12T00:26:49.738+02:00 DEBUG 17288 --- [EduRoom] [http-nio-8080-exec-9] o.s.w.s.m.m.a.HttpEntityMethodProcessor  : Nothing to write: null body
2026-05-12T00:26:49.739+02:00 DEBUG 17288 --- [EduRoom] [http-nio-8080-exec-9] o.s.web.servlet.DispatcherServlet        : Completed 204 NO_CONTENT
2026-05-12T00:26:49.769+02:00 DEBUG 17288 --- [EduRoom] [http-nio-8080-exec-2] o.s.security.web.FilterChainProxy        : Securing GET /api/eventos/centro/2
2026-05-12T00:26:49.772+02:00 DEBUG 17288 --- [EduRoom] [http-nio-8080-exec-4] o.s.security.web.FilterChainProxy        : Securing GET /api/centros/2
2026-05-12T00:26:49.775+02:00 DEBUG 17288 --- [EduRoom] [http-nio-8080-exec-3] o.s.security.web.FilterChainProxy        : Securing GET /api/aulas/centro/2
2026-05-12T00:26:49.776+02:00 DEBUG 17288 --- [EduRoom] [http-nio-8080-exec-2] org.hibernate.SQL                        : 
    select
        u1_0.id,
        u1_0.id_centro,
        u1_0.email,
        u1_0.nombre,
        u1_0.password_hash,
        u1_0.rol 
    from
        usuarios u1_0 
    where
        u1_0.email=?
2026-05-12T00:26:49.776+02:00 DEBUG 17288 --- [EduRoom] [http-nio-8080-exec-4] org.hibernate.SQL                        : 
    select
        u1_0.id,
        u1_0.id_centro,
        u1_0.email,
        u1_0.nombre,
        u1_0.password_hash,
        u1_0.rol 
    from
        usuarios u1_0 
    where
        u1_0.email=?
2026-05-12T00:26:49.783+02:00 DEBUG 17288 --- [EduRoom] [http-nio-8080-exec-3] org.hibernate.SQL                        : 
    select
        u1_0.id,
        u1_0.id_centro,
        u1_0.email,
        u1_0.nombre,
        u1_0.password_hash,
        u1_0.rol 
    from
        usuarios u1_0 
    where
        u1_0.email=?
2026-05-12T00:26:49.788+02:00 DEBUG 17288 --- [EduRoom] [http-nio-8080-exec-2] o.s.security.web.FilterChainProxy        : Secured GET /api/eventos/centro/2
2026-05-12T00:26:49.788+02:00 DEBUG 17288 --- [EduRoom] [http-nio-8080-exec-2] o.s.web.servlet.DispatcherServlet        : GET "/api/eventos/centro/2", parameters={}
2026-05-12T00:26:49.789+02:00 DEBUG 17288 --- [EduRoom] [http-nio-8080-exec-2] s.w.s.m.m.a.RequestMappingHandlerMapping : Mapped to com.eduroom.backend.controller.EventoController#getEventosByCentro(Long)
2026-05-12T00:26:49.789+02:00 DEBUG 17288 --- [EduRoom] [http-nio-8080-exec-4] o.s.security.web.FilterChainProxy        : Secured GET /api/centros/2
2026-05-12T00:26:49.791+02:00 DEBUG 17288 --- [EduRoom] [http-nio-8080-exec-4] o.s.web.servlet.DispatcherServlet        : GET "/api/centros/2", parameters={}
2026-05-12T00:26:49.792+02:00 DEBUG 17288 --- [EduRoom] [http-nio-8080-exec-4] s.w.s.m.m.a.RequestMappingHandlerMapping : Mapped to com.eduroom.backend.controller.CentroController#getCentroById(Long)
2026-05-12T00:26:49.793+02:00 DEBUG 17288 --- [EduRoom] [http-nio-8080-exec-2] org.hibernate.SQL                        : 
    select
        e1_0.id,
        e1_0.id_creador,
        e1_0.descripcion,
        e1_0.fecha,
        e1_0.hora_fin,
        e1_0.hora_inicio,
        e1_0.lugar,
        e1_0.qr_expiracion,
        e1_0.qr_token,
        e1_0.titulo 
    from
        eventos e1_0 
    left join
        usuarios c1_0 
            on c1_0.id=e1_0.id_creador 
    where
        c1_0.id_centro=?
2026-05-12T00:26:49.794+02:00 DEBUG 17288 --- [EduRoom] [http-nio-8080-exec-4] org.hibernate.SQL                        : 
    select
        c1_0.id,
        c1_0.horario_fin,
        c1_0.horario_inicio,
        c1_0.nombre 
    from
        centros c1_0 
    where
        c1_0.id=?
2026-05-12T00:26:49.796+02:00 DEBUG 17288 --- [EduRoom] [http-nio-8080-exec-3] o.s.security.web.FilterChainProxy        : Secured GET /api/aulas/centro/2
2026-05-12T00:26:49.797+02:00 DEBUG 17288 --- [EduRoom] [http-nio-8080-exec-2] o.s.w.s.m.m.a.HttpEntityMethodProcessor  : Using 'application/json', given [application/json, text/plain, */*] and supported [application/json, application/*+json]
2026-05-12T00:26:49.798+02:00 DEBUG 17288 --- [EduRoom] [http-nio-8080-exec-3] o.s.web.servlet.DispatcherServlet        : GET "/api/aulas/centro/2", parameters={}
2026-05-12T00:26:49.798+02:00 DEBUG 17288 --- [EduRoom] [http-nio-8080-exec-2] o.s.w.s.m.m.a.HttpEntityMethodProcessor  : Writing [[]]
2026-05-12T00:26:49.799+02:00 DEBUG 17288 --- [EduRoom] [http-nio-8080-exec-3] s.w.s.m.m.a.RequestMappingHandlerMapping : Mapped to com.eduroom.backend.controller.AulaController#getAulasByCentro(Long)
2026-05-12T00:26:49.800+02:00 DEBUG 17288 --- [EduRoom] [http-nio-8080-exec-4] o.s.w.s.m.m.a.HttpEntityMethodProcessor  : Using 'application/json', given [application/json, text/plain, */*] and supported [application/json, application/*+json]
2026-05-12T00:26:49.800+02:00 DEBUG 17288 --- [EduRoom] [http-nio-8080-exec-4] o.s.w.s.m.m.a.HttpEntityMethodProcessor  : Writing [com.eduroom.backend.model.Centro@5b1993b3]
2026-05-12T00:26:49.800+02:00 DEBUG 17288 --- [EduRoom] [http-nio-8080-exec-2] o.s.web.servlet.DispatcherServlet        : Completed 200 OK
2026-05-12T00:26:49.802+02:00 DEBUG 17288 --- [EduRoom] [http-nio-8080-exec-4] org.hibernate.SQL                        : 
    select
        u1_0.id_centro,
        u1_0.id,
        u1_0.email,
        u1_0.nombre,
        u1_0.password_hash,
        u1_0.rol 
    from
        usuarios u1_0 
    where
        u1_0.id_centro=?
2026-05-12T00:26:49.802+02:00 DEBUG 17288 --- [EduRoom] [http-nio-8080-exec-3] org.hibernate.SQL                        : 
    select
        c1_0.id,
        c1_0.horario_fin,
        c1_0.horario_inicio,
        c1_0.nombre 
    from
        centros c1_0 
    where
        c1_0.id=?
2026-05-12T00:26:49.804+02:00 DEBUG 17288 --- [EduRoom] [http-nio-8080-exec-6] o.s.security.web.FilterChainProxy        : Securing GET /api/eventos/centro/2
2026-05-12T00:26:49.806+02:00 DEBUG 17288 --- [EduRoom] [http-nio-8080-exec-4] org.hibernate.SQL                        : 
    select
        a1_0.id_centro,
        a1_0.id,
        a1_0.capacidad,
        a1_0.nombre 
    from
        aulas a1_0 
    where
        a1_0.id_centro=?
2026-05-12T00:26:49.809+02:00 DEBUG 17288 --- [EduRoom] [http-nio-8080-exec-3] org.hibernate.SQL                        : 
    select
        a1_0.id,
        a1_0.capacidad,
        a1_0.id_centro,
        a1_0.nombre 
    from
        aulas a1_0 
    where
        a1_0.id_centro=?
2026-05-12T00:26:49.809+02:00 DEBUG 17288 --- [EduRoom] [http-nio-8080-exec-4] o.s.web.servlet.DispatcherServlet        : Completed 200 OK
2026-05-12T00:26:49.814+02:00 DEBUG 17288 --- [EduRoom] [http-nio-8080-exec-6] org.hibernate.SQL                        : 
    select
        u1_0.id,
        u1_0.id_centro,
        u1_0.email,
        u1_0.nombre,
        u1_0.password_hash,
        u1_0.rol 
    from
        usuarios u1_0 
    where
        u1_0.email=?
2026-05-12T00:26:49.815+02:00 DEBUG 17288 --- [EduRoom] [http-nio-8080-exec-3] o.s.w.s.m.m.a.HttpEntityMethodProcessor  : Using 'application/json', given [application/json, text/plain, */*] and supported [application/json, application/*+json]
2026-05-12T00:26:49.817+02:00 DEBUG 17288 --- [EduRoom] [http-nio-8080-exec-3] o.s.w.s.m.m.a.HttpEntityMethodProcessor  : Writing [[]]
2026-05-12T00:26:49.819+02:00 DEBUG 17288 --- [EduRoom] [http-nio-8080-exec-3] o.s.web.servlet.DispatcherServlet        : Completed 200 OK
2026-05-12T00:26:49.826+02:00 DEBUG 17288 --- [EduRoom] [http-nio-8080-exec-6] o.s.security.web.FilterChainProxy        : Secured GET /api/eventos/centro/2
2026-05-12T00:26:49.826+02:00 DEBUG 17288 --- [EduRoom] [http-nio-8080-exec-7] o.s.security.web.FilterChainProxy        : Securing GET /api/centros/2
2026-05-12T00:26:49.827+02:00 DEBUG 17288 --- [EduRoom] [http-nio-8080-exec-6] o.s.web.servlet.DispatcherServlet        : GET "/api/eventos/centro/2", parameters={}
2026-05-12T00:26:49.832+02:00 DEBUG 17288 --- [EduRoom] [http-nio-8080-exec-6] s.w.s.m.m.a.RequestMappingHandlerMapping : Mapped to com.eduroom.backend.controller.EventoController#getEventosByCentro(Long)
2026-05-12T00:26:49.838+02:00 DEBUG 17288 --- [EduRoom] [http-nio-8080-exec-7] org.hibernate.SQL                        : 
    select
        u1_0.id,
        u1_0.id_centro,
        u1_0.email,
        u1_0.nombre,
        u1_0.password_hash,
        u1_0.rol 
    from
        usuarios u1_0 
    where
        u1_0.email=?
2026-05-12T00:26:49.840+02:00 DEBUG 17288 --- [EduRoom] [http-nio-8080-exec-6] org.hibernate.SQL                        : 
    select
        e1_0.id,
        e1_0.id_creador,
        e1_0.descripcion,
        e1_0.fecha,
        e1_0.hora_fin,
        e1_0.hora_inicio,
        e1_0.lugar,
        e1_0.qr_expiracion,
        e1_0.qr_token,
        e1_0.titulo 
    from
        eventos e1_0 
    left join
        usuarios c1_0 
            on c1_0.id=e1_0.id_creador 
    where
        c1_0.id_centro=?
2026-05-12T00:26:49.840+02:00 DEBUG 17288 --- [EduRoom] [http-nio-8080-exec-5] o.s.security.web.FilterChainProxy        : Securing GET /api/aulas/centro/2
2026-05-12T00:26:49.844+02:00 DEBUG 17288 --- [EduRoom] [http-nio-8080-exec-6] o.s.w.s.m.m.a.HttpEntityMethodProcessor  : Using 'application/json', given [application/json, text/plain, */*] and supported [application/json, application/*+json]
2026-05-12T00:26:49.845+02:00 DEBUG 17288 --- [EduRoom] [http-nio-8080-exec-6] o.s.w.s.m.m.a.HttpEntityMethodProcessor  : Writing [[]]
2026-05-12T00:26:49.848+02:00 DEBUG 17288 --- [EduRoom] [http-nio-8080-exec-6] o.s.web.servlet.DispatcherServlet        : Completed 200 OK
2026-05-12T00:26:49.850+02:00 DEBUG 17288 --- [EduRoom] [http-nio-8080-exec-7] o.s.security.web.FilterChainProxy        : Secured GET /api/centros/2
2026-05-12T00:26:49.851+02:00 DEBUG 17288 --- [EduRoom] [http-nio-8080-exec-7] o.s.web.servlet.DispatcherServlet        : GET "/api/centros/2", parameters={}
2026-05-12T00:26:49.851+02:00 DEBUG 17288 --- [EduRoom] [http-nio-8080-exec-5] org.hibernate.SQL                        : 
    select
        u1_0.id,
        u1_0.id_centro,
        u1_0.email,
        u1_0.nombre,
        u1_0.password_hash,
        u1_0.rol 
    from
        usuarios u1_0 
    where
        u1_0.email=?
2026-05-12T00:26:49.853+02:00 DEBUG 17288 --- [EduRoom] [http-nio-8080-exec-7] s.w.s.m.m.a.RequestMappingHandlerMapping : Mapped to com.eduroom.backend.controller.CentroController#getCentroById(Long)
2026-05-12T00:26:49.856+02:00 DEBUG 17288 --- [EduRoom] [http-nio-8080-exec-7] org.hibernate.SQL                        : 
    select
        c1_0.id,
        c1_0.horario_fin,
        c1_0.horario_inicio,
        c1_0.nombre 
    from
        centros c1_0 
    where
        c1_0.id=?
2026-05-12T00:26:49.861+02:00 DEBUG 17288 --- [EduRoom] [http-nio-8080-exec-7] o.s.w.s.m.m.a.HttpEntityMethodProcessor  : Using 'application/json', given [application/json, text/plain, */*] and supported [application/json, application/*+json]
2026-05-12T00:26:49.862+02:00 DEBUG 17288 --- [EduRoom] [http-nio-8080-exec-7] o.s.w.s.m.m.a.HttpEntityMethodProcessor  : Writing [com.eduroom.backend.model.Centro@5b3c31f5]
2026-05-12T00:26:49.863+02:00 DEBUG 17288 --- [EduRoom] [http-nio-8080-exec-5] o.s.security.web.FilterChainProxy        : Secured GET /api/aulas/centro/2
2026-05-12T00:26:49.864+02:00 DEBUG 17288 --- [EduRoom] [http-nio-8080-exec-7] org.hibernate.SQL                        : 
    select
        u1_0.id_centro,
        u1_0.id,
        u1_0.email,
        u1_0.nombre,
        u1_0.password_hash,
        u1_0.rol 
    from
        usuarios u1_0 
    where
        u1_0.id_centro=?
2026-05-12T00:26:49.864+02:00 DEBUG 17288 --- [EduRoom] [http-nio-8080-exec-5] o.s.web.servlet.DispatcherServlet        : GET "/api/aulas/centro/2", parameters={}
2026-05-12T00:26:49.869+02:00 DEBUG 17288 --- [EduRoom] [http-nio-8080-exec-7] org.hibernate.SQL                        : 
    select
        a1_0.id_centro,
        a1_0.id,
        a1_0.capacidad,
        a1_0.nombre 
    from
        aulas a1_0 
    where
        a1_0.id_centro=?
2026-05-12T00:26:49.869+02:00 DEBUG 17288 --- [EduRoom] [http-nio-8080-exec-5] s.w.s.m.m.a.RequestMappingHandlerMapping : Mapped to com.eduroom.backend.controller.AulaController#getAulasByCentro(Long)
2026-05-12T00:26:49.874+02:00 DEBUG 17288 --- [EduRoom] [http-nio-8080-exec-5] org.hibernate.SQL                        : 
    select
        c1_0.id,
        c1_0.horario_fin,
        c1_0.horario_inicio,
        c1_0.nombre 
    from
        centros c1_0 
    where
        c1_0.id=?
2026-05-12T00:26:49.874+02:00 DEBUG 17288 --- [EduRoom] [http-nio-8080-exec-7] o.s.web.servlet.DispatcherServlet        : Completed 200 OK
2026-05-12T00:26:49.881+02:00 DEBUG 17288 --- [EduRoom] [http-nio-8080-exec-5] org.hibernate.SQL                        : 
    select
        a1_0.id,
        a1_0.capacidad,
        a1_0.id_centro,
        a1_0.nombre 
    from
        aulas a1_0 
    where
        a1_0.id_centro=?
2026-05-12T00:26:49.883+02:00 DEBUG 17288 --- [EduRoom] [http-nio-8080-exec-5] o.s.w.s.m.m.a.HttpEntityMethodProcessor  : Using 'application/json', given [application/json, text/plain, */*] and supported [application/json, application/*+json]
2026-05-12T00:26:49.883+02:00 DEBUG 17288 --- [EduRoom] [http-nio-8080-exec-5] o.s.w.s.m.m.a.HttpEntityMethodProcessor  : Writing [[]]
2026-05-12T00:26:49.885+02:00 DEBUG 17288 --- [EduRoom] [http-nio-8080-exec-5] o.s.web.servlet.DispatcherServlet        : Completed 200 OK
2026-05-12T00:27:30.262+02:00 DEBUG 17288 --- [EduRoom] [http-nio-8080-exec-8] o.s.security.web.FilterChainProxy        : Securing OPTIONS /api/eventos
2026-05-12T00:27:30.269+02:00 DEBUG 17288 --- [EduRoom] [http-nio-8080-exec-10] o.s.security.web.FilterChainProxy        : Securing POST /api/eventos
2026-05-12T00:27:30.275+02:00 DEBUG 17288 --- [EduRoom] [http-nio-8080-exec-10] org.hibernate.SQL                        : 
    select
        u1_0.id,
        u1_0.id_centro,
        u1_0.email,
        u1_0.nombre,
        u1_0.password_hash,
        u1_0.rol 
    from
        usuarios u1_0 
    where
        u1_0.email=?
2026-05-12T00:27:30.282+02:00 DEBUG 17288 --- [EduRoom] [http-nio-8080-exec-10] o.s.security.web.FilterChainProxy        : Secured POST /api/eventos
2026-05-12T00:27:30.283+02:00 DEBUG 17288 --- [EduRoom] [http-nio-8080-exec-10] o.s.web.servlet.DispatcherServlet        : POST "/api/eventos", parameters={}
2026-05-12T00:27:30.283+02:00 DEBUG 17288 --- [EduRoom] [http-nio-8080-exec-10] s.w.s.m.m.a.RequestMappingHandlerMapping : Mapped to com.eduroom.backend.controller.EventoController#createEvento(String, Evento)
2026-05-12T00:27:30.299+02:00 DEBUG 17288 --- [EduRoom] [http-nio-8080-exec-10] m.m.a.RequestResponseBodyMethodProcessor : Read "application/json;charset=UTF-8" to [com.eduroom.backend.model.Evento@18575dc8]
2026-05-12T00:27:30.304+02:00 DEBUG 17288 --- [EduRoom] [http-nio-8080-exec-10] org.hibernate.SQL                        : 
    select
        u1_0.id,
        u1_0.id_centro,
        u1_0.email,
        u1_0.nombre,
        u1_0.password_hash,
        u1_0.rol 
    from
        usuarios u1_0 
    where
        u1_0.email=?
2026-05-12T00:27:30.324+02:00 DEBUG 17288 --- [EduRoom] [http-nio-8080-exec-10] org.hibernate.SQL                        : 
    insert 
    into
        eventos
        (id_creador, descripcion, fecha, hora_fin, hora_inicio, lugar, qr_expiracion, qr_token, titulo) 
    values
        (?, ?, ?, ?, ?, ?, ?, ?, ?)
2026-05-12T00:27:30.338+02:00 DEBUG 17288 --- [EduRoom] [http-nio-8080-exec-10] o.s.w.s.m.m.a.HttpEntityMethodProcessor  : Using 'application/json', given [application/json, text/plain, */*] and supported [application/json, application/*+json]
2026-05-12T00:27:30.339+02:00 DEBUG 17288 --- [EduRoom] [http-nio-8080-exec-10] o.s.w.s.m.m.a.HttpEntityMethodProcessor  : Writing [com.eduroom.backend.model.Evento@18575dc8]
2026-05-12T00:27:30.340+02:00 DEBUG 17288 --- [EduRoom] [http-nio-8080-exec-10] o.s.web.servlet.DispatcherServlet        : Completed 201 CREATED
2026-05-12T00:27:30.359+02:00 DEBUG 17288 --- [EduRoom] [http-nio-8080-exec-1] o.s.security.web.FilterChainProxy        : Securing OPTIONS /api/eventos/4
2026-05-12T00:27:30.360+02:00 DEBUG 17288 --- [EduRoom] [http-nio-8080-exec-9] o.s.security.web.FilterChainProxy        : Securing OPTIONS /api/asistencia/evento/4
2026-05-12T00:27:30.363+02:00 DEBUG 17288 --- [EduRoom] [http-nio-8080-exec-2] o.s.security.web.FilterChainProxy        : Securing OPTIONS /api/eventos/4
2026-05-12T00:27:30.363+02:00 DEBUG 17288 --- [EduRoom] [http-nio-8080-exec-9] o.s.security.web.FilterChainProxy        : Securing OPTIONS /api/asistencia/evento/4
2026-05-12T00:27:30.371+02:00 DEBUG 17288 --- [EduRoom] [http-nio-8080-exec-3] o.s.security.web.FilterChainProxy        : Securing GET /api/asistencia/evento/4
2026-05-12T00:27:30.371+02:00 DEBUG 17288 --- [EduRoom] [http-nio-8080-exec-6] o.s.security.web.FilterChainProxy        : Securing GET /api/eventos/4
2026-05-12T00:27:30.375+02:00 DEBUG 17288 --- [EduRoom] [http-nio-8080-exec-6] org.hibernate.SQL                        : 
    select
        u1_0.id,
        u1_0.id_centro,
        u1_0.email,
        u1_0.nombre,
        u1_0.password_hash,
        u1_0.rol 
    from
        usuarios u1_0 
    where
        u1_0.email=?
2026-05-12T00:27:30.376+02:00 DEBUG 17288 --- [EduRoom] [http-nio-8080-exec-3] org.hibernate.SQL                        : 
    select
        u1_0.id,
        u1_0.id_centro,
        u1_0.email,
        u1_0.nombre,
        u1_0.password_hash,
        u1_0.rol 
    from
        usuarios u1_0 
    where
        u1_0.email=?
2026-05-12T00:27:30.386+02:00 DEBUG 17288 --- [EduRoom] [http-nio-8080-exec-3] o.s.security.web.FilterChainProxy        : Secured GET /api/asistencia/evento/4
2026-05-12T00:27:30.386+02:00 DEBUG 17288 --- [EduRoom] [http-nio-8080-exec-6] o.s.security.web.FilterChainProxy        : Secured GET /api/eventos/4
2026-05-12T00:27:30.386+02:00 DEBUG 17288 --- [EduRoom] [http-nio-8080-exec-3] o.s.web.servlet.DispatcherServlet        : GET "/api/asistencia/evento/4", parameters={}
2026-05-12T00:27:30.386+02:00 DEBUG 17288 --- [EduRoom] [http-nio-8080-exec-6] o.s.web.servlet.DispatcherServlet        : GET "/api/eventos/4", parameters={}
2026-05-12T00:27:30.387+02:00 DEBUG 17288 --- [EduRoom] [http-nio-8080-exec-3] s.w.s.m.m.a.RequestMappingHandlerMapping : Mapped to com.eduroom.backend.controller.AsistenciaController#getAsistenciasPorEvento(Long)
2026-05-12T00:27:30.387+02:00 DEBUG 17288 --- [EduRoom] [http-nio-8080-exec-6] s.w.s.m.m.a.RequestMappingHandlerMapping : Mapped to com.eduroom.backend.controller.EventoController#getEventoById(Long)
2026-05-12T00:27:30.389+02:00 DEBUG 17288 --- [EduRoom] [http-nio-8080-exec-6] org.hibernate.SQL                        : 
    select
        e1_0.id,
        e1_0.id_creador,
        e1_0.descripcion,
        e1_0.fecha,
        e1_0.hora_fin,
        e1_0.hora_inicio,
        e1_0.lugar,
        e1_0.qr_expiracion,
        e1_0.qr_token,
        e1_0.titulo 
    from
        eventos e1_0 
    where
        e1_0.id=?
2026-05-12T00:27:30.389+02:00 DEBUG 17288 --- [EduRoom] [http-nio-8080-exec-3] org.hibernate.SQL                        : 
    select
        e1_0.id,
        e1_0.id_creador,
        e1_0.descripcion,
        e1_0.fecha,
        e1_0.hora_fin,
        e1_0.hora_inicio,
        e1_0.lugar,
        e1_0.qr_expiracion,
        e1_0.qr_token,
        e1_0.titulo 
    from
        eventos e1_0 
    where
        e1_0.id=?
2026-05-12T00:27:30.392+02:00 DEBUG 17288 --- [EduRoom] [http-nio-8080-exec-6] o.s.w.s.m.m.a.HttpEntityMethodProcessor  : Using 'application/json', given [application/json, text/plain, */*] and supported [application/json, application/*+json]
2026-05-12T00:27:30.393+02:00 DEBUG 17288 --- [EduRoom] [http-nio-8080-exec-6] o.s.w.s.m.m.a.HttpEntityMethodProcessor  : Writing [com.eduroom.backend.model.Evento@6ac8bfc2]
2026-05-12T00:27:30.393+02:00 DEBUG 17288 --- [EduRoom] [http-nio-8080-exec-3] org.hibernate.SQL                        : 
    select
        a1_0.id,
        a1_0.id_evento,
        a1_0.nombre_alumno,
        a1_0.timestamp_checkin 
    from
        asistencias a1_0 
    where
        a1_0.id_evento=?
2026-05-12T00:27:30.394+02:00 DEBUG 17288 --- [EduRoom] [http-nio-8080-exec-6] org.hibernate.SQL                        : 
    select
        u1_0.id,
        u1_0.id_centro,
        u1_0.email,
        u1_0.nombre,
        u1_0.password_hash,
        u1_0.rol 
    from
        usuarios u1_0 
    where
        u1_0.id=?
2026-05-12T00:27:30.397+02:00 DEBUG 17288 --- [EduRoom] [http-nio-8080-exec-3] o.s.w.s.m.m.a.HttpEntityMethodProcessor  : Using 'application/json', given [application/json, text/plain, */*] and supported [application/json, application/*+json]
2026-05-12T00:27:30.397+02:00 DEBUG 17288 --- [EduRoom] [http-nio-8080-exec-3] o.s.w.s.m.m.a.HttpEntityMethodProcessor  : Writing [[]]
2026-05-12T00:27:30.398+02:00 DEBUG 17288 --- [EduRoom] [http-nio-8080-exec-6] o.s.web.servlet.DispatcherServlet        : Completed 200 OK
2026-05-12T00:27:30.399+02:00 DEBUG 17288 --- [EduRoom] [http-nio-8080-exec-3] o.s.web.servlet.DispatcherServlet        : Completed 200 OK
2026-05-12T00:27:30.400+02:00 DEBUG 17288 --- [EduRoom] [http-nio-8080-exec-7] o.s.security.web.FilterChainProxy        : Securing GET /api/eventos/4
2026-05-12T00:27:30.400+02:00 DEBUG 17288 --- [EduRoom] [http-nio-8080-exec-5] o.s.security.web.FilterChainProxy        : Securing GET /api/asistencia/evento/4
2026-05-12T00:27:30.406+02:00 DEBUG 17288 --- [EduRoom] [http-nio-8080-exec-7] org.hibernate.SQL                        : 
    select
        u1_0.id,
        u1_0.id_centro,
        u1_0.email,
        u1_0.nombre,
        u1_0.password_hash,
        u1_0.rol 
    from
        usuarios u1_0 
    where
        u1_0.email=?
2026-05-12T00:27:30.406+02:00 DEBUG 17288 --- [EduRoom] [http-nio-8080-exec-5] org.hibernate.SQL                        : 
    select
        u1_0.id,
        u1_0.id_centro,
        u1_0.email,
        u1_0.nombre,
        u1_0.password_hash,
        u1_0.rol 
    from
        usuarios u1_0 
    where
        u1_0.email=?
2026-05-12T00:27:30.410+02:00 DEBUG 17288 --- [EduRoom] [http-nio-8080-exec-8] o.s.security.web.FilterChainProxy        : Securing GET /api/eventos/4/qr
2026-05-12T00:27:30.411+02:00 DEBUG 17288 --- [EduRoom] [http-nio-8080-exec-8] o.s.s.w.a.AnonymousAuthenticationFilter  : Set SecurityContextHolder to anonymous SecurityContext
2026-05-12T00:27:30.412+02:00 DEBUG 17288 --- [EduRoom] [http-nio-8080-exec-8] o.s.security.web.FilterChainProxy        : Secured GET /api/eventos/4/qr
2026-05-12T00:27:30.414+02:00 DEBUG 17288 --- [EduRoom] [http-nio-8080-exec-8] o.s.web.servlet.DispatcherServlet        : GET "/api/eventos/4/qr", parameters={}
2026-05-12T00:27:30.414+02:00 DEBUG 17288 --- [EduRoom] [http-nio-8080-exec-8] s.w.s.m.m.a.RequestMappingHandlerMapping : Mapped to com.eduroom.backend.controller.EventoController#getQrCode(Long)
2026-05-12T00:27:30.415+02:00 DEBUG 17288 --- [EduRoom] [http-nio-8080-exec-5] o.s.security.web.FilterChainProxy        : Secured GET /api/asistencia/evento/4
2026-05-12T00:27:30.416+02:00 DEBUG 17288 --- [EduRoom] [http-nio-8080-exec-5] o.s.web.servlet.DispatcherServlet        : GET "/api/asistencia/evento/4", parameters={}
2026-05-12T00:27:30.416+02:00 DEBUG 17288 --- [EduRoom] [http-nio-8080-exec-5] s.w.s.m.m.a.RequestMappingHandlerMapping : Mapped to com.eduroom.backend.controller.AsistenciaController#getAsistenciasPorEvento(Long)
2026-05-12T00:27:30.416+02:00 DEBUG 17288 --- [EduRoom] [http-nio-8080-exec-8] org.hibernate.SQL                        : 
    select
        e1_0.id,
        e1_0.id_creador,
        e1_0.descripcion,
        e1_0.fecha,
        e1_0.hora_fin,
        e1_0.hora_inicio,
        e1_0.lugar,
        e1_0.qr_expiracion,
        e1_0.qr_token,
        e1_0.titulo 
    from
        eventos e1_0 
    where
        e1_0.id=?
2026-05-12T00:27:30.416+02:00 DEBUG 17288 --- [EduRoom] [http-nio-8080-exec-7] o.s.security.web.FilterChainProxy        : Secured GET /api/eventos/4
2026-05-12T00:27:30.417+02:00 DEBUG 17288 --- [EduRoom] [http-nio-8080-exec-7] o.s.web.servlet.DispatcherServlet        : GET "/api/eventos/4", parameters={}
2026-05-12T00:27:30.417+02:00 DEBUG 17288 --- [EduRoom] [http-nio-8080-exec-7] s.w.s.m.m.a.RequestMappingHandlerMapping : Mapped to com.eduroom.backend.controller.EventoController#getEventoById(Long)
2026-05-12T00:27:30.417+02:00 DEBUG 17288 --- [EduRoom] [http-nio-8080-exec-5] org.hibernate.SQL                        : 
    select
        e1_0.id,
        e1_0.id_creador,
        e1_0.descripcion,
        e1_0.fecha,
        e1_0.hora_fin,
        e1_0.hora_inicio,
        e1_0.lugar,
        e1_0.qr_expiracion,
        e1_0.qr_token,
        e1_0.titulo 
    from
        eventos e1_0 
    where
        e1_0.id=?
2026-05-12T00:27:30.421+02:00 DEBUG 17288 --- [EduRoom] [http-nio-8080-exec-7] org.hibernate.SQL                        : 
    select
        e1_0.id,
        e1_0.id_creador,
        e1_0.descripcion,
        e1_0.fecha,
        e1_0.hora_fin,
        e1_0.hora_inicio,
        e1_0.lugar,
        e1_0.qr_expiracion,
        e1_0.qr_token,
        e1_0.titulo 
    from
        eventos e1_0 
    where
        e1_0.id=?
2026-05-12T00:27:30.423+02:00 DEBUG 17288 --- [EduRoom] [http-nio-8080-exec-5] org.hibernate.SQL                        : 
    select
        a1_0.id,
        a1_0.id_evento,
        a1_0.nombre_alumno,
        a1_0.timestamp_checkin 
    from
        asistencias a1_0 
    where
        a1_0.id_evento=?
2026-05-12T00:27:30.423+02:00 DEBUG 17288 --- [EduRoom] [http-nio-8080-exec-7] o.s.w.s.m.m.a.HttpEntityMethodProcessor  : Using 'application/json', given [application/json, text/plain, */*] and supported [application/json, application/*+json]
2026-05-12T00:27:30.424+02:00 DEBUG 17288 --- [EduRoom] [http-nio-8080-exec-7] o.s.w.s.m.m.a.HttpEntityMethodProcessor  : Writing [com.eduroom.backend.model.Evento@190702d7]
2026-05-12T00:27:30.425+02:00 DEBUG 17288 --- [EduRoom] [http-nio-8080-exec-5] o.s.w.s.m.m.a.HttpEntityMethodProcessor  : Using 'application/json', given [application/json, text/plain, */*] and supported [application/json, application/*+json]
2026-05-12T00:27:30.426+02:00 DEBUG 17288 --- [EduRoom] [http-nio-8080-exec-7] org.hibernate.SQL                        : 
    select
        u1_0.id,
        u1_0.id_centro,
        u1_0.email,
        u1_0.nombre,
        u1_0.password_hash,
        u1_0.rol 
    from
        usuarios u1_0 
    where
        u1_0.id=?
2026-05-12T00:27:30.426+02:00 DEBUG 17288 --- [EduRoom] [http-nio-8080-exec-5] o.s.w.s.m.m.a.HttpEntityMethodProcessor  : Writing [[]]
2026-05-12T00:27:30.427+02:00 DEBUG 17288 --- [EduRoom] [http-nio-8080-exec-5] o.s.web.servlet.DispatcherServlet        : Completed 200 OK
2026-05-12T00:27:30.428+02:00 DEBUG 17288 --- [EduRoom] [http-nio-8080-exec-7] o.s.web.servlet.DispatcherServlet        : Completed 200 OK
2026-05-12T00:27:30.440+02:00 DEBUG 17288 --- [EduRoom] [http-nio-8080-exec-8] o.s.w.s.m.m.a.HttpEntityMethodProcessor  : Found 'Content-Type:image/png' in response
2026-05-12T00:27:30.441+02:00 DEBUG 17288 --- [EduRoom] [http-nio-8080-exec-8] o.s.w.s.m.m.a.HttpEntityMethodProcessor  : Writing [{-119, 80, 78, 71, 13, 10, 26, 10, 0, 0, 0, 13, 73, 72, 68, 82, 0, 0, 1, 44, 0, 0, 1, 44, 1, 0, 0, 0 (truncated)...]
2026-05-12T00:27:30.442+02:00 DEBUG 17288 --- [EduRoom] [http-nio-8080-exec-8] o.s.web.servlet.DispatcherServlet        : Completed 200 OK
2026-05-12T00:27:38.156+02:00 DEBUG 17288 --- [EduRoom] [http-nio-8080-exec-10] o.s.security.web.FilterChainProxy        : Securing OPTIONS /api/asistencia/registro/c6a98a55-9ed8-4edc-87e5-f57bcf40e16e
2026-05-12T00:27:38.162+02:00 DEBUG 17288 --- [EduRoom] [http-nio-8080-exec-1] o.s.security.web.FilterChainProxy        : Securing POST /api/asistencia/registro/c6a98a55-9ed8-4edc-87e5-f57bcf40e16e
2026-05-12T00:27:38.163+02:00 DEBUG 17288 --- [EduRoom] [http-nio-8080-exec-1] o.s.s.w.a.AnonymousAuthenticationFilter  : Set SecurityContextHolder to anonymous SecurityContext
2026-05-12T00:27:38.167+02:00 DEBUG 17288 --- [EduRoom] [http-nio-8080-exec-1] o.s.s.w.a.Http403ForbiddenEntryPoint     : Pre-authenticated entry point called. Rejecting access
2026-05-12T00:27:38.172+02:00 DEBUG 17288 --- [EduRoom] [http-nio-8080-exec-1] o.s.security.web.FilterChainProxy        : Securing POST /error
2026-05-12T00:27:38.176+02:00 DEBUG 17288 --- [EduRoom] [http-nio-8080-exec-1] o.s.s.w.a.AnonymousAuthenticationFilter  : Set SecurityContextHolder to anonymous SecurityContext
2026-05-12T00:27:38.176+02:00 DEBUG 17288 --- [EduRoom] [http-nio-8080-exec-1] o.s.s.w.a.Http403ForbiddenEntryPoint     : Pre-authenticated entry point called. Rejecting access
2026-05-12T00:27:51.895+02:00 DEBUG 17288 --- [EduRoom] [http-nio-8080-exec-4] o.s.security.web.FilterChainProxy        : Securing DELETE /api/eventos/4
2026-05-12T00:27:51.902+02:00 DEBUG 17288 --- [EduRoom] [http-nio-8080-exec-4] org.hibernate.SQL                        : 
    select
        u1_0.id,
        u1_0.id_centro,
        u1_0.email,
        u1_0.nombre,
        u1_0.password_hash,
        u1_0.rol 
    from
        usuarios u1_0 
    where
        u1_0.email=?
2026-05-12T00:27:51.909+02:00 DEBUG 17288 --- [EduRoom] [http-nio-8080-exec-4] o.s.security.web.FilterChainProxy        : Secured DELETE /api/eventos/4
2026-05-12T00:27:51.909+02:00 DEBUG 17288 --- [EduRoom] [http-nio-8080-exec-4] o.s.web.servlet.DispatcherServlet        : DELETE "/api/eventos/4", parameters={}
2026-05-12T00:27:51.909+02:00 DEBUG 17288 --- [EduRoom] [http-nio-8080-exec-4] s.w.s.m.m.a.RequestMappingHandlerMapping : Mapped to com.eduroom.backend.controller.EventoController#deleteEvento(Long)
2026-05-12T00:27:51.913+02:00 DEBUG 17288 --- [EduRoom] [http-nio-8080-exec-4] org.hibernate.SQL                        : 
    select
        count(*) 
    from
        eventos e1_0 
    where
        e1_0.id=?
2026-05-12T00:27:51.917+02:00 DEBUG 17288 --- [EduRoom] [http-nio-8080-exec-4] org.hibernate.SQL                        : 
    select
        e1_0.id,
        e1_0.id_creador,
        e1_0.descripcion,
        e1_0.fecha,
        e1_0.hora_fin,
        e1_0.hora_inicio,
        e1_0.lugar,
        e1_0.qr_expiracion,
        e1_0.qr_token,
        e1_0.titulo 
    from
        eventos e1_0 
    where
        e1_0.id=?
2026-05-12T00:27:51.919+02:00 DEBUG 17288 --- [EduRoom] [http-nio-8080-exec-4] org.hibernate.SQL                        : 
    select
        a1_0.id_evento,
        a1_0.id,
        a1_0.nombre_alumno,
        a1_0.timestamp_checkin 
    from
        asistencias a1_0 
    where
        a1_0.id_evento=?
2026-05-12T00:27:51.921+02:00 DEBUG 17288 --- [EduRoom] [http-nio-8080-exec-4] org.hibernate.SQL                        : 
    delete 
    from
        eventos 
    where
        id=?
2026-05-12T00:27:51.925+02:00 DEBUG 17288 --- [EduRoom] [http-nio-8080-exec-4] o.s.w.s.m.m.a.HttpEntityMethodProcessor  : Using 'application/json', given [application/json, text/plain, */*] and supported [application/json, application/*+json]
2026-05-12T00:27:51.926+02:00 DEBUG 17288 --- [EduRoom] [http-nio-8080-exec-4] o.s.w.s.m.m.a.HttpEntityMethodProcessor  : Nothing to write: null body
2026-05-12T00:27:51.926+02:00 DEBUG 17288 --- [EduRoom] [http-nio-8080-exec-4] o.s.web.servlet.DispatcherServlet        : Completed 204 NO_CONTENT
2026-05-12T00:27:51.940+02:00 DEBUG 17288 --- [EduRoom] [http-nio-8080-exec-2] o.s.security.web.FilterChainProxy        : Securing GET /api/eventos/centro/2
2026-05-12T00:27:51.947+02:00 DEBUG 17288 --- [EduRoom] [http-nio-8080-exec-9] o.s.security.web.FilterChainProxy        : Securing GET /api/centros/2
2026-05-12T00:27:51.948+02:00 DEBUG 17288 --- [EduRoom] [http-nio-8080-exec-2] org.hibernate.SQL                        : 
    select
        u1_0.id,
        u1_0.id_centro,
        u1_0.email,
        u1_0.nombre,
        u1_0.password_hash,
        u1_0.rol 
    from
        usuarios u1_0 
    where
        u1_0.email=?
2026-05-12T00:27:51.953+02:00 DEBUG 17288 --- [EduRoom] [http-nio-8080-exec-9] org.hibernate.SQL                        : 
    select
        u1_0.id,
        u1_0.id_centro,
        u1_0.email,
        u1_0.nombre,
        u1_0.password_hash,
        u1_0.rol 
    from
        usuarios u1_0 
    where
        u1_0.email=?
2026-05-12T00:27:51.957+02:00 DEBUG 17288 --- [EduRoom] [http-nio-8080-exec-2] o.s.security.web.FilterChainProxy        : Secured GET /api/eventos/centro/2
2026-05-12T00:27:51.958+02:00 DEBUG 17288 --- [EduRoom] [http-nio-8080-exec-2] o.s.web.servlet.DispatcherServlet        : GET "/api/eventos/centro/2", parameters={}
2026-05-12T00:27:51.958+02:00 DEBUG 17288 --- [EduRoom] [http-nio-8080-exec-2] s.w.s.m.m.a.RequestMappingHandlerMapping : Mapped to com.eduroom.backend.controller.EventoController#getEventosByCentro(Long)
2026-05-12T00:27:51.960+02:00 DEBUG 17288 --- [EduRoom] [http-nio-8080-exec-9] o.s.security.web.FilterChainProxy        : Secured GET /api/centros/2
2026-05-12T00:27:51.961+02:00 DEBUG 17288 --- [EduRoom] [http-nio-8080-exec-2] org.hibernate.SQL                        : 
    select
        e1_0.id,
        e1_0.id_creador,
        e1_0.descripcion,
        e1_0.fecha,
        e1_0.hora_fin,
        e1_0.hora_inicio,
        e1_0.lugar,
        e1_0.qr_expiracion,
        e1_0.qr_token,
        e1_0.titulo 
    from
        eventos e1_0 
    left join
        usuarios c1_0 
            on c1_0.id=e1_0.id_creador 
    where
        c1_0.id_centro=?
2026-05-12T00:27:51.961+02:00 DEBUG 17288 --- [EduRoom] [http-nio-8080-exec-9] o.s.web.servlet.DispatcherServlet        : GET "/api/centros/2", parameters={}
2026-05-12T00:27:51.962+02:00 DEBUG 17288 --- [EduRoom] [http-nio-8080-exec-9] s.w.s.m.m.a.RequestMappingHandlerMapping : Mapped to com.eduroom.backend.controller.CentroController#getCentroById(Long)
2026-05-12T00:27:51.963+02:00 DEBUG 17288 --- [EduRoom] [http-nio-8080-exec-2] o.s.w.s.m.m.a.HttpEntityMethodProcessor  : Using 'application/json', given [application/json, text/plain, */*] and supported [application/json, application/*+json]
2026-05-12T00:27:51.963+02:00 DEBUG 17288 --- [EduRoom] [http-nio-8080-exec-2] o.s.w.s.m.m.a.HttpEntityMethodProcessor  : Writing [[]]
2026-05-12T00:27:51.964+02:00 DEBUG 17288 --- [EduRoom] [http-nio-8080-exec-9] org.hibernate.SQL                        : 
    select
        c1_0.id,
        c1_0.horario_fin,
        c1_0.horario_inicio,
        c1_0.nombre 
    from
        centros c1_0 
    where
        c1_0.id=?
2026-05-12T00:27:51.964+02:00 DEBUG 17288 --- [EduRoom] [http-nio-8080-exec-2] o.s.web.servlet.DispatcherServlet        : Completed 200 OK
2026-05-12T00:27:51.967+02:00 DEBUG 17288 --- [EduRoom] [http-nio-8080-exec-9] o.s.w.s.m.m.a.HttpEntityMethodProcessor  : Using 'application/json', given [application/json, text/plain, */*] and supported [application/json, application/*+json]
2026-05-12T00:27:51.967+02:00 DEBUG 17288 --- [EduRoom] [http-nio-8080-exec-9] o.s.w.s.m.m.a.HttpEntityMethodProcessor  : Writing [com.eduroom.backend.model.Centro@4f6af43f]
2026-05-12T00:27:51.968+02:00 DEBUG 17288 --- [EduRoom] [http-nio-8080-exec-6] o.s.security.web.FilterChainProxy        : Securing GET /api/eventos/centro/2
2026-05-12T00:27:51.968+02:00 DEBUG 17288 --- [EduRoom] [http-nio-8080-exec-9] org.hibernate.SQL                        : 
    select
        u1_0.id_centro,
        u1_0.id,
        u1_0.email,
        u1_0.nombre,
        u1_0.password_hash,
        u1_0.rol 
    from
        usuarios u1_0 
    where
        u1_0.id_centro=?
2026-05-12T00:27:51.970+02:00 DEBUG 17288 --- [EduRoom] [http-nio-8080-exec-9] org.hibernate.SQL                        : 
    select
        a1_0.id_centro,
        a1_0.id,
        a1_0.capacidad,
        a1_0.nombre 
    from
        aulas a1_0 
    where
        a1_0.id_centro=?
2026-05-12T00:27:51.973+02:00 DEBUG 17288 --- [EduRoom] [http-nio-8080-exec-9] o.s.web.servlet.DispatcherServlet        : Completed 200 OK
2026-05-12T00:27:51.974+02:00 DEBUG 17288 --- [EduRoom] [http-nio-8080-exec-6] org.hibernate.SQL                        : 
    select
        u1_0.id,
        u1_0.id_centro,
        u1_0.email,
        u1_0.nombre,
        u1_0.password_hash,
        u1_0.rol 
    from
        usuarios u1_0 
    where
        u1_0.email=?
2026-05-12T00:27:51.986+02:00 DEBUG 17288 --- [EduRoom] [http-nio-8080-exec-3] o.s.security.web.FilterChainProxy        : Securing GET /api/aulas/centro/2
2026-05-12T00:27:51.986+02:00 DEBUG 17288 --- [EduRoom] [http-nio-8080-exec-6] o.s.security.web.FilterChainProxy        : Secured GET /api/eventos/centro/2
2026-05-12T00:27:51.986+02:00 DEBUG 17288 --- [EduRoom] [http-nio-8080-exec-6] o.s.web.servlet.DispatcherServlet        : GET "/api/eventos/centro/2", parameters={}
2026-05-12T00:27:51.986+02:00 DEBUG 17288 --- [EduRoom] [http-nio-8080-exec-6] s.w.s.m.m.a.RequestMappingHandlerMapping : Mapped to com.eduroom.backend.controller.EventoController#getEventosByCentro(Long)
2026-05-12T00:27:51.989+02:00 DEBUG 17288 --- [EduRoom] [http-nio-8080-exec-6] org.hibernate.SQL                        : 
    select
        e1_0.id,
        e1_0.id_creador,
        e1_0.descripcion,
        e1_0.fecha,
        e1_0.hora_fin,
        e1_0.hora_inicio,
        e1_0.lugar,
        e1_0.qr_expiracion,
        e1_0.qr_token,
        e1_0.titulo 
    from
        eventos e1_0 
    left join
        usuarios c1_0 
            on c1_0.id=e1_0.id_creador 
    where
        c1_0.id_centro=?
2026-05-12T00:27:51.989+02:00 DEBUG 17288 --- [EduRoom] [http-nio-8080-exec-3] org.hibernate.SQL                        : 
    select
        u1_0.id,
        u1_0.id_centro,
        u1_0.email,
        u1_0.nombre,
        u1_0.password_hash,
        u1_0.rol 
    from
        usuarios u1_0 
    where
        u1_0.email=?
2026-05-12T00:27:51.994+02:00 DEBUG 17288 --- [EduRoom] [http-nio-8080-exec-6] o.s.w.s.m.m.a.HttpEntityMethodProcessor  : Using 'application/json', given [application/json, text/plain, */*] and supported [application/json, application/*+json]
2026-05-12T00:27:51.995+02:00 DEBUG 17288 --- [EduRoom] [http-nio-8080-exec-6] o.s.w.s.m.m.a.HttpEntityMethodProcessor  : Writing [[]]
2026-05-12T00:27:51.997+02:00 DEBUG 17288 --- [EduRoom] [http-nio-8080-exec-6] o.s.web.servlet.DispatcherServlet        : Completed 200 OK
2026-05-12T00:27:52.002+02:00 DEBUG 17288 --- [EduRoom] [http-nio-8080-exec-3] o.s.security.web.FilterChainProxy        : Secured GET /api/aulas/centro/2
2026-05-12T00:27:52.002+02:00 DEBUG 17288 --- [EduRoom] [http-nio-8080-exec-3] o.s.web.servlet.DispatcherServlet        : GET "/api/aulas/centro/2", parameters={}
2026-05-12T00:27:52.002+02:00 DEBUG 17288 --- [EduRoom] [http-nio-8080-exec-3] s.w.s.m.m.a.RequestMappingHandlerMapping : Mapped to com.eduroom.backend.controller.AulaController#getAulasByCentro(Long)
2026-05-12T00:27:52.004+02:00 DEBUG 17288 --- [EduRoom] [http-nio-8080-exec-3] org.hibernate.SQL                        : 
    select
        c1_0.id,
        c1_0.horario_fin,
        c1_0.horario_inicio,
        c1_0.nombre 
    from
        centros c1_0 
    where
        c1_0.id=?
2026-05-12T00:27:52.008+02:00 DEBUG 17288 --- [EduRoom] [http-nio-8080-exec-3] org.hibernate.SQL                        : 
    select
        a1_0.id,
        a1_0.capacidad,
        a1_0.id_centro,
        a1_0.nombre 
    from
        aulas a1_0 
    where
        a1_0.id_centro=?
2026-05-12T00:27:52.011+02:00 DEBUG 17288 --- [EduRoom] [http-nio-8080-exec-3] o.s.w.s.m.m.a.HttpEntityMethodProcessor  : Using 'application/json', given [application/json, text/plain, */*] and supported [application/json, application/*+json]
2026-05-12T00:27:52.011+02:00 DEBUG 17288 --- [EduRoom] [http-nio-8080-exec-3] o.s.w.s.m.m.a.HttpEntityMethodProcessor  : Writing [[]]
2026-05-12T00:27:52.013+02:00 DEBUG 17288 --- [EduRoom] [http-nio-8080-exec-3] o.s.web.servlet.DispatcherServlet        : Completed 200 OK
2026-05-12T00:27:52.024+02:00 DEBUG 17288 --- [EduRoom] [http-nio-8080-exec-5] o.s.security.web.FilterChainProxy        : Securing GET /api/centros/2
2026-05-12T00:27:52.027+02:00 DEBUG 17288 --- [EduRoom] [http-nio-8080-exec-5] org.hibernate.SQL                        : 
    select
        u1_0.id,
        u1_0.id_centro,
        u1_0.email,
        u1_0.nombre,
        u1_0.password_hash,
        u1_0.rol 
    from
        usuarios u1_0 
    where
        u1_0.email=?
2026-05-12T00:27:52.035+02:00 DEBUG 17288 --- [EduRoom] [http-nio-8080-exec-5] o.s.security.web.FilterChainProxy        : Secured GET /api/centros/2
2026-05-12T00:27:52.036+02:00 DEBUG 17288 --- [EduRoom] [http-nio-8080-exec-5] o.s.web.servlet.DispatcherServlet        : GET "/api/centros/2", parameters={}
2026-05-12T00:27:52.037+02:00 DEBUG 17288 --- [EduRoom] [http-nio-8080-exec-5] s.w.s.m.m.a.RequestMappingHandlerMapping : Mapped to com.eduroom.backend.controller.CentroController#getCentroById(Long)
2026-05-12T00:27:52.040+02:00 DEBUG 17288 --- [EduRoom] [http-nio-8080-exec-5] org.hibernate.SQL                        : 
    select
        c1_0.id,
        c1_0.horario_fin,
        c1_0.horario_inicio,
        c1_0.nombre 
    from
        centros c1_0 
    where
        c1_0.id=?
2026-05-12T00:27:52.042+02:00 DEBUG 17288 --- [EduRoom] [http-nio-8080-exec-5] o.s.w.s.m.m.a.HttpEntityMethodProcessor  : Using 'application/json', given [application/json, text/plain, */*] and supported [application/json, application/*+json]
2026-05-12T00:27:52.042+02:00 DEBUG 17288 --- [EduRoom] [http-nio-8080-exec-5] o.s.w.s.m.m.a.HttpEntityMethodProcessor  : Writing [com.eduroom.backend.model.Centro@36d4fba0]
2026-05-12T00:27:52.043+02:00 DEBUG 17288 --- [EduRoom] [http-nio-8080-exec-5] org.hibernate.SQL                        : 
    select
        u1_0.id_centro,
        u1_0.id,
        u1_0.email,
        u1_0.nombre,
        u1_0.password_hash,
        u1_0.rol 
    from
        usuarios u1_0 
    where
        u1_0.id_centro=?
2026-05-12T00:27:52.047+02:00 DEBUG 17288 --- [EduRoom] [http-nio-8080-exec-5] org.hibernate.SQL                        : 
    select
        a1_0.id_centro,
        a1_0.id,
        a1_0.capacidad,
        a1_0.nombre 
    from
        aulas a1_0 
    where
        a1_0.id_centro=?
2026-05-12T00:27:52.050+02:00 DEBUG 17288 --- [EduRoom] [http-nio-8080-exec-5] o.s.web.servlet.DispatcherServlet        : Completed 200 OK
2026-05-12T00:27:52.199+02:00 DEBUG 17288 --- [EduRoom] [http-nio-8080-exec-7] o.s.security.web.FilterChainProxy        : Securing GET /api/aulas/centro/2
2026-05-12T00:27:52.203+02:00 DEBUG 17288 --- [EduRoom] [http-nio-8080-exec-7] org.hibernate.SQL                        : 
    select
        u1_0.id,
        u1_0.id_centro,
        u1_0.email,
        u1_0.nombre,
        u1_0.password_hash,
        u1_0.rol 
    from
        usuarios u1_0 
    where
        u1_0.email=?
2026-05-12T00:27:52.211+02:00 DEBUG 17288 --- [EduRoom] [http-nio-8080-exec-7] o.s.security.web.FilterChainProxy        : Secured GET /api/aulas/centro/2
2026-05-12T00:27:52.211+02:00 DEBUG 17288 --- [EduRoom] [http-nio-8080-exec-7] o.s.web.servlet.DispatcherServlet        : GET "/api/aulas/centro/2", parameters={}
2026-05-12T00:27:52.212+02:00 DEBUG 17288 --- [EduRoom] [http-nio-8080-exec-7] s.w.s.m.m.a.RequestMappingHandlerMapping : Mapped to com.eduroom.backend.controller.AulaController#getAulasByCentro(Long)
2026-05-12T00:27:52.213+02:00 DEBUG 17288 --- [EduRoom] [http-nio-8080-exec-7] org.hibernate.SQL                        : 
    select
        c1_0.id,
        c1_0.horario_fin,
        c1_0.horario_inicio,
        c1_0.nombre 
    from
        centros c1_0 
    where
        c1_0.id=?
2026-05-12T00:27:52.217+02:00 DEBUG 17288 --- [EduRoom] [http-nio-8080-exec-7] org.hibernate.SQL                        : 
    select
        a1_0.id,
        a1_0.capacidad,
        a1_0.id_centro,
        a1_0.nombre 
    from
        aulas a1_0 
    where
        a1_0.id_centro=?
2026-05-12T00:27:52.220+02:00 DEBUG 17288 --- [EduRoom] [http-nio-8080-exec-7] o.s.w.s.m.m.a.HttpEntityMethodProcessor  : Using 'application/json', given [application/json, text/plain, */*] and supported [application/json, application/*+json]
2026-05-12T00:27:52.220+02:00 DEBUG 17288 --- [EduRoom] [http-nio-8080-exec-7] o.s.w.s.m.m.a.HttpEntityMethodProcessor  : Writing [[]]
2026-05-12T00:27:52.222+02:00 DEBUG 17288 --- [EduRoom] [http-nio-8080-exec-7] o.s.web.servlet.DispatcherServlet        : Completed 200 OK
2026-05-12T00:27:53.415+02:00 DEBUG 17288 --- [EduRoom] [http-nio-8080-exec-8] o.s.security.web.FilterChainProxy        : Securing GET /api/aulas/centro/2
2026-05-12T00:27:53.419+02:00 DEBUG 17288 --- [EduRoom] [http-nio-8080-exec-8] org.hibernate.SQL                        : 
    select
        u1_0.id,
        u1_0.id_centro,
        u1_0.email,
        u1_0.nombre,
        u1_0.password_hash,
        u1_0.rol 
    from
        usuarios u1_0 
    where
        u1_0.email=?
2026-05-12T00:27:53.425+02:00 DEBUG 17288 --- [EduRoom] [http-nio-8080-exec-8] o.s.security.web.FilterChainProxy        : Secured GET /api/aulas/centro/2
2026-05-12T00:27:53.426+02:00 DEBUG 17288 --- [EduRoom] [http-nio-8080-exec-8] o.s.web.servlet.DispatcherServlet        : GET "/api/aulas/centro/2", parameters={}
2026-05-12T00:27:53.426+02:00 DEBUG 17288 --- [EduRoom] [http-nio-8080-exec-8] s.w.s.m.m.a.RequestMappingHandlerMapping : Mapped to com.eduroom.backend.controller.AulaController#getAulasByCentro(Long)
2026-05-12T00:27:53.429+02:00 DEBUG 17288 --- [EduRoom] [http-nio-8080-exec-8] org.hibernate.SQL                        : 
    select
        c1_0.id,
        c1_0.horario_fin,
        c1_0.horario_inicio,
        c1_0.nombre 
    from
        centros c1_0 
    where
        c1_0.id=?
2026-05-12T00:27:53.434+02:00 DEBUG 17288 --- [EduRoom] [http-nio-8080-exec-8] org.hibernate.SQL                        : 
    select
        a1_0.id,
        a1_0.capacidad,
        a1_0.id_centro,
        a1_0.nombre 
    from
        aulas a1_0 
    where
        a1_0.id_centro=?
2026-05-12T00:27:53.436+02:00 DEBUG 17288 --- [EduRoom] [http-nio-8080-exec-8] o.s.w.s.m.m.a.HttpEntityMethodProcessor  : Using 'application/json', given [application/json, text/plain, */*] and supported [application/json, application/*+json]
2026-05-12T00:27:53.436+02:00 DEBUG 17288 --- [EduRoom] [http-nio-8080-exec-8] o.s.w.s.m.m.a.HttpEntityMethodProcessor  : Writing [[]]
2026-05-12T00:27:53.438+02:00 DEBUG 17288 --- [EduRoom] [http-nio-8080-exec-8] o.s.web.servlet.DispatcherServlet        : Completed 200 OK
2026-05-12T00:27:53.450+02:00 DEBUG 17288 --- [EduRoom] [http-nio-8080-exec-10] o.s.security.web.FilterChainProxy        : Securing GET /api/aulas/centro/2
2026-05-12T00:27:53.455+02:00 DEBUG 17288 --- [EduRoom] [http-nio-8080-exec-10] org.hibernate.SQL                        : 
    select
        u1_0.id,
        u1_0.id_centro,
        u1_0.email,
        u1_0.nombre,
        u1_0.password_hash,
        u1_0.rol 
    from
        usuarios u1_0 
    where
        u1_0.email=?
2026-05-12T00:27:53.464+02:00 DEBUG 17288 --- [EduRoom] [http-nio-8080-exec-10] o.s.security.web.FilterChainProxy        : Secured GET /api/aulas/centro/2
2026-05-12T00:27:53.465+02:00 DEBUG 17288 --- [EduRoom] [http-nio-8080-exec-10] o.s.web.servlet.DispatcherServlet        : GET "/api/aulas/centro/2", parameters={}
2026-05-12T00:27:53.465+02:00 DEBUG 17288 --- [EduRoom] [http-nio-8080-exec-10] s.w.s.m.m.a.RequestMappingHandlerMapping : Mapped to com.eduroom.backend.controller.AulaController#getAulasByCentro(Long)
2026-05-12T00:27:53.467+02:00 DEBUG 17288 --- [EduRoom] [http-nio-8080-exec-10] org.hibernate.SQL                        : 
    select
        c1_0.id,
        c1_0.horario_fin,
        c1_0.horario_inicio,
        c1_0.nombre 
    from
        centros c1_0 
    where
        c1_0.id=?
2026-05-12T00:27:53.472+02:00 DEBUG 17288 --- [EduRoom] [http-nio-8080-exec-10] org.hibernate.SQL                        : 
    select
        a1_0.id,
        a1_0.capacidad,
        a1_0.id_centro,
        a1_0.nombre 
    from
        aulas a1_0 
    where
        a1_0.id_centro=?
2026-05-12T00:27:53.474+02:00 DEBUG 17288 --- [EduRoom] [http-nio-8080-exec-10] o.s.w.s.m.m.a.HttpEntityMethodProcessor  : Using 'application/json', given [application/json, text/plain, */*] and supported [application/json, application/*+json]
2026-05-12T00:27:53.474+02:00 DEBUG 17288 --- [EduRoom] [http-nio-8080-exec-10] o.s.w.s.m.m.a.HttpEntityMethodProcessor  : Writing [[]]
2026-05-12T00:27:53.475+02:00 DEBUG 17288 --- [EduRoom] [http-nio-8080-exec-10] o.s.web.servlet.DispatcherServlet        : Completed 200 OK
2026-05-12T00:27:59.153+02:00 DEBUG 17288 --- [EduRoom] [http-nio-8080-exec-1] o.s.security.web.FilterChainProxy        : Securing GET /api/eventos/centro/2
2026-05-12T00:27:59.158+02:00 DEBUG 17288 --- [EduRoom] [http-nio-8080-exec-4] o.s.security.web.FilterChainProxy        : Securing GET /api/centros/2
2026-05-12T00:27:59.159+02:00 DEBUG 17288 --- [EduRoom] [http-nio-8080-exec-2] o.s.security.web.FilterChainProxy        : Securing GET /api/aulas/centro/2
2026-05-12T00:27:59.159+02:00 DEBUG 17288 --- [EduRoom] [http-nio-8080-exec-1] org.hibernate.SQL                        : 
    select
        u1_0.id,
        u1_0.id_centro,
        u1_0.email,
        u1_0.nombre,
        u1_0.password_hash,
        u1_0.rol 
    from
        usuarios u1_0 
    where
        u1_0.email=?
2026-05-12T00:27:59.165+02:00 DEBUG 17288 --- [EduRoom] [http-nio-8080-exec-4] org.hibernate.SQL                        : 
    select
        u1_0.id,
        u1_0.id_centro,
        u1_0.email,
        u1_0.nombre,
        u1_0.password_hash,
        u1_0.rol 
    from
        usuarios u1_0 
    where
        u1_0.email=?
2026-05-12T00:27:59.166+02:00 DEBUG 17288 --- [EduRoom] [http-nio-8080-exec-2] org.hibernate.SQL                        : 
    select
        u1_0.id,
        u1_0.id_centro,
        u1_0.email,
        u1_0.nombre,
        u1_0.password_hash,
        u1_0.rol 
    from
        usuarios u1_0 
    where
        u1_0.email=?
2026-05-12T00:27:59.170+02:00 DEBUG 17288 --- [EduRoom] [http-nio-8080-exec-1] o.s.security.web.FilterChainProxy        : Secured GET /api/eventos/centro/2
2026-05-12T00:27:59.170+02:00 DEBUG 17288 --- [EduRoom] [http-nio-8080-exec-1] o.s.web.servlet.DispatcherServlet        : GET "/api/eventos/centro/2", parameters={}
2026-05-12T00:27:59.172+02:00 DEBUG 17288 --- [EduRoom] [http-nio-8080-exec-1] s.w.s.m.m.a.RequestMappingHandlerMapping : Mapped to com.eduroom.backend.controller.EventoController#getEventosByCentro(Long)
2026-05-12T00:27:59.173+02:00 DEBUG 17288 --- [EduRoom] [http-nio-8080-exec-4] o.s.security.web.FilterChainProxy        : Secured GET /api/centros/2
2026-05-12T00:27:59.173+02:00 DEBUG 17288 --- [EduRoom] [http-nio-8080-exec-2] o.s.security.web.FilterChainProxy        : Secured GET /api/aulas/centro/2
2026-05-12T00:27:59.173+02:00 DEBUG 17288 --- [EduRoom] [http-nio-8080-exec-4] o.s.web.servlet.DispatcherServlet        : GET "/api/centros/2", parameters={}
2026-05-12T00:27:59.173+02:00 DEBUG 17288 --- [EduRoom] [http-nio-8080-exec-2] o.s.web.servlet.DispatcherServlet        : GET "/api/aulas/centro/2", parameters={}
2026-05-12T00:27:59.174+02:00 DEBUG 17288 --- [EduRoom] [http-nio-8080-exec-2] s.w.s.m.m.a.RequestMappingHandlerMapping : Mapped to com.eduroom.backend.controller.AulaController#getAulasByCentro(Long)
2026-05-12T00:27:59.174+02:00 DEBUG 17288 --- [EduRoom] [http-nio-8080-exec-4] s.w.s.m.m.a.RequestMappingHandlerMapping : Mapped to com.eduroom.backend.controller.CentroController#getCentroById(Long)
2026-05-12T00:27:59.175+02:00 DEBUG 17288 --- [EduRoom] [http-nio-8080-exec-2] org.hibernate.SQL                        : 
    select
        c1_0.id,
        c1_0.horario_fin,
        c1_0.horario_inicio,
        c1_0.nombre 
    from
        centros c1_0 
    where
        c1_0.id=?
2026-05-12T00:27:59.175+02:00 DEBUG 17288 --- [EduRoom] [http-nio-8080-exec-4] org.hibernate.SQL                        : 
    select
        c1_0.id,
        c1_0.horario_fin,
        c1_0.horario_inicio,
        c1_0.nombre 
    from
        centros c1_0 
    where
        c1_0.id=?
2026-05-12T00:27:59.175+02:00 DEBUG 17288 --- [EduRoom] [http-nio-8080-exec-1] org.hibernate.SQL                        : 
    select
        e1_0.id,
        e1_0.id_creador,
        e1_0.descripcion,
        e1_0.fecha,
        e1_0.hora_fin,
        e1_0.hora_inicio,
        e1_0.lugar,
        e1_0.qr_expiracion,
        e1_0.qr_token,
        e1_0.titulo 
    from
        eventos e1_0 
    left join
        usuarios c1_0 
            on c1_0.id=e1_0.id_creador 
    where
        c1_0.id_centro=?
2026-05-12T00:27:59.178+02:00 DEBUG 17288 --- [EduRoom] [http-nio-8080-exec-4] o.s.w.s.m.m.a.HttpEntityMethodProcessor  : Using 'application/json', given [application/json, text/plain, */*] and supported [application/json, application/*+json]
2026-05-12T00:27:59.178+02:00 DEBUG 17288 --- [EduRoom] [http-nio-8080-exec-1] o.s.w.s.m.m.a.HttpEntityMethodProcessor  : Using 'application/json', given [application/json, text/plain, */*] and supported [application/json, application/*+json]
2026-05-12T00:27:59.178+02:00 DEBUG 17288 --- [EduRoom] [http-nio-8080-exec-4] o.s.w.s.m.m.a.HttpEntityMethodProcessor  : Writing [com.eduroom.backend.model.Centro@73bc705f]
2026-05-12T00:27:59.178+02:00 DEBUG 17288 --- [EduRoom] [http-nio-8080-exec-1] o.s.w.s.m.m.a.HttpEntityMethodProcessor  : Writing [[]]
2026-05-12T00:27:59.179+02:00 DEBUG 17288 --- [EduRoom] [http-nio-8080-exec-4] org.hibernate.SQL                        : 
    select
        u1_0.id_centro,
        u1_0.id,
        u1_0.email,
        u1_0.nombre,
        u1_0.password_hash,
        u1_0.rol 
    from
        usuarios u1_0 
    where
        u1_0.id_centro=?
2026-05-12T00:27:59.179+02:00 DEBUG 17288 --- [EduRoom] [http-nio-8080-exec-2] org.hibernate.SQL                        : 
    select
        a1_0.id,
        a1_0.capacidad,
        a1_0.id_centro,
        a1_0.nombre 
    from
        aulas a1_0 
    where
        a1_0.id_centro=?
2026-05-12T00:27:59.179+02:00 DEBUG 17288 --- [EduRoom] [http-nio-8080-exec-1] o.s.web.servlet.DispatcherServlet        : Completed 200 OK
2026-05-12T00:27:59.182+02:00 DEBUG 17288 --- [EduRoom] [http-nio-8080-exec-4] org.hibernate.SQL                        : 
    select
        a1_0.id_centro,
        a1_0.id,
        a1_0.capacidad,
        a1_0.nombre 
    from
        aulas a1_0 
    where
        a1_0.id_centro=?
2026-05-12T00:27:59.182+02:00 DEBUG 17288 --- [EduRoom] [http-nio-8080-exec-2] o.s.w.s.m.m.a.HttpEntityMethodProcessor  : Using 'application/json', given [application/json, text/plain, */*] and supported [application/json, application/*+json]
2026-05-12T00:27:59.183+02:00 DEBUG 17288 --- [EduRoom] [http-nio-8080-exec-2] o.s.w.s.m.m.a.HttpEntityMethodProcessor  : Writing [[]]
2026-05-12T00:27:59.184+02:00 DEBUG 17288 --- [EduRoom] [http-nio-8080-exec-9] o.s.security.web.FilterChainProxy        : Securing GET /api/eventos/centro/2
2026-05-12T00:27:59.184+02:00 DEBUG 17288 --- [EduRoom] [http-nio-8080-exec-4] o.s.web.servlet.DispatcherServlet        : Completed 200 OK
2026-05-12T00:27:59.184+02:00 DEBUG 17288 --- [EduRoom] [http-nio-8080-exec-2] o.s.web.servlet.DispatcherServlet        : Completed 200 OK
2026-05-12T00:27:59.190+02:00 DEBUG 17288 --- [EduRoom] [http-nio-8080-exec-9] org.hibernate.SQL                        : 
    select
        u1_0.id,
        u1_0.id_centro,
        u1_0.email,
        u1_0.nombre,
        u1_0.password_hash,
        u1_0.rol 
    from
        usuarios u1_0 
    where
        u1_0.email=?
2026-05-12T00:27:59.197+02:00 DEBUG 17288 --- [EduRoom] [http-nio-8080-exec-6] o.s.security.web.FilterChainProxy        : Securing GET /api/centros/2
2026-05-12T00:27:59.198+02:00 DEBUG 17288 --- [EduRoom] [http-nio-8080-exec-3] o.s.security.web.FilterChainProxy        : Securing GET /api/aulas/centro/2
2026-05-12T00:27:59.199+02:00 DEBUG 17288 --- [EduRoom] [http-nio-8080-exec-9] o.s.security.web.FilterChainProxy        : Secured GET /api/eventos/centro/2
2026-05-12T00:27:59.200+02:00 DEBUG 17288 --- [EduRoom] [http-nio-8080-exec-9] o.s.web.servlet.DispatcherServlet        : GET "/api/eventos/centro/2", parameters={}
2026-05-12T00:27:59.200+02:00 DEBUG 17288 --- [EduRoom] [http-nio-8080-exec-9] s.w.s.m.m.a.RequestMappingHandlerMapping : Mapped to com.eduroom.backend.controller.EventoController#getEventosByCentro(Long)
2026-05-12T00:27:59.201+02:00 DEBUG 17288 --- [EduRoom] [http-nio-8080-exec-6] org.hibernate.SQL                        : 
    select
        u1_0.id,
        u1_0.id_centro,
        u1_0.email,
        u1_0.nombre,
        u1_0.password_hash,
        u1_0.rol 
    from
        usuarios u1_0 
    where
        u1_0.email=?
2026-05-12T00:27:59.202+02:00 DEBUG 17288 --- [EduRoom] [http-nio-8080-exec-3] org.hibernate.SQL                        : 
    select
        u1_0.id,
        u1_0.id_centro,
        u1_0.email,
        u1_0.nombre,
        u1_0.password_hash,
        u1_0.rol 
    from
        usuarios u1_0 
    where
        u1_0.email=?
2026-05-12T00:27:59.202+02:00 DEBUG 17288 --- [EduRoom] [http-nio-8080-exec-9] org.hibernate.SQL                        : 
    select
        e1_0.id,
        e1_0.id_creador,
        e1_0.descripcion,
        e1_0.fecha,
        e1_0.hora_fin,
        e1_0.hora_inicio,
        e1_0.lugar,
        e1_0.qr_expiracion,
        e1_0.qr_token,
        e1_0.titulo 
    from
        eventos e1_0 
    left join
        usuarios c1_0 
            on c1_0.id=e1_0.id_creador 
    where
        c1_0.id_centro=?
2026-05-12T00:27:59.204+02:00 DEBUG 17288 --- [EduRoom] [http-nio-8080-exec-9] o.s.w.s.m.m.a.HttpEntityMethodProcessor  : Using 'application/json', given [application/json, text/plain, */*] and supported [application/json, application/*+json]
2026-05-12T00:27:59.204+02:00 DEBUG 17288 --- [EduRoom] [http-nio-8080-exec-9] o.s.w.s.m.m.a.HttpEntityMethodProcessor  : Writing [[]]
2026-05-12T00:27:59.207+02:00 DEBUG 17288 --- [EduRoom] [http-nio-8080-exec-9] o.s.web.servlet.DispatcherServlet        : Completed 200 OK
2026-05-12T00:27:59.209+02:00 DEBUG 17288 --- [EduRoom] [http-nio-8080-exec-3] o.s.security.web.FilterChainProxy        : Secured GET /api/aulas/centro/2
2026-05-12T00:27:59.210+02:00 DEBUG 17288 --- [EduRoom] [http-nio-8080-exec-3] o.s.web.servlet.DispatcherServlet        : GET "/api/aulas/centro/2", parameters={}
2026-05-12T00:27:59.210+02:00 DEBUG 17288 --- [EduRoom] [http-nio-8080-exec-3] s.w.s.m.m.a.RequestMappingHandlerMapping : Mapped to com.eduroom.backend.controller.AulaController#getAulasByCentro(Long)
2026-05-12T00:27:59.210+02:00 DEBUG 17288 --- [EduRoom] [http-nio-8080-exec-6] o.s.security.web.FilterChainProxy        : Secured GET /api/centros/2
2026-05-12T00:27:59.210+02:00 DEBUG 17288 --- [EduRoom] [http-nio-8080-exec-6] o.s.web.servlet.DispatcherServlet        : GET "/api/centros/2", parameters={}
2026-05-12T00:27:59.212+02:00 DEBUG 17288 --- [EduRoom] [http-nio-8080-exec-6] s.w.s.m.m.a.RequestMappingHandlerMapping : Mapped to com.eduroom.backend.controller.CentroController#getCentroById(Long)
2026-05-12T00:27:59.214+02:00 DEBUG 17288 --- [EduRoom] [http-nio-8080-exec-3] org.hibernate.SQL                        : 
    select
        c1_0.id,
        c1_0.horario_fin,
        c1_0.horario_inicio,
        c1_0.nombre 
    from
        centros c1_0 
    where
        c1_0.id=?
2026-05-12T00:27:59.214+02:00 DEBUG 17288 --- [EduRoom] [http-nio-8080-exec-6] org.hibernate.SQL                        : 
    select
        c1_0.id,
        c1_0.horario_fin,
        c1_0.horario_inicio,
        c1_0.nombre 
    from
        centros c1_0 
    where
        c1_0.id=?
2026-05-12T00:27:59.217+02:00 DEBUG 17288 --- [EduRoom] [http-nio-8080-exec-6] o.s.w.s.m.m.a.HttpEntityMethodProcessor  : Using 'application/json', given [application/json, text/plain, */*] and supported [application/json, application/*+json]
2026-05-12T00:27:59.217+02:00 DEBUG 17288 --- [EduRoom] [http-nio-8080-exec-6] o.s.w.s.m.m.a.HttpEntityMethodProcessor  : Writing [com.eduroom.backend.model.Centro@7d841de2]
2026-05-12T00:27:59.217+02:00 DEBUG 17288 --- [EduRoom] [http-nio-8080-exec-3] org.hibernate.SQL                        : 
    select
        a1_0.id,
        a1_0.capacidad,
        a1_0.id_centro,
        a1_0.nombre 
    from
        aulas a1_0 
    where
        a1_0.id_centro=?
2026-05-12T00:27:59.217+02:00 DEBUG 17288 --- [EduRoom] [http-nio-8080-exec-6] org.hibernate.SQL                        : 
    select
        u1_0.id_centro,
        u1_0.id,
        u1_0.email,
        u1_0.nombre,
        u1_0.password_hash,
        u1_0.rol 
    from
        usuarios u1_0 
    where
        u1_0.id_centro=?
2026-05-12T00:27:59.219+02:00 DEBUG 17288 --- [EduRoom] [http-nio-8080-exec-3] o.s.w.s.m.m.a.HttpEntityMethodProcessor  : Using 'application/json', given [application/json, text/plain, */*] and supported [application/json, application/*+json]
2026-05-12T00:27:59.219+02:00 DEBUG 17288 --- [EduRoom] [http-nio-8080-exec-3] o.s.w.s.m.m.a.HttpEntityMethodProcessor  : Writing [[]]
2026-05-12T00:27:59.219+02:00 DEBUG 17288 --- [EduRoom] [http-nio-8080-exec-6] org.hibernate.SQL                        : 
    select
        a1_0.id_centro,
        a1_0.id,
        a1_0.capacidad,
        a1_0.nombre 
    from
        aulas a1_0 
    where
        a1_0.id_centro=?
2026-05-12T00:27:59.221+02:00 DEBUG 17288 --- [EduRoom] [http-nio-8080-exec-3] o.s.web.servlet.DispatcherServlet        : Completed 200 OK
2026-05-12T00:27:59.222+02:00 DEBUG 17288 --- [EduRoom] [http-nio-8080-exec-6] o.s.web.servlet.DispatcherServlet        : Completed 200 OK
2026-05-12T00:28:05.089+02:00 DEBUG 17288 --- [EduRoom] [http-nio-8080-exec-5] o.s.security.web.FilterChainProxy        : Securing GET /api/eventos/centro/2
2026-05-12T00:28:05.092+02:00 DEBUG 17288 --- [EduRoom] [http-nio-8080-exec-7] o.s.security.web.FilterChainProxy        : Securing GET /api/centros/2
2026-05-12T00:28:05.093+02:00 DEBUG 17288 --- [EduRoom] [http-nio-8080-exec-8] o.s.security.web.FilterChainProxy        : Securing GET /api/aulas/centro/2
2026-05-12T00:28:05.095+02:00 DEBUG 17288 --- [EduRoom] [http-nio-8080-exec-5] org.hibernate.SQL                        : 
    select
        u1_0.id,
        u1_0.id_centro,
        u1_0.email,
        u1_0.nombre,
        u1_0.password_hash,
        u1_0.rol 
    from
        usuarios u1_0 
    where
        u1_0.email=?
2026-05-12T00:28:05.099+02:00 DEBUG 17288 --- [EduRoom] [http-nio-8080-exec-7] org.hibernate.SQL                        : 
    select
        u1_0.id,
        u1_0.id_centro,
        u1_0.email,
        u1_0.nombre,
        u1_0.password_hash,
        u1_0.rol 
    from
        usuarios u1_0 
    where
        u1_0.email=?
2026-05-12T00:28:05.099+02:00 DEBUG 17288 --- [EduRoom] [http-nio-8080-exec-8] org.hibernate.SQL                        : 
    select
        u1_0.id,
        u1_0.id_centro,
        u1_0.email,
        u1_0.nombre,
        u1_0.password_hash,
        u1_0.rol 
    from
        usuarios u1_0 
    where
        u1_0.email=?
2026-05-12T00:28:05.104+02:00 DEBUG 17288 --- [EduRoom] [http-nio-8080-exec-5] o.s.security.web.FilterChainProxy        : Secured GET /api/eventos/centro/2
2026-05-12T00:28:05.104+02:00 DEBUG 17288 --- [EduRoom] [http-nio-8080-exec-5] o.s.web.servlet.DispatcherServlet        : GET "/api/eventos/centro/2", parameters={}
2026-05-12T00:28:05.105+02:00 DEBUG 17288 --- [EduRoom] [http-nio-8080-exec-5] s.w.s.m.m.a.RequestMappingHandlerMapping : Mapped to com.eduroom.backend.controller.EventoController#getEventosByCentro(Long)
2026-05-12T00:28:05.106+02:00 DEBUG 17288 --- [EduRoom] [http-nio-8080-exec-8] o.s.security.web.FilterChainProxy        : Secured GET /api/aulas/centro/2
2026-05-12T00:28:05.106+02:00 DEBUG 17288 --- [EduRoom] [http-nio-8080-exec-7] o.s.security.web.FilterChainProxy        : Secured GET /api/centros/2
2026-05-12T00:28:05.106+02:00 DEBUG 17288 --- [EduRoom] [http-nio-8080-exec-8] o.s.web.servlet.DispatcherServlet        : GET "/api/aulas/centro/2", parameters={}
2026-05-12T00:28:05.106+02:00 DEBUG 17288 --- [EduRoom] [http-nio-8080-exec-7] o.s.web.servlet.DispatcherServlet        : GET "/api/centros/2", parameters={}
2026-05-12T00:28:05.106+02:00 DEBUG 17288 --- [EduRoom] [http-nio-8080-exec-8] s.w.s.m.m.a.RequestMappingHandlerMapping : Mapped to com.eduroom.backend.controller.AulaController#getAulasByCentro(Long)
2026-05-12T00:28:05.107+02:00 DEBUG 17288 --- [EduRoom] [http-nio-8080-exec-7] s.w.s.m.m.a.RequestMappingHandlerMapping : Mapped to com.eduroom.backend.controller.CentroController#getCentroById(Long)
2026-05-12T00:28:05.107+02:00 DEBUG 17288 --- [EduRoom] [http-nio-8080-exec-5] org.hibernate.SQL                        : 
    select
        e1_0.id,
        e1_0.id_creador,
        e1_0.descripcion,
        e1_0.fecha,
        e1_0.hora_fin,
        e1_0.hora_inicio,
        e1_0.lugar,
        e1_0.qr_expiracion,
        e1_0.qr_token,
        e1_0.titulo 
    from
        eventos e1_0 
    left join
        usuarios c1_0 
            on c1_0.id=e1_0.id_creador 
    where
        c1_0.id_centro=?
2026-05-12T00:28:05.109+02:00 DEBUG 17288 --- [EduRoom] [http-nio-8080-exec-8] org.hibernate.SQL                        : 
    select
        c1_0.id,
        c1_0.horario_fin,
        c1_0.horario_inicio,
        c1_0.nombre 
    from
        centros c1_0 
    where
        c1_0.id=?
2026-05-12T00:28:05.109+02:00 DEBUG 17288 --- [EduRoom] [http-nio-8080-exec-7] org.hibernate.SQL                        : 
    select
        c1_0.id,
        c1_0.horario_fin,
        c1_0.horario_inicio,
        c1_0.nombre 
    from
        centros c1_0 
    where
        c1_0.id=?
2026-05-12T00:28:05.111+02:00 DEBUG 17288 --- [EduRoom] [http-nio-8080-exec-5] o.s.w.s.m.m.a.HttpEntityMethodProcessor  : Using 'application/json', given [application/json, text/plain, */*] and supported [application/json, application/*+json]
2026-05-12T00:28:05.113+02:00 DEBUG 17288 --- [EduRoom] [http-nio-8080-exec-5] o.s.w.s.m.m.a.HttpEntityMethodProcessor  : Writing [[]]
2026-05-12T00:28:05.115+02:00 DEBUG 17288 --- [EduRoom] [http-nio-8080-exec-8] org.hibernate.SQL                        : 
    select
        a1_0.id,
        a1_0.capacidad,
        a1_0.id_centro,
        a1_0.nombre 
    from
        aulas a1_0 
    where
        a1_0.id_centro=?
2026-05-12T00:28:05.115+02:00 DEBUG 17288 --- [EduRoom] [http-nio-8080-exec-5] o.s.web.servlet.DispatcherServlet        : Completed 200 OK
2026-05-12T00:28:05.115+02:00 DEBUG 17288 --- [EduRoom] [http-nio-8080-exec-7] o.s.w.s.m.m.a.HttpEntityMethodProcessor  : Using 'application/json', given [application/json, text/plain, */*] and supported [application/json, application/*+json]
2026-05-12T00:28:05.117+02:00 DEBUG 17288 --- [EduRoom] [http-nio-8080-exec-7] o.s.w.s.m.m.a.HttpEntityMethodProcessor  : Writing [com.eduroom.backend.model.Centro@6169d33e]
2026-05-12T00:28:05.117+02:00 DEBUG 17288 --- [EduRoom] [http-nio-8080-exec-7] org.hibernate.SQL                        : 
    select
        u1_0.id_centro,
        u1_0.id,
        u1_0.email,
        u1_0.nombre,
        u1_0.password_hash,
        u1_0.rol 
    from
        usuarios u1_0 
    where
        u1_0.id_centro=?
2026-05-12T00:28:05.117+02:00 DEBUG 17288 --- [EduRoom] [http-nio-8080-exec-8] o.s.w.s.m.m.a.HttpEntityMethodProcessor  : Using 'application/json', given [application/json, text/plain, */*] and supported [application/json, application/*+json]
2026-05-12T00:28:05.117+02:00 DEBUG 17288 --- [EduRoom] [http-nio-8080-exec-10] o.s.security.web.FilterChainProxy        : Securing GET /api/eventos/centro/2
2026-05-12T00:28:05.117+02:00 DEBUG 17288 --- [EduRoom] [http-nio-8080-exec-8] o.s.w.s.m.m.a.HttpEntityMethodProcessor  : Writing [[]]
2026-05-12T00:28:05.119+02:00 DEBUG 17288 --- [EduRoom] [http-nio-8080-exec-7] org.hibernate.SQL                        : 
    select
        a1_0.id_centro,
        a1_0.id,
        a1_0.capacidad,
        a1_0.nombre 
    from
        aulas a1_0 
    where
        a1_0.id_centro=?
2026-05-12T00:28:05.119+02:00 DEBUG 17288 --- [EduRoom] [http-nio-8080-exec-8] o.s.web.servlet.DispatcherServlet        : Completed 200 OK
2026-05-12T00:28:05.123+02:00 DEBUG 17288 --- [EduRoom] [http-nio-8080-exec-7] o.s.web.servlet.DispatcherServlet        : Completed 200 OK
2026-05-12T00:28:05.130+02:00 DEBUG 17288 --- [EduRoom] [http-nio-8080-exec-10] org.hibernate.SQL                        : 
    select
        u1_0.id,
        u1_0.id_centro,
        u1_0.email,
        u1_0.nombre,
        u1_0.password_hash,
        u1_0.rol 
    from
        usuarios u1_0 
    where
        u1_0.email=?
2026-05-12T00:28:05.138+02:00 DEBUG 17288 --- [EduRoom] [http-nio-8080-exec-2] o.s.security.web.FilterChainProxy        : Securing GET /api/aulas/centro/2
2026-05-12T00:28:05.138+02:00 DEBUG 17288 --- [EduRoom] [http-nio-8080-exec-1] o.s.security.web.FilterChainProxy        : Securing GET /api/centros/2
2026-05-12T00:28:05.139+02:00 DEBUG 17288 --- [EduRoom] [http-nio-8080-exec-10] o.s.security.web.FilterChainProxy        : Secured GET /api/eventos/centro/2
2026-05-12T00:28:05.141+02:00 DEBUG 17288 --- [EduRoom] [http-nio-8080-exec-10] o.s.web.servlet.DispatcherServlet        : GET "/api/eventos/centro/2", parameters={}
2026-05-12T00:28:05.141+02:00 DEBUG 17288 --- [EduRoom] [http-nio-8080-exec-10] s.w.s.m.m.a.RequestMappingHandlerMapping : Mapped to com.eduroom.backend.controller.EventoController#getEventosByCentro(Long)
2026-05-12T00:28:05.144+02:00 DEBUG 17288 --- [EduRoom] [http-nio-8080-exec-10] org.hibernate.SQL                        : 
    select
        e1_0.id,
        e1_0.id_creador,
        e1_0.descripcion,
        e1_0.fecha,
        e1_0.hora_fin,
        e1_0.hora_inicio,
        e1_0.lugar,
        e1_0.qr_expiracion,
        e1_0.qr_token,
        e1_0.titulo 
    from
        eventos e1_0 
    left join
        usuarios c1_0 
            on c1_0.id=e1_0.id_creador 
    where
        c1_0.id_centro=?
2026-05-12T00:28:05.144+02:00 DEBUG 17288 --- [EduRoom] [http-nio-8080-exec-1] org.hibernate.SQL                        : 
    select
        u1_0.id,
        u1_0.id_centro,
        u1_0.email,
        u1_0.nombre,
        u1_0.password_hash,
        u1_0.rol 
    from
        usuarios u1_0 
    where
        u1_0.email=?
2026-05-12T00:28:05.144+02:00 DEBUG 17288 --- [EduRoom] [http-nio-8080-exec-2] org.hibernate.SQL                        : 
    select
        u1_0.id,
        u1_0.id_centro,
        u1_0.email,
        u1_0.nombre,
        u1_0.password_hash,
        u1_0.rol 
    from
        usuarios u1_0 
    where
        u1_0.email=?
2026-05-12T00:28:05.147+02:00 DEBUG 17288 --- [EduRoom] [http-nio-8080-exec-10] o.s.w.s.m.m.a.HttpEntityMethodProcessor  : Using 'application/json', given [application/json, text/plain, */*] and supported [application/json, application/*+json]
2026-05-12T00:28:05.148+02:00 DEBUG 17288 --- [EduRoom] [http-nio-8080-exec-10] o.s.w.s.m.m.a.HttpEntityMethodProcessor  : Writing [[]]
2026-05-12T00:28:05.149+02:00 DEBUG 17288 --- [EduRoom] [http-nio-8080-exec-10] o.s.web.servlet.DispatcherServlet        : Completed 200 OK
2026-05-12T00:28:05.153+02:00 DEBUG 17288 --- [EduRoom] [http-nio-8080-exec-2] o.s.security.web.FilterChainProxy        : Secured GET /api/aulas/centro/2
2026-05-12T00:28:05.153+02:00 DEBUG 17288 --- [EduRoom] [http-nio-8080-exec-1] o.s.security.web.FilterChainProxy        : Secured GET /api/centros/2
2026-05-12T00:28:05.154+02:00 DEBUG 17288 --- [EduRoom] [http-nio-8080-exec-1] o.s.web.servlet.DispatcherServlet        : GET "/api/centros/2", parameters={}
2026-05-12T00:28:05.154+02:00 DEBUG 17288 --- [EduRoom] [http-nio-8080-exec-2] o.s.web.servlet.DispatcherServlet        : GET "/api/aulas/centro/2", parameters={}
2026-05-12T00:28:05.154+02:00 DEBUG 17288 --- [EduRoom] [http-nio-8080-exec-1] s.w.s.m.m.a.RequestMappingHandlerMapping : Mapped to com.eduroom.backend.controller.CentroController#getCentroById(Long)
2026-05-12T00:28:05.154+02:00 DEBUG 17288 --- [EduRoom] [http-nio-8080-exec-2] s.w.s.m.m.a.RequestMappingHandlerMapping : Mapped to com.eduroom.backend.controller.AulaController#getAulasByCentro(Long)
2026-05-12T00:28:05.156+02:00 DEBUG 17288 --- [EduRoom] [http-nio-8080-exec-1] org.hibernate.SQL                        : 
    select
        c1_0.id,
        c1_0.horario_fin,
        c1_0.horario_inicio,
        c1_0.nombre 
    from
        centros c1_0 
    where
        c1_0.id=?
2026-05-12T00:28:05.156+02:00 DEBUG 17288 --- [EduRoom] [http-nio-8080-exec-2] org.hibernate.SQL                        : 
    select
        c1_0.id,
        c1_0.horario_fin,
        c1_0.horario_inicio,
        c1_0.nombre 
    from
        centros c1_0 
    where
        c1_0.id=?
2026-05-12T00:28:05.158+02:00 DEBUG 17288 --- [EduRoom] [http-nio-8080-exec-1] o.s.w.s.m.m.a.HttpEntityMethodProcessor  : Using 'application/json', given [application/json, text/plain, */*] and supported [application/json, application/*+json]
2026-05-12T00:28:05.159+02:00 DEBUG 17288 --- [EduRoom] [http-nio-8080-exec-1] o.s.w.s.m.m.a.HttpEntityMethodProcessor  : Writing [com.eduroom.backend.model.Centro@5a57cbdf]
2026-05-12T00:28:05.159+02:00 DEBUG 17288 --- [EduRoom] [http-nio-8080-exec-1] org.hibernate.SQL                        : 
    select
        u1_0.id_centro,
        u1_0.id,
        u1_0.email,
        u1_0.nombre,
        u1_0.password_hash,
        u1_0.rol 
    from
        usuarios u1_0 
    where
        u1_0.id_centro=?
2026-05-12T00:28:05.159+02:00 DEBUG 17288 --- [EduRoom] [http-nio-8080-exec-2] org.hibernate.SQL                        : 
    select
        a1_0.id,
        a1_0.capacidad,
        a1_0.id_centro,
        a1_0.nombre 
    from
        aulas a1_0 
    where
        a1_0.id_centro=?
2026-05-12T00:28:05.162+02:00 DEBUG 17288 --- [EduRoom] [http-nio-8080-exec-1] org.hibernate.SQL                        : 
    select
        a1_0.id_centro,
        a1_0.id,
        a1_0.capacidad,
        a1_0.nombre 
    from
        aulas a1_0 
    where
        a1_0.id_centro=?
2026-05-12T00:28:05.162+02:00 DEBUG 17288 --- [EduRoom] [http-nio-8080-exec-2] o.s.w.s.m.m.a.HttpEntityMethodProcessor  : Using 'application/json', given [application/json, text/plain, */*] and supported [application/json, application/*+json]
2026-05-12T00:28:05.162+02:00 DEBUG 17288 --- [EduRoom] [http-nio-8080-exec-2] o.s.w.s.m.m.a.HttpEntityMethodProcessor  : Writing [[]]
2026-05-12T00:28:05.163+02:00 DEBUG 17288 --- [EduRoom] [http-nio-8080-exec-2] o.s.web.servlet.DispatcherServlet        : Completed 200 OK
2026-05-12T00:28:05.163+02:00 DEBUG 17288 --- [EduRoom] [http-nio-8080-exec-1] o.s.web.servlet.DispatcherServlet        : Completed 200 OK
2026-05-12T00:28:05.622+02:00 DEBUG 17288 --- [EduRoom] [http-nio-8080-exec-4] o.s.security.web.FilterChainProxy        : Securing GET /api/aulas/centro/2
2026-05-12T00:28:05.627+02:00 DEBUG 17288 --- [EduRoom] [http-nio-8080-exec-4] org.hibernate.SQL                        : 
    select
        u1_0.id,
        u1_0.id_centro,
        u1_0.email,
        u1_0.nombre,
        u1_0.password_hash,
        u1_0.rol 
    from
        usuarios u1_0 
    where
        u1_0.email=?
2026-05-12T00:28:05.635+02:00 DEBUG 17288 --- [EduRoom] [http-nio-8080-exec-4] o.s.security.web.FilterChainProxy        : Secured GET /api/aulas/centro/2
2026-05-12T00:28:05.636+02:00 DEBUG 17288 --- [EduRoom] [http-nio-8080-exec-4] o.s.web.servlet.DispatcherServlet        : GET "/api/aulas/centro/2", parameters={}
2026-05-12T00:28:05.637+02:00 DEBUG 17288 --- [EduRoom] [http-nio-8080-exec-4] s.w.s.m.m.a.RequestMappingHandlerMapping : Mapped to com.eduroom.backend.controller.AulaController#getAulasByCentro(Long)
2026-05-12T00:28:05.639+02:00 DEBUG 17288 --- [EduRoom] [http-nio-8080-exec-4] org.hibernate.SQL                        : 
    select
        c1_0.id,
        c1_0.horario_fin,
        c1_0.horario_inicio,
        c1_0.nombre 
    from
        centros c1_0 
    where
        c1_0.id=?
2026-05-12T00:28:05.642+02:00 DEBUG 17288 --- [EduRoom] [http-nio-8080-exec-4] org.hibernate.SQL                        : 
    select
        a1_0.id,
        a1_0.capacidad,
        a1_0.id_centro,
        a1_0.nombre 
    from
        aulas a1_0 
    where
        a1_0.id_centro=?
2026-05-12T00:28:05.646+02:00 DEBUG 17288 --- [EduRoom] [http-nio-8080-exec-4] o.s.w.s.m.m.a.HttpEntityMethodProcessor  : Using 'application/json', given [application/json, text/plain, */*] and supported [application/json, application/*+json]
2026-05-12T00:28:05.646+02:00 DEBUG 17288 --- [EduRoom] [http-nio-8080-exec-4] o.s.w.s.m.m.a.HttpEntityMethodProcessor  : Writing [[]]
2026-05-12T00:28:05.647+02:00 DEBUG 17288 --- [EduRoom] [http-nio-8080-exec-4] o.s.web.servlet.DispatcherServlet        : Completed 200 OK
2026-05-12T00:28:05.657+02:00 DEBUG 17288 --- [EduRoom] [http-nio-8080-exec-9] o.s.security.web.FilterChainProxy        : Securing GET /api/aulas/centro/2
2026-05-12T00:28:05.662+02:00 DEBUG 17288 --- [EduRoom] [http-nio-8080-exec-9] org.hibernate.SQL                        : 
    select
        u1_0.id,
        u1_0.id_centro,
        u1_0.email,
        u1_0.nombre,
        u1_0.password_hash,
        u1_0.rol 
    from
        usuarios u1_0 
    where
        u1_0.email=?
2026-05-12T00:28:05.669+02:00 DEBUG 17288 --- [EduRoom] [http-nio-8080-exec-9] o.s.security.web.FilterChainProxy        : Secured GET /api/aulas/centro/2
2026-05-12T00:28:05.669+02:00 DEBUG 17288 --- [EduRoom] [http-nio-8080-exec-9] o.s.web.servlet.DispatcherServlet        : GET "/api/aulas/centro/2", parameters={}
2026-05-12T00:28:05.669+02:00 DEBUG 17288 --- [EduRoom] [http-nio-8080-exec-9] s.w.s.m.m.a.RequestMappingHandlerMapping : Mapped to com.eduroom.backend.controller.AulaController#getAulasByCentro(Long)
2026-05-12T00:28:05.671+02:00 DEBUG 17288 --- [EduRoom] [http-nio-8080-exec-9] org.hibernate.SQL                        : 
    select
        c1_0.id,
        c1_0.horario_fin,
        c1_0.horario_inicio,
        c1_0.nombre 
    from
        centros c1_0 
    where
        c1_0.id=?
2026-05-12T00:28:05.675+02:00 DEBUG 17288 --- [EduRoom] [http-nio-8080-exec-9] org.hibernate.SQL                        : 
    select
        a1_0.id,
        a1_0.capacidad,
        a1_0.id_centro,
        a1_0.nombre 
    from
        aulas a1_0 
    where
        a1_0.id_centro=?
2026-05-12T00:28:05.677+02:00 DEBUG 17288 --- [EduRoom] [http-nio-8080-exec-9] o.s.w.s.m.m.a.HttpEntityMethodProcessor  : Using 'application/json', given [application/json, text/plain, */*] and supported [application/json, application/*+json]
2026-05-12T00:28:05.677+02:00 DEBUG 17288 --- [EduRoom] [http-nio-8080-exec-9] o.s.w.s.m.m.a.HttpEntityMethodProcessor  : Writing [[]]
2026-05-12T00:28:05.679+02:00 DEBUG 17288 --- [EduRoom] [http-nio-8080-exec-9] o.s.web.servlet.DispatcherServlet        : Completed 200 OK
2026-05-12T00:28:07.724+02:00 DEBUG 17288 --- [EduRoom] [http-nio-8080-exec-3] o.s.security.web.FilterChainProxy        : Securing GET /api/eventos/centro/2
2026-05-12T00:28:07.728+02:00 DEBUG 17288 --- [EduRoom] [http-nio-8080-exec-5] o.s.security.web.FilterChainProxy        : Securing GET /api/aulas/centro/2
2026-05-12T00:28:07.728+02:00 DEBUG 17288 --- [EduRoom] [http-nio-8080-exec-6] o.s.security.web.FilterChainProxy        : Securing GET /api/centros/2
2026-05-12T00:28:07.730+02:00 DEBUG 17288 --- [EduRoom] [http-nio-8080-exec-3] org.hibernate.SQL                        : 
    select
        u1_0.id,
        u1_0.id_centro,
        u1_0.email,
        u1_0.nombre,
        u1_0.password_hash,
        u1_0.rol 
    from
        usuarios u1_0 
    where
        u1_0.email=?
2026-05-12T00:28:07.734+02:00 DEBUG 17288 --- [EduRoom] [http-nio-8080-exec-6] org.hibernate.SQL                        : 
    select
        u1_0.id,
        u1_0.id_centro,
        u1_0.email,
        u1_0.nombre,
        u1_0.password_hash,
        u1_0.rol 
    from
        usuarios u1_0 
    where
        u1_0.email=?
2026-05-12T00:28:07.734+02:00 DEBUG 17288 --- [EduRoom] [http-nio-8080-exec-5] org.hibernate.SQL                        : 
    select
        u1_0.id,
        u1_0.id_centro,
        u1_0.email,
        u1_0.nombre,
        u1_0.password_hash,
        u1_0.rol 
    from
        usuarios u1_0 
    where
        u1_0.email=?
2026-05-12T00:28:07.738+02:00 DEBUG 17288 --- [EduRoom] [http-nio-8080-exec-3] o.s.security.web.FilterChainProxy        : Secured GET /api/eventos/centro/2
2026-05-12T00:28:07.738+02:00 DEBUG 17288 --- [EduRoom] [http-nio-8080-exec-3] o.s.web.servlet.DispatcherServlet        : GET "/api/eventos/centro/2", parameters={}
2026-05-12T00:28:07.739+02:00 DEBUG 17288 --- [EduRoom] [http-nio-8080-exec-3] s.w.s.m.m.a.RequestMappingHandlerMapping : Mapped to com.eduroom.backend.controller.EventoController#getEventosByCentro(Long)
2026-05-12T00:28:07.739+02:00 DEBUG 17288 --- [EduRoom] [http-nio-8080-exec-6] o.s.security.web.FilterChainProxy        : Secured GET /api/centros/2
2026-05-12T00:28:07.741+02:00 DEBUG 17288 --- [EduRoom] [http-nio-8080-exec-5] o.s.security.web.FilterChainProxy        : Secured GET /api/aulas/centro/2
2026-05-12T00:28:07.741+02:00 DEBUG 17288 --- [EduRoom] [http-nio-8080-exec-6] o.s.web.servlet.DispatcherServlet        : GET "/api/centros/2", parameters={}
2026-05-12T00:28:07.741+02:00 DEBUG 17288 --- [EduRoom] [http-nio-8080-exec-5] o.s.web.servlet.DispatcherServlet        : GET "/api/aulas/centro/2", parameters={}
2026-05-12T00:28:07.741+02:00 DEBUG 17288 --- [EduRoom] [http-nio-8080-exec-6] s.w.s.m.m.a.RequestMappingHandlerMapping : Mapped to com.eduroom.backend.controller.CentroController#getCentroById(Long)
2026-05-12T00:28:07.741+02:00 DEBUG 17288 --- [EduRoom] [http-nio-8080-exec-5] s.w.s.m.m.a.RequestMappingHandlerMapping : Mapped to com.eduroom.backend.controller.AulaController#getAulasByCentro(Long)
2026-05-12T00:28:07.742+02:00 DEBUG 17288 --- [EduRoom] [http-nio-8080-exec-3] org.hibernate.SQL                        : 
    select
        e1_0.id,
        e1_0.id_creador,
        e1_0.descripcion,
        e1_0.fecha,
        e1_0.hora_fin,
        e1_0.hora_inicio,
        e1_0.lugar,
        e1_0.qr_expiracion,
        e1_0.qr_token,
        e1_0.titulo 
    from
        eventos e1_0 
    left join
        usuarios c1_0 
            on c1_0.id=e1_0.id_creador 
    where
        c1_0.id_centro=?
2026-05-12T00:28:07.743+02:00 DEBUG 17288 --- [EduRoom] [http-nio-8080-exec-5] org.hibernate.SQL                        : 
    select
        c1_0.id,
        c1_0.horario_fin,
        c1_0.horario_inicio,
        c1_0.nombre 
    from
        centros c1_0 
    where
        c1_0.id=?
2026-05-12T00:28:07.743+02:00 DEBUG 17288 --- [EduRoom] [http-nio-8080-exec-6] org.hibernate.SQL                        : 
    select
        c1_0.id,
        c1_0.horario_fin,
        c1_0.horario_inicio,
        c1_0.nombre 
    from
        centros c1_0 
    where
        c1_0.id=?
2026-05-12T00:28:07.746+02:00 DEBUG 17288 --- [EduRoom] [http-nio-8080-exec-3] o.s.w.s.m.m.a.HttpEntityMethodProcessor  : Using 'application/json', given [application/json, text/plain, */*] and supported [application/json, application/*+json]
2026-05-12T00:28:07.747+02:00 DEBUG 17288 --- [EduRoom] [http-nio-8080-exec-3] o.s.w.s.m.m.a.HttpEntityMethodProcessor  : Writing [[]]
2026-05-12T00:28:07.748+02:00 DEBUG 17288 --- [EduRoom] [http-nio-8080-exec-6] o.s.w.s.m.m.a.HttpEntityMethodProcessor  : Using 'application/json', given [application/json, text/plain, */*] and supported [application/json, application/*+json]
2026-05-12T00:28:07.748+02:00 DEBUG 17288 --- [EduRoom] [http-nio-8080-exec-3] o.s.web.servlet.DispatcherServlet        : Completed 200 OK
2026-05-12T00:28:07.748+02:00 DEBUG 17288 --- [EduRoom] [http-nio-8080-exec-6] o.s.w.s.m.m.a.HttpEntityMethodProcessor  : Writing [com.eduroom.backend.model.Centro@2b760749]
2026-05-12T00:28:07.749+02:00 DEBUG 17288 --- [EduRoom] [http-nio-8080-exec-6] org.hibernate.SQL                        : 
    select
        u1_0.id_centro,
        u1_0.id,
        u1_0.email,
        u1_0.nombre,
        u1_0.password_hash,
        u1_0.rol 
    from
        usuarios u1_0 
    where
        u1_0.id_centro=?
2026-05-12T00:28:07.749+02:00 DEBUG 17288 --- [EduRoom] [http-nio-8080-exec-5] org.hibernate.SQL                        : 
    select
        a1_0.id,
        a1_0.capacidad,
        a1_0.id_centro,
        a1_0.nombre 
    from
        aulas a1_0 
    where
        a1_0.id_centro=?
2026-05-12T00:28:07.752+02:00 DEBUG 17288 --- [EduRoom] [http-nio-8080-exec-5] o.s.w.s.m.m.a.HttpEntityMethodProcessor  : Using 'application/json', given [application/json, text/plain, */*] and supported [application/json, application/*+json]
2026-05-12T00:28:07.752+02:00 DEBUG 17288 --- [EduRoom] [http-nio-8080-exec-8] o.s.security.web.FilterChainProxy        : Securing GET /api/eventos/centro/2
2026-05-12T00:28:07.752+02:00 DEBUG 17288 --- [EduRoom] [http-nio-8080-exec-6] org.hibernate.SQL                        : 
    select
        a1_0.id_centro,
        a1_0.id,
        a1_0.capacidad,
        a1_0.nombre 
    from
        aulas a1_0 
    where
        a1_0.id_centro=?
2026-05-12T00:28:07.752+02:00 DEBUG 17288 --- [EduRoom] [http-nio-8080-exec-5] o.s.w.s.m.m.a.HttpEntityMethodProcessor  : Writing [[]]
2026-05-12T00:28:07.753+02:00 DEBUG 17288 --- [EduRoom] [http-nio-8080-exec-5] o.s.web.servlet.DispatcherServlet        : Completed 200 OK
2026-05-12T00:28:07.755+02:00 DEBUG 17288 --- [EduRoom] [http-nio-8080-exec-6] o.s.web.servlet.DispatcherServlet        : Completed 200 OK
2026-05-12T00:28:07.757+02:00 DEBUG 17288 --- [EduRoom] [http-nio-8080-exec-8] org.hibernate.SQL                        : 
    select
        u1_0.id,
        u1_0.id_centro,
        u1_0.email,
        u1_0.nombre,
        u1_0.password_hash,
        u1_0.rol 
    from
        usuarios u1_0 
    where
        u1_0.email=?
2026-05-12T00:28:07.765+02:00 DEBUG 17288 --- [EduRoom] [http-nio-8080-exec-7] o.s.security.web.FilterChainProxy        : Securing GET /api/aulas/centro/2
2026-05-12T00:28:07.766+02:00 DEBUG 17288 --- [EduRoom] [http-nio-8080-exec-8] o.s.security.web.FilterChainProxy        : Secured GET /api/eventos/centro/2
2026-05-12T00:28:07.766+02:00 DEBUG 17288 --- [EduRoom] [http-nio-8080-exec-8] o.s.web.servlet.DispatcherServlet        : GET "/api/eventos/centro/2", parameters={}
2026-05-12T00:28:07.768+02:00 DEBUG 17288 --- [EduRoom] [http-nio-8080-exec-8] s.w.s.m.m.a.RequestMappingHandlerMapping : Mapped to com.eduroom.backend.controller.EventoController#getEventosByCentro(Long)
2026-05-12T00:28:07.769+02:00 DEBUG 17288 --- [EduRoom] [http-nio-8080-exec-10] o.s.security.web.FilterChainProxy        : Securing GET /api/centros/2
2026-05-12T00:28:07.771+02:00 DEBUG 17288 --- [EduRoom] [http-nio-8080-exec-8] org.hibernate.SQL                        : 
    select
        e1_0.id,
        e1_0.id_creador,
        e1_0.descripcion,
        e1_0.fecha,
        e1_0.hora_fin,
        e1_0.hora_inicio,
        e1_0.lugar,
        e1_0.qr_expiracion,
        e1_0.qr_token,
        e1_0.titulo 
    from
        eventos e1_0 
    left join
        usuarios c1_0 
            on c1_0.id=e1_0.id_creador 
    where
        c1_0.id_centro=?
2026-05-12T00:28:07.772+02:00 DEBUG 17288 --- [EduRoom] [http-nio-8080-exec-7] org.hibernate.SQL                        : 
    select
        u1_0.id,
        u1_0.id_centro,
        u1_0.email,
        u1_0.nombre,
        u1_0.password_hash,
        u1_0.rol 
    from
        usuarios u1_0 
    where
        u1_0.email=?
2026-05-12T00:28:07.773+02:00 DEBUG 17288 --- [EduRoom] [http-nio-8080-exec-8] o.s.w.s.m.m.a.HttpEntityMethodProcessor  : Using 'application/json', given [application/json, text/plain, */*] and supported [application/json, application/*+json]
2026-05-12T00:28:07.774+02:00 DEBUG 17288 --- [EduRoom] [http-nio-8080-exec-8] o.s.w.s.m.m.a.HttpEntityMethodProcessor  : Writing [[]]
2026-05-12T00:28:07.774+02:00 DEBUG 17288 --- [EduRoom] [http-nio-8080-exec-10] org.hibernate.SQL                        : 
    select
        u1_0.id,
        u1_0.id_centro,
        u1_0.email,
        u1_0.nombre,
        u1_0.password_hash,
        u1_0.rol 
    from
        usuarios u1_0 
    where
        u1_0.email=?
2026-05-12T00:28:07.775+02:00 DEBUG 17288 --- [EduRoom] [http-nio-8080-exec-8] o.s.web.servlet.DispatcherServlet        : Completed 200 OK
2026-05-12T00:28:07.780+02:00 DEBUG 17288 --- [EduRoom] [http-nio-8080-exec-7] o.s.security.web.FilterChainProxy        : Secured GET /api/aulas/centro/2
2026-05-12T00:28:07.780+02:00 DEBUG 17288 --- [EduRoom] [http-nio-8080-exec-7] o.s.web.servlet.DispatcherServlet        : GET "/api/aulas/centro/2", parameters={}
2026-05-12T00:28:07.781+02:00 DEBUG 17288 --- [EduRoom] [http-nio-8080-exec-7] s.w.s.m.m.a.RequestMappingHandlerMapping : Mapped to com.eduroom.backend.controller.AulaController#getAulasByCentro(Long)
2026-05-12T00:28:07.781+02:00 DEBUG 17288 --- [EduRoom] [http-nio-8080-exec-10] o.s.security.web.FilterChainProxy        : Secured GET /api/centros/2
2026-05-12T00:28:07.781+02:00 DEBUG 17288 --- [EduRoom] [http-nio-8080-exec-10] o.s.web.servlet.DispatcherServlet        : GET "/api/centros/2", parameters={}
2026-05-12T00:28:07.782+02:00 DEBUG 17288 --- [EduRoom] [http-nio-8080-exec-10] s.w.s.m.m.a.RequestMappingHandlerMapping : Mapped to com.eduroom.backend.controller.CentroController#getCentroById(Long)
2026-05-12T00:28:07.782+02:00 DEBUG 17288 --- [EduRoom] [http-nio-8080-exec-7] org.hibernate.SQL                        : 
    select
        c1_0.id,
        c1_0.horario_fin,
        c1_0.horario_inicio,
        c1_0.nombre 
    from
        centros c1_0 
    where
        c1_0.id=?
2026-05-12T00:28:07.784+02:00 DEBUG 17288 --- [EduRoom] [http-nio-8080-exec-10] org.hibernate.SQL                        : 
    select
        c1_0.id,
        c1_0.horario_fin,
        c1_0.horario_inicio,
        c1_0.nombre 
    from
        centros c1_0 
    where
        c1_0.id=?
2026-05-12T00:28:07.786+02:00 DEBUG 17288 --- [EduRoom] [http-nio-8080-exec-7] org.hibernate.SQL                        : 
    select
        a1_0.id,
        a1_0.capacidad,
        a1_0.id_centro,
        a1_0.nombre 
    from
        aulas a1_0 
    where
        a1_0.id_centro=?
2026-05-12T00:28:07.786+02:00 DEBUG 17288 --- [EduRoom] [http-nio-8080-exec-10] o.s.w.s.m.m.a.HttpEntityMethodProcessor  : Using 'application/json', given [application/json, text/plain, */*] and supported [application/json, application/*+json]
2026-05-12T00:28:07.786+02:00 DEBUG 17288 --- [EduRoom] [http-nio-8080-exec-10] o.s.w.s.m.m.a.HttpEntityMethodProcessor  : Writing [com.eduroom.backend.model.Centro@ebf011f]
2026-05-12T00:28:07.787+02:00 DEBUG 17288 --- [EduRoom] [http-nio-8080-exec-10] org.hibernate.SQL                        : 
    select
        u1_0.id_centro,
        u1_0.id,
        u1_0.email,
        u1_0.nombre,
        u1_0.password_hash,
        u1_0.rol 
    from
        usuarios u1_0 
    where
        u1_0.id_centro=?
2026-05-12T00:28:07.787+02:00 DEBUG 17288 --- [EduRoom] [http-nio-8080-exec-7] o.s.w.s.m.m.a.HttpEntityMethodProcessor  : Using 'application/json', given [application/json, text/plain, */*] and supported [application/json, application/*+json]
2026-05-12T00:28:07.788+02:00 DEBUG 17288 --- [EduRoom] [http-nio-8080-exec-7] o.s.w.s.m.m.a.HttpEntityMethodProcessor  : Writing [[]]
2026-05-12T00:28:07.789+02:00 DEBUG 17288 --- [EduRoom] [http-nio-8080-exec-10] org.hibernate.SQL                        : 
    select
        a1_0.id_centro,
        a1_0.id,
        a1_0.capacidad,
        a1_0.nombre 
    from
        aulas a1_0 
    where
        a1_0.id_centro=?
2026-05-12T00:28:07.789+02:00 DEBUG 17288 --- [EduRoom] [http-nio-8080-exec-7] o.s.web.servlet.DispatcherServlet        : Completed 200 OK
2026-05-12T00:28:07.793+02:00 DEBUG 17288 --- [EduRoom] [http-nio-8080-exec-10] o.s.web.servlet.DispatcherServlet        : Completed 200 OK
2026-05-12T00:28:11.371+02:00 DEBUG 17288 --- [EduRoom] [http-nio-8080-exec-2] o.s.security.web.FilterChainProxy        : Securing GET /api/eventos/centro/2
2026-05-12T00:28:11.375+02:00 DEBUG 17288 --- [EduRoom] [http-nio-8080-exec-2] org.hibernate.SQL                        : 
    select
        u1_0.id,
        u1_0.id_centro,
        u1_0.email,
        u1_0.nombre,
        u1_0.password_hash,
        u1_0.rol 
    from
        usuarios u1_0 
    where
        u1_0.email=?
2026-05-12T00:28:11.375+02:00 DEBUG 17288 --- [EduRoom] [http-nio-8080-exec-1] o.s.security.web.FilterChainProxy        : Securing GET /api/aulas/centro/2
2026-05-12T00:28:11.375+02:00 DEBUG 17288 --- [EduRoom] [http-nio-8080-exec-4] o.s.security.web.FilterChainProxy        : Securing GET /api/centros/2
2026-05-12T00:28:11.382+02:00 DEBUG 17288 --- [EduRoom] [http-nio-8080-exec-4] org.hibernate.SQL                        : 
    select
        u1_0.id,
        u1_0.id_centro,
        u1_0.email,
        u1_0.nombre,
        u1_0.password_hash,
        u1_0.rol 
    from
        usuarios u1_0 
    where
        u1_0.email=?
2026-05-12T00:28:11.382+02:00 DEBUG 17288 --- [EduRoom] [http-nio-8080-exec-1] org.hibernate.SQL                        : 
    select
        u1_0.id,
        u1_0.id_centro,
        u1_0.email,
        u1_0.nombre,
        u1_0.password_hash,
        u1_0.rol 
    from
        usuarios u1_0 
    where
        u1_0.email=?
2026-05-12T00:28:11.385+02:00 DEBUG 17288 --- [EduRoom] [http-nio-8080-exec-2] o.s.security.web.FilterChainProxy        : Secured GET /api/eventos/centro/2
2026-05-12T00:28:11.386+02:00 DEBUG 17288 --- [EduRoom] [http-nio-8080-exec-2] o.s.web.servlet.DispatcherServlet        : GET "/api/eventos/centro/2", parameters={}
2026-05-12T00:28:11.386+02:00 DEBUG 17288 --- [EduRoom] [http-nio-8080-exec-2] s.w.s.m.m.a.RequestMappingHandlerMapping : Mapped to com.eduroom.backend.controller.EventoController#getEventosByCentro(Long)
2026-05-12T00:28:11.389+02:00 DEBUG 17288 --- [EduRoom] [http-nio-8080-exec-2] org.hibernate.SQL                        : 
    select
        e1_0.id,
        e1_0.id_creador,
        e1_0.descripcion,
        e1_0.fecha,
        e1_0.hora_fin,
        e1_0.hora_inicio,
        e1_0.lugar,
        e1_0.qr_expiracion,
        e1_0.qr_token,
        e1_0.titulo 
    from
        eventos e1_0 
    left join
        usuarios c1_0 
            on c1_0.id=e1_0.id_creador 
    where
        c1_0.id_centro=?
2026-05-12T00:28:11.392+02:00 DEBUG 17288 --- [EduRoom] [http-nio-8080-exec-1] o.s.security.web.FilterChainProxy        : Secured GET /api/aulas/centro/2
2026-05-12T00:28:11.392+02:00 DEBUG 17288 --- [EduRoom] [http-nio-8080-exec-2] o.s.w.s.m.m.a.HttpEntityMethodProcessor  : Using 'application/json', given [application/json, text/plain, */*] and supported [application/json, application/*+json]
2026-05-12T00:28:11.392+02:00 DEBUG 17288 --- [EduRoom] [http-nio-8080-exec-4] o.s.security.web.FilterChainProxy        : Secured GET /api/centros/2
2026-05-12T00:28:11.392+02:00 DEBUG 17288 --- [EduRoom] [http-nio-8080-exec-1] o.s.web.servlet.DispatcherServlet        : GET "/api/aulas/centro/2", parameters={}
2026-05-12T00:28:11.393+02:00 DEBUG 17288 --- [EduRoom] [http-nio-8080-exec-4] o.s.web.servlet.DispatcherServlet        : GET "/api/centros/2", parameters={}
2026-05-12T00:28:11.392+02:00 DEBUG 17288 --- [EduRoom] [http-nio-8080-exec-2] o.s.w.s.m.m.a.HttpEntityMethodProcessor  : Writing [[]]
2026-05-12T00:28:11.393+02:00 DEBUG 17288 --- [EduRoom] [http-nio-8080-exec-4] s.w.s.m.m.a.RequestMappingHandlerMapping : Mapped to com.eduroom.backend.controller.CentroController#getCentroById(Long)
2026-05-12T00:28:11.393+02:00 DEBUG 17288 --- [EduRoom] [http-nio-8080-exec-1] s.w.s.m.m.a.RequestMappingHandlerMapping : Mapped to com.eduroom.backend.controller.AulaController#getAulasByCentro(Long)
2026-05-12T00:28:11.394+02:00 DEBUG 17288 --- [EduRoom] [http-nio-8080-exec-2] o.s.web.servlet.DispatcherServlet        : Completed 200 OK
2026-05-12T00:28:11.395+02:00 DEBUG 17288 --- [EduRoom] [http-nio-8080-exec-4] org.hibernate.SQL                        : 
    select
        c1_0.id,
        c1_0.horario_fin,
        c1_0.horario_inicio,
        c1_0.nombre 
    from
        centros c1_0 
    where
        c1_0.id=?
2026-05-12T00:28:11.395+02:00 DEBUG 17288 --- [EduRoom] [http-nio-8080-exec-1] org.hibernate.SQL                        : 
    select
        c1_0.id,
        c1_0.horario_fin,
        c1_0.horario_inicio,
        c1_0.nombre 
    from
        centros c1_0 
    where
        c1_0.id=?
2026-05-12T00:28:11.398+02:00 DEBUG 17288 --- [EduRoom] [http-nio-8080-exec-9] o.s.security.web.FilterChainProxy        : Securing GET /api/eventos/centro/2
2026-05-12T00:28:11.399+02:00 DEBUG 17288 --- [EduRoom] [http-nio-8080-exec-4] o.s.w.s.m.m.a.HttpEntityMethodProcessor  : Using 'application/json', given [application/json, text/plain, */*] and supported [application/json, application/*+json]
2026-05-12T00:28:11.399+02:00 DEBUG 17288 --- [EduRoom] [http-nio-8080-exec-4] o.s.w.s.m.m.a.HttpEntityMethodProcessor  : Writing [com.eduroom.backend.model.Centro@5815925f]
2026-05-12T00:28:11.400+02:00 DEBUG 17288 --- [EduRoom] [http-nio-8080-exec-1] org.hibernate.SQL                        : 
    select
        a1_0.id,
        a1_0.capacidad,
        a1_0.id_centro,
        a1_0.nombre 
    from
        aulas a1_0 
    where
        a1_0.id_centro=?
2026-05-12T00:28:11.401+02:00 DEBUG 17288 --- [EduRoom] [http-nio-8080-exec-4] org.hibernate.SQL                        : 
    select
        u1_0.id_centro,
        u1_0.id,
        u1_0.email,
        u1_0.nombre,
        u1_0.password_hash,
        u1_0.rol 
    from
        usuarios u1_0 
    where
        u1_0.id_centro=?
2026-05-12T00:28:11.402+02:00 DEBUG 17288 --- [EduRoom] [http-nio-8080-exec-1] o.s.w.s.m.m.a.HttpEntityMethodProcessor  : Using 'application/json', given [application/json, text/plain, */*] and supported [application/json, application/*+json]
2026-05-12T00:28:11.402+02:00 DEBUG 17288 --- [EduRoom] [http-nio-8080-exec-1] o.s.w.s.m.m.a.HttpEntityMethodProcessor  : Writing [[]]
2026-05-12T00:28:11.402+02:00 DEBUG 17288 --- [EduRoom] [http-nio-8080-exec-4] org.hibernate.SQL                        : 
    select
        a1_0.id_centro,
        a1_0.id,
        a1_0.capacidad,
        a1_0.nombre 
    from
        aulas a1_0 
    where
        a1_0.id_centro=?
2026-05-12T00:28:11.403+02:00 DEBUG 17288 --- [EduRoom] [http-nio-8080-exec-9] org.hibernate.SQL                        : 
    select
        u1_0.id,
        u1_0.id_centro,
        u1_0.email,
        u1_0.nombre,
        u1_0.password_hash,
        u1_0.rol 
    from
        usuarios u1_0 
    where
        u1_0.email=?
2026-05-12T00:28:11.403+02:00 DEBUG 17288 --- [EduRoom] [http-nio-8080-exec-1] o.s.web.servlet.DispatcherServlet        : Completed 200 OK
2026-05-12T00:28:11.404+02:00 DEBUG 17288 --- [EduRoom] [http-nio-8080-exec-4] o.s.web.servlet.DispatcherServlet        : Completed 200 OK
2026-05-12T00:28:11.411+02:00 DEBUG 17288 --- [EduRoom] [http-nio-8080-exec-9] o.s.security.web.FilterChainProxy        : Secured GET /api/eventos/centro/2
2026-05-12T00:28:11.413+02:00 DEBUG 17288 --- [EduRoom] [http-nio-8080-exec-9] o.s.web.servlet.DispatcherServlet        : GET "/api/eventos/centro/2", parameters={}
2026-05-12T00:28:11.416+02:00 DEBUG 17288 --- [EduRoom] [http-nio-8080-exec-9] s.w.s.m.m.a.RequestMappingHandlerMapping : Mapped to com.eduroom.backend.controller.EventoController#getEventosByCentro(Long)
2026-05-12T00:28:11.417+02:00 DEBUG 17288 --- [EduRoom] [http-nio-8080-exec-3] o.s.security.web.FilterChainProxy        : Securing GET /api/aulas/centro/2
2026-05-12T00:28:11.419+02:00 DEBUG 17288 --- [EduRoom] [http-nio-8080-exec-9] org.hibernate.SQL                        : 
    select
        e1_0.id,
        e1_0.id_creador,
        e1_0.descripcion,
        e1_0.fecha,
        e1_0.hora_fin,
        e1_0.hora_inicio,
        e1_0.lugar,
        e1_0.qr_expiracion,
        e1_0.qr_token,
        e1_0.titulo 
    from
        eventos e1_0 
    left join
        usuarios c1_0 
            on c1_0.id=e1_0.id_creador 
    where
        c1_0.id_centro=?
2026-05-12T00:28:11.420+02:00 DEBUG 17288 --- [EduRoom] [http-nio-8080-exec-5] o.s.security.web.FilterChainProxy        : Securing GET /api/centros/2
2026-05-12T00:28:11.421+02:00 DEBUG 17288 --- [EduRoom] [http-nio-8080-exec-9] o.s.w.s.m.m.a.HttpEntityMethodProcessor  : Using 'application/json', given [application/json, text/plain, */*] and supported [application/json, application/*+json]
2026-05-12T00:28:11.422+02:00 DEBUG 17288 --- [EduRoom] [http-nio-8080-exec-9] o.s.w.s.m.m.a.HttpEntityMethodProcessor  : Writing [[]]
2026-05-12T00:28:11.422+02:00 DEBUG 17288 --- [EduRoom] [http-nio-8080-exec-3] org.hibernate.SQL                        : 
    select
        u1_0.id,
        u1_0.id_centro,
        u1_0.email,
        u1_0.nombre,
        u1_0.password_hash,
        u1_0.rol 
    from
        usuarios u1_0 
    where
        u1_0.email=?
2026-05-12T00:28:11.423+02:00 DEBUG 17288 --- [EduRoom] [http-nio-8080-exec-9] o.s.web.servlet.DispatcherServlet        : Completed 200 OK
2026-05-12T00:28:11.425+02:00 DEBUG 17288 --- [EduRoom] [http-nio-8080-exec-5] org.hibernate.SQL                        : 
    select
        u1_0.id,
        u1_0.id_centro,
        u1_0.email,
        u1_0.nombre,
        u1_0.password_hash,
        u1_0.rol 
    from
        usuarios u1_0 
    where
        u1_0.email=?
2026-05-12T00:28:11.429+02:00 DEBUG 17288 --- [EduRoom] [http-nio-8080-exec-3] o.s.security.web.FilterChainProxy        : Secured GET /api/aulas/centro/2
2026-05-12T00:28:11.430+02:00 DEBUG 17288 --- [EduRoom] [http-nio-8080-exec-3] o.s.web.servlet.DispatcherServlet        : GET "/api/aulas/centro/2", parameters={}
2026-05-12T00:28:11.431+02:00 DEBUG 17288 --- [EduRoom] [http-nio-8080-exec-3] s.w.s.m.m.a.RequestMappingHandlerMapping : Mapped to com.eduroom.backend.controller.AulaController#getAulasByCentro(Long)
2026-05-12T00:28:11.432+02:00 DEBUG 17288 --- [EduRoom] [http-nio-8080-exec-5] o.s.security.web.FilterChainProxy        : Secured GET /api/centros/2
2026-05-12T00:28:11.432+02:00 DEBUG 17288 --- [EduRoom] [http-nio-8080-exec-3] org.hibernate.SQL                        : 
    select
        c1_0.id,
        c1_0.horario_fin,
        c1_0.horario_inicio,
        c1_0.nombre 
    from
        centros c1_0 
    where
        c1_0.id=?
2026-05-12T00:28:11.432+02:00 DEBUG 17288 --- [EduRoom] [http-nio-8080-exec-5] o.s.web.servlet.DispatcherServlet        : GET "/api/centros/2", parameters={}
2026-05-12T00:28:11.432+02:00 DEBUG 17288 --- [EduRoom] [http-nio-8080-exec-5] s.w.s.m.m.a.RequestMappingHandlerMapping : Mapped to com.eduroom.backend.controller.CentroController#getCentroById(Long)
2026-05-12T00:28:11.435+02:00 DEBUG 17288 --- [EduRoom] [http-nio-8080-exec-5] org.hibernate.SQL                        : 
    select
        c1_0.id,
        c1_0.horario_fin,
        c1_0.horario_inicio,
        c1_0.nombre 
    from
        centros c1_0 
    where
        c1_0.id=?
2026-05-12T00:28:11.436+02:00 DEBUG 17288 --- [EduRoom] [http-nio-8080-exec-3] org.hibernate.SQL                        : 
    select
        a1_0.id,
        a1_0.capacidad,
        a1_0.id_centro,
        a1_0.nombre 
    from
        aulas a1_0 
    where
        a1_0.id_centro=?
2026-05-12T00:28:11.437+02:00 DEBUG 17288 --- [EduRoom] [http-nio-8080-exec-5] o.s.w.s.m.m.a.HttpEntityMethodProcessor  : Using 'application/json', given [application/json, text/plain, */*] and supported [application/json, application/*+json]
2026-05-12T00:28:11.437+02:00 DEBUG 17288 --- [EduRoom] [http-nio-8080-exec-5] o.s.w.s.m.m.a.HttpEntityMethodProcessor  : Writing [com.eduroom.backend.model.Centro@31cfedef]
2026-05-12T00:28:11.438+02:00 DEBUG 17288 --- [EduRoom] [http-nio-8080-exec-3] o.s.w.s.m.m.a.HttpEntityMethodProcessor  : Using 'application/json', given [application/json, text/plain, */*] and supported [application/json, application/*+json]
2026-05-12T00:28:11.438+02:00 DEBUG 17288 --- [EduRoom] [http-nio-8080-exec-5] org.hibernate.SQL                        : 
    select
        u1_0.id_centro,
        u1_0.id,
        u1_0.email,
        u1_0.nombre,
        u1_0.password_hash,
        u1_0.rol 
    from
        usuarios u1_0 
    where
        u1_0.id_centro=?
2026-05-12T00:28:11.438+02:00 DEBUG 17288 --- [EduRoom] [http-nio-8080-exec-3] o.s.w.s.m.m.a.HttpEntityMethodProcessor  : Writing [[]]
2026-05-12T00:28:11.440+02:00 DEBUG 17288 --- [EduRoom] [http-nio-8080-exec-3] o.s.web.servlet.DispatcherServlet        : Completed 200 OK
2026-05-12T00:28:11.442+02:00 DEBUG 17288 --- [EduRoom] [http-nio-8080-exec-5] org.hibernate.SQL                        : 
    select
        a1_0.id_centro,
        a1_0.id,
        a1_0.capacidad,
        a1_0.nombre 
    from
        aulas a1_0 
    where
        a1_0.id_centro=?
2026-05-12T00:28:11.447+02:00 DEBUG 17288 --- [EduRoom] [http-nio-8080-exec-5] o.s.web.servlet.DispatcherServlet        : Completed 200 OK
2026-05-12T00:28:12.837+02:00 DEBUG 17288 --- [EduRoom] [http-nio-8080-exec-6] o.s.security.web.FilterChainProxy        : Securing GET /api/centros
2026-05-12T00:28:12.841+02:00 DEBUG 17288 --- [EduRoom] [http-nio-8080-exec-6] org.hibernate.SQL                        : 
    select
        u1_0.id,
        u1_0.id_centro,
        u1_0.email,
        u1_0.nombre,
        u1_0.password_hash,
        u1_0.rol 
    from
        usuarios u1_0 
    where
        u1_0.email=?
2026-05-12T00:28:12.849+02:00 DEBUG 17288 --- [EduRoom] [http-nio-8080-exec-6] o.s.security.web.FilterChainProxy        : Secured GET /api/centros
2026-05-12T00:28:12.849+02:00 DEBUG 17288 --- [EduRoom] [http-nio-8080-exec-6] o.s.web.servlet.DispatcherServlet        : GET "/api/centros", parameters={}
2026-05-12T00:28:12.849+02:00 DEBUG 17288 --- [EduRoom] [http-nio-8080-exec-6] s.w.s.m.m.a.RequestMappingHandlerMapping : Mapped to com.eduroom.backend.controller.CentroController#getCentros(String)
2026-05-12T00:28:12.854+02:00 DEBUG 17288 --- [EduRoom] [http-nio-8080-exec-6] org.hibernate.SQL                        : 
    select
        u1_0.id,
        u1_0.id_centro,
        u1_0.email,
        u1_0.nombre,
        u1_0.password_hash,
        u1_0.rol 
    from
        usuarios u1_0 
    where
        u1_0.email=?
2026-05-12T00:28:12.856+02:00 DEBUG 17288 --- [EduRoom] [http-nio-8080-exec-6] org.hibernate.SQL                        : 
    select
        c1_0.id,
        c1_0.horario_fin,
        c1_0.horario_inicio,
        c1_0.nombre 
    from
        centros c1_0
2026-05-12T00:28:12.858+02:00 DEBUG 17288 --- [EduRoom] [http-nio-8080-exec-6] o.s.w.s.m.m.a.HttpEntityMethodProcessor  : Using 'application/json', given [application/json, text/plain, */*] and supported [application/json, application/*+json]
2026-05-12T00:28:12.858+02:00 DEBUG 17288 --- [EduRoom] [http-nio-8080-exec-6] o.s.w.s.m.m.a.HttpEntityMethodProcessor  : Writing [[com.eduroom.backend.model.Centro@7db69709]]
2026-05-12T00:28:12.860+02:00 DEBUG 17288 --- [EduRoom] [http-nio-8080-exec-6] org.hibernate.SQL                        : 
    select
        u1_0.id_centro,
        u1_0.id,
        u1_0.email,
        u1_0.nombre,
        u1_0.password_hash,
        u1_0.rol 
    from
        usuarios u1_0 
    where
        u1_0.id_centro=?
2026-05-12T00:28:12.862+02:00 DEBUG 17288 --- [EduRoom] [http-nio-8080-exec-6] org.hibernate.SQL                        : 
    select
        a1_0.id_centro,
        a1_0.id,
        a1_0.capacidad,
        a1_0.nombre 
    from
        aulas a1_0 
    where
        a1_0.id_centro=?
2026-05-12T00:28:12.865+02:00 DEBUG 17288 --- [EduRoom] [http-nio-8080-exec-6] o.s.web.servlet.DispatcherServlet        : Completed 200 OK
2026-05-12T00:28:12.872+02:00 DEBUG 17288 --- [EduRoom] [http-nio-8080-exec-8] o.s.security.web.FilterChainProxy        : Securing GET /api/centros
2026-05-12T00:28:12.876+02:00 DEBUG 17288 --- [EduRoom] [http-nio-8080-exec-8] org.hibernate.SQL                        : 
    select
        u1_0.id,
        u1_0.id_centro,
        u1_0.email,
        u1_0.nombre,
        u1_0.password_hash,
        u1_0.rol 
    from
        usuarios u1_0 
    where
        u1_0.email=?
2026-05-12T00:28:12.884+02:00 DEBUG 17288 --- [EduRoom] [http-nio-8080-exec-8] o.s.security.web.FilterChainProxy        : Secured GET /api/centros
2026-05-12T00:28:12.884+02:00 DEBUG 17288 --- [EduRoom] [http-nio-8080-exec-8] o.s.web.servlet.DispatcherServlet        : GET "/api/centros", parameters={}
2026-05-12T00:28:12.884+02:00 DEBUG 17288 --- [EduRoom] [http-nio-8080-exec-8] s.w.s.m.m.a.RequestMappingHandlerMapping : Mapped to com.eduroom.backend.controller.CentroController#getCentros(String)
2026-05-12T00:28:12.887+02:00 DEBUG 17288 --- [EduRoom] [http-nio-8080-exec-8] org.hibernate.SQL                        : 
    select
        u1_0.id,
        u1_0.id_centro,
        u1_0.email,
        u1_0.nombre,
        u1_0.password_hash,
        u1_0.rol 
    from
        usuarios u1_0 
    where
        u1_0.email=?
2026-05-12T00:28:12.889+02:00 DEBUG 17288 --- [EduRoom] [http-nio-8080-exec-8] org.hibernate.SQL                        : 
    select
        c1_0.id,
        c1_0.horario_fin,
        c1_0.horario_inicio,
        c1_0.nombre 
    from
        centros c1_0
2026-05-12T00:28:12.893+02:00 DEBUG 17288 --- [EduRoom] [http-nio-8080-exec-8] o.s.w.s.m.m.a.HttpEntityMethodProcessor  : Using 'application/json', given [application/json, text/plain, */*] and supported [application/json, application/*+json]
2026-05-12T00:28:12.893+02:00 DEBUG 17288 --- [EduRoom] [http-nio-8080-exec-8] o.s.w.s.m.m.a.HttpEntityMethodProcessor  : Writing [[com.eduroom.backend.model.Centro@6cc25e65]]
2026-05-12T00:28:12.894+02:00 DEBUG 17288 --- [EduRoom] [http-nio-8080-exec-8] org.hibernate.SQL                        : 
    select
        u1_0.id_centro,
        u1_0.id,
        u1_0.email,
        u1_0.nombre,
        u1_0.password_hash,
        u1_0.rol 
    from
        usuarios u1_0 
    where
        u1_0.id_centro=?
2026-05-12T00:28:12.895+02:00 DEBUG 17288 --- [EduRoom] [http-nio-8080-exec-8] org.hibernate.SQL                        : 
    select
        a1_0.id_centro,
        a1_0.id,
        a1_0.capacidad,
        a1_0.nombre 
    from
        aulas a1_0 
    where
        a1_0.id_centro=?
2026-05-12T00:28:12.897+02:00 DEBUG 17288 --- [EduRoom] [http-nio-8080-exec-8] o.s.web.servlet.DispatcherServlet        : Completed 200 OK
2026-05-12T00:28:32.204+02:00 DEBUG 17288 --- [EduRoom] [http-nio-8080-exec-1] o.s.security.web.FilterChainProxy        : Securing GET /api/centros
2026-05-12T00:28:32.209+02:00 DEBUG 17288 --- [EduRoom] [http-nio-8080-exec-1] org.hibernate.SQL                        : 
    select
        u1_0.id,
        u1_0.id_centro,
        u1_0.email,
        u1_0.nombre,
        u1_0.password_hash,
        u1_0.rol 
    from
        usuarios u1_0 
    where
        u1_0.email=?
2026-05-12T00:28:32.216+02:00 DEBUG 17288 --- [EduRoom] [http-nio-8080-exec-1] o.s.security.web.FilterChainProxy        : Secured GET /api/centros
2026-05-12T00:28:32.217+02:00 DEBUG 17288 --- [EduRoom] [http-nio-8080-exec-1] o.s.web.servlet.DispatcherServlet        : GET "/api/centros", parameters={}
2026-05-12T00:28:32.217+02:00 DEBUG 17288 --- [EduRoom] [http-nio-8080-exec-1] s.w.s.m.m.a.RequestMappingHandlerMapping : Mapped to com.eduroom.backend.controller.CentroController#getCentros(String)
2026-05-12T00:28:32.221+02:00 DEBUG 17288 --- [EduRoom] [http-nio-8080-exec-1] org.hibernate.SQL                        : 
    select
        u1_0.id,
        u1_0.id_centro,
        u1_0.email,
        u1_0.nombre,
        u1_0.password_hash,
        u1_0.rol 
    from
        usuarios u1_0 
    where
        u1_0.email=?
2026-05-12T00:28:32.224+02:00 DEBUG 17288 --- [EduRoom] [http-nio-8080-exec-1] org.hibernate.SQL                        : 
    select
        c1_0.id,
        c1_0.horario_fin,
        c1_0.horario_inicio,
        c1_0.nombre 
    from
        centros c1_0
2026-05-12T00:28:32.226+02:00 DEBUG 17288 --- [EduRoom] [http-nio-8080-exec-1] o.s.w.s.m.m.a.HttpEntityMethodProcessor  : Using 'application/json', given [application/json, text/plain, */*] and supported [application/json, application/*+json]
2026-05-12T00:28:32.227+02:00 DEBUG 17288 --- [EduRoom] [http-nio-8080-exec-1] o.s.w.s.m.m.a.HttpEntityMethodProcessor  : Writing [[com.eduroom.backend.model.Centro@7f745d72]]
2026-05-12T00:28:32.227+02:00 DEBUG 17288 --- [EduRoom] [http-nio-8080-exec-1] org.hibernate.SQL                        : 
    select
        u1_0.id_centro,
        u1_0.id,
        u1_0.email,
        u1_0.nombre,
        u1_0.password_hash,
        u1_0.rol 
    from
        usuarios u1_0 
    where
        u1_0.id_centro=?
2026-05-12T00:28:32.228+02:00 DEBUG 17288 --- [EduRoom] [http-nio-8080-exec-1] org.hibernate.SQL                        : 
    select
        a1_0.id_centro,
        a1_0.id,
        a1_0.capacidad,
        a1_0.nombre 
    from
        aulas a1_0 
    where
        a1_0.id_centro=?
2026-05-12T00:28:32.232+02:00 DEBUG 17288 --- [EduRoom] [http-nio-8080-exec-1] o.s.web.servlet.DispatcherServlet        : Completed 200 OK
2026-05-12T00:28:32.241+02:00 DEBUG 17288 --- [EduRoom] [http-nio-8080-exec-4] o.s.security.web.FilterChainProxy        : Securing GET /api/centros
2026-05-12T00:28:32.245+02:00 DEBUG 17288 --- [EduRoom] [http-nio-8080-exec-4] org.hibernate.SQL                        : 
    select
        u1_0.id,
        u1_0.id_centro,
        u1_0.email,
        u1_0.nombre,
        u1_0.password_hash,
        u1_0.rol 
    from
        usuarios u1_0 
    where
        u1_0.email=?
2026-05-12T00:28:32.251+02:00 DEBUG 17288 --- [EduRoom] [http-nio-8080-exec-4] o.s.security.web.FilterChainProxy        : Secured GET /api/centros
2026-05-12T00:28:32.251+02:00 DEBUG 17288 --- [EduRoom] [http-nio-8080-exec-4] o.s.web.servlet.DispatcherServlet        : GET "/api/centros", parameters={}
2026-05-12T00:28:32.253+02:00 DEBUG 17288 --- [EduRoom] [http-nio-8080-exec-4] s.w.s.m.m.a.RequestMappingHandlerMapping : Mapped to com.eduroom.backend.controller.CentroController#getCentros(String)
2026-05-12T00:28:32.256+02:00 DEBUG 17288 --- [EduRoom] [http-nio-8080-exec-4] org.hibernate.SQL                        : 
    select
        u1_0.id,
        u1_0.id_centro,
        u1_0.email,
        u1_0.nombre,
        u1_0.password_hash,
        u1_0.rol 
    from
        usuarios u1_0 
    where
        u1_0.email=?
2026-05-12T00:28:32.259+02:00 DEBUG 17288 --- [EduRoom] [http-nio-8080-exec-4] org.hibernate.SQL                        : 
    select
        c1_0.id,
        c1_0.horario_fin,
        c1_0.horario_inicio,
        c1_0.nombre 
    from
        centros c1_0
2026-05-12T00:28:32.263+02:00 DEBUG 17288 --- [EduRoom] [http-nio-8080-exec-4] o.s.w.s.m.m.a.HttpEntityMethodProcessor  : Using 'application/json', given [application/json, text/plain, */*] and supported [application/json, application/*+json]
2026-05-12T00:28:32.263+02:00 DEBUG 17288 --- [EduRoom] [http-nio-8080-exec-4] o.s.w.s.m.m.a.HttpEntityMethodProcessor  : Writing [[com.eduroom.backend.model.Centro@4c57bd93]]
2026-05-12T00:28:32.263+02:00 DEBUG 17288 --- [EduRoom] [http-nio-8080-exec-4] org.hibernate.SQL                        : 
    select
        u1_0.id_centro,
        u1_0.id,
        u1_0.email,
        u1_0.nombre,
        u1_0.password_hash,
        u1_0.rol 
    from
        usuarios u1_0 
    where
        u1_0.id_centro=?
2026-05-12T00:28:32.266+02:00 DEBUG 17288 --- [EduRoom] [http-nio-8080-exec-4] org.hibernate.SQL                        : 
    select
        a1_0.id_centro,
        a1_0.id,
        a1_0.capacidad,
        a1_0.nombre 
    from
        aulas a1_0 
    where
        a1_0.id_centro=?
2026-05-12T00:28:32.267+02:00 DEBUG 17288 --- [EduRoom] [http-nio-8080-exec-4] o.s.web.servlet.DispatcherServlet        : Completed 200 OK
2026-05-12T00:28:41.870+02:00 DEBUG 17288 --- [EduRoom] [http-nio-8080-exec-9] o.s.security.web.FilterChainProxy        : Securing POST /api/auth/login
2026-05-12T00:28:41.872+02:00 DEBUG 17288 --- [EduRoom] [http-nio-8080-exec-9] o.s.s.w.a.AnonymousAuthenticationFilter  : Set SecurityContextHolder to anonymous SecurityContext
2026-05-12T00:28:41.872+02:00 DEBUG 17288 --- [EduRoom] [http-nio-8080-exec-9] o.s.security.web.FilterChainProxy        : Secured POST /api/auth/login
2026-05-12T00:28:41.872+02:00 DEBUG 17288 --- [EduRoom] [http-nio-8080-exec-9] o.s.web.servlet.DispatcherServlet        : POST "/api/auth/login", parameters={}
2026-05-12T00:28:41.873+02:00 DEBUG 17288 --- [EduRoom] [http-nio-8080-exec-9] s.w.s.m.m.a.RequestMappingHandlerMapping : Mapped to com.eduroom.backend.controller.AuthController#login(LoginRequest)
2026-05-12T00:28:41.873+02:00 DEBUG 17288 --- [EduRoom] [http-nio-8080-exec-9] m.m.a.RequestResponseBodyMethodProcessor : Read "application/json;charset=UTF-8" to [LoginRequest(email=profesor@eduroom.com, password=profesor123)]
2026-05-12T00:28:41.875+02:00 DEBUG 17288 --- [EduRoom] [http-nio-8080-exec-9] org.hibernate.SQL                        : 
    select
        u1_0.id,
        u1_0.id_centro,
        u1_0.email,
        u1_0.nombre,
        u1_0.password_hash,
        u1_0.rol 
    from
        usuarios u1_0 
    where
        u1_0.email=?
2026-05-12T00:28:41.941+02:00 DEBUG 17288 --- [EduRoom] [http-nio-8080-exec-9] o.s.w.s.m.m.a.HttpEntityMethodProcessor  : Using 'application/json', given [application/json, text/plain, */*] and supported [application/json, application/*+json]
2026-05-12T00:28:41.942+02:00 DEBUG 17288 --- [EduRoom] [http-nio-8080-exec-9] o.s.w.s.m.m.a.HttpEntityMethodProcessor  : Writing [LoginResponse(token=eyJhbGciOiJIUzI1NiJ9.eyJ1c2VySWQiOjcsInN1YiI6InByb2Zlc29yQGVkdXJvb20uY29tIiwiaWF (truncated)...]
2026-05-12T00:28:41.943+02:00 DEBUG 17288 --- [EduRoom] [http-nio-8080-exec-9] org.hibernate.SQL                        : 
    select
        c1_0.id,
        c1_0.horario_fin,
        c1_0.horario_inicio,
        c1_0.nombre 
    from
        centros c1_0 
    where
        c1_0.id=?
2026-05-12T00:28:41.944+02:00 DEBUG 17288 --- [EduRoom] [http-nio-8080-exec-9] o.s.web.servlet.DispatcherServlet        : Completed 200 OK
2026-05-12T00:28:41.969+02:00 DEBUG 17288 --- [EduRoom] [http-nio-8080-exec-3] o.s.security.web.FilterChainProxy        : Securing GET /api/centros
2026-05-12T00:28:41.973+02:00 DEBUG 17288 --- [EduRoom] [http-nio-8080-exec-3] org.hibernate.SQL                        : 
    select
        u1_0.id,
        u1_0.id_centro,
        u1_0.email,
        u1_0.nombre,
        u1_0.password_hash,
        u1_0.rol 
    from
        usuarios u1_0 
    where
        u1_0.email=?
2026-05-12T00:28:41.978+02:00 DEBUG 17288 --- [EduRoom] [http-nio-8080-exec-3] o.s.security.web.FilterChainProxy        : Secured GET /api/centros
2026-05-12T00:28:41.979+02:00 DEBUG 17288 --- [EduRoom] [http-nio-8080-exec-3] o.s.web.servlet.DispatcherServlet        : GET "/api/centros", parameters={}
2026-05-12T00:28:41.979+02:00 DEBUG 17288 --- [EduRoom] [http-nio-8080-exec-3] s.w.s.m.m.a.RequestMappingHandlerMapping : Mapped to com.eduroom.backend.controller.CentroController#getCentros(String)
2026-05-12T00:28:41.983+02:00 DEBUG 17288 --- [EduRoom] [http-nio-8080-exec-3] org.hibernate.SQL                        : 
    select
        u1_0.id,
        u1_0.id_centro,
        u1_0.email,
        u1_0.nombre,
        u1_0.password_hash,
        u1_0.rol 
    from
        usuarios u1_0 
    where
        u1_0.email=?
2026-05-12T00:28:41.985+02:00 DEBUG 17288 --- [EduRoom] [http-nio-8080-exec-3] o.s.w.s.m.m.a.HttpEntityMethodProcessor  : Using 'application/json', given [application/json, text/plain, */*] and supported [application/json, application/*+json]
2026-05-12T00:28:41.986+02:00 DEBUG 17288 --- [EduRoom] [http-nio-8080-exec-3] org.hibernate.SQL                        : 
    select
        c1_0.id,
        c1_0.horario_fin,
        c1_0.horario_inicio,
        c1_0.nombre 
    from
        centros c1_0 
    where
        c1_0.id=?
2026-05-12T00:28:41.987+02:00 DEBUG 17288 --- [EduRoom] [http-nio-8080-exec-3] o.s.w.s.m.m.a.HttpEntityMethodProcessor  : Writing [[com.eduroom.backend.model.Centro@2e807a87]]
2026-05-12T00:28:41.988+02:00 DEBUG 17288 --- [EduRoom] [http-nio-8080-exec-3] org.hibernate.SQL                        : 
    select
        u1_0.id_centro,
        u1_0.id,
        u1_0.email,
        u1_0.nombre,
        u1_0.password_hash,
        u1_0.rol 
    from
        usuarios u1_0 
    where
        u1_0.id_centro=?
2026-05-12T00:28:41.991+02:00 DEBUG 17288 --- [EduRoom] [http-nio-8080-exec-3] org.hibernate.SQL                        : 
    select
        a1_0.id_centro,
        a1_0.id,
        a1_0.capacidad,
        a1_0.nombre 
    from
        aulas a1_0 
    where
        a1_0.id_centro=?
2026-05-12T00:28:41.993+02:00 DEBUG 17288 --- [EduRoom] [http-nio-8080-exec-3] o.s.web.servlet.DispatcherServlet        : Completed 200 OK
2026-05-12T00:28:42.002+02:00 DEBUG 17288 --- [EduRoom] [http-nio-8080-exec-5] o.s.security.web.FilterChainProxy        : Securing GET /api/centros
2026-05-12T00:28:42.005+02:00 DEBUG 17288 --- [EduRoom] [http-nio-8080-exec-5] org.hibernate.SQL                        : 
    select
        u1_0.id,
        u1_0.id_centro,
        u1_0.email,
        u1_0.nombre,
        u1_0.password_hash,
        u1_0.rol 
    from
        usuarios u1_0 
    where
        u1_0.email=?
2026-05-12T00:28:42.011+02:00 DEBUG 17288 --- [EduRoom] [http-nio-8080-exec-5] o.s.security.web.FilterChainProxy        : Secured GET /api/centros
2026-05-12T00:28:42.012+02:00 DEBUG 17288 --- [EduRoom] [http-nio-8080-exec-5] o.s.web.servlet.DispatcherServlet        : GET "/api/centros", parameters={}
2026-05-12T00:28:42.012+02:00 DEBUG 17288 --- [EduRoom] [http-nio-8080-exec-5] s.w.s.m.m.a.RequestMappingHandlerMapping : Mapped to com.eduroom.backend.controller.CentroController#getCentros(String)
2026-05-12T00:28:42.014+02:00 DEBUG 17288 --- [EduRoom] [http-nio-8080-exec-5] org.hibernate.SQL                        : 
    select
        u1_0.id,
        u1_0.id_centro,
        u1_0.email,
        u1_0.nombre,
        u1_0.password_hash,
        u1_0.rol 
    from
        usuarios u1_0 
    where
        u1_0.email=?
2026-05-12T00:28:42.017+02:00 DEBUG 17288 --- [EduRoom] [http-nio-8080-exec-5] o.s.w.s.m.m.a.HttpEntityMethodProcessor  : Using 'application/json', given [application/json, text/plain, */*] and supported [application/json, application/*+json]
2026-05-12T00:28:42.018+02:00 DEBUG 17288 --- [EduRoom] [http-nio-8080-exec-5] org.hibernate.SQL                        : 
    select
        c1_0.id,
        c1_0.horario_fin,
        c1_0.horario_inicio,
        c1_0.nombre 
    from
        centros c1_0 
    where
        c1_0.id=?
2026-05-12T00:28:42.019+02:00 DEBUG 17288 --- [EduRoom] [http-nio-8080-exec-5] o.s.w.s.m.m.a.HttpEntityMethodProcessor  : Writing [[com.eduroom.backend.model.Centro@547c5bb7]]
2026-05-12T00:28:42.020+02:00 DEBUG 17288 --- [EduRoom] [http-nio-8080-exec-5] org.hibernate.SQL                        : 
    select
        u1_0.id_centro,
        u1_0.id,
        u1_0.email,
        u1_0.nombre,
        u1_0.password_hash,
        u1_0.rol 
    from
        usuarios u1_0 
    where
        u1_0.id_centro=?
2026-05-12T00:28:42.022+02:00 DEBUG 17288 --- [EduRoom] [http-nio-8080-exec-5] org.hibernate.SQL                        : 
    select
        a1_0.id_centro,
        a1_0.id,
        a1_0.capacidad,
        a1_0.nombre 
    from
        aulas a1_0 
    where
        a1_0.id_centro=?
2026-05-12T00:28:42.024+02:00 DEBUG 17288 --- [EduRoom] [http-nio-8080-exec-5] o.s.web.servlet.DispatcherServlet        : Completed 200 OK
2026-05-12T00:28:46.915+02:00 DEBUG 17288 --- [EduRoom] [http-nio-8080-exec-6] o.s.security.web.FilterChainProxy        : Securing GET /api/centros
2026-05-12T00:28:46.920+02:00 DEBUG 17288 --- [EduRoom] [http-nio-8080-exec-6] org.hibernate.SQL                        : 
    select
        u1_0.id,
        u1_0.id_centro,
        u1_0.email,
        u1_0.nombre,
        u1_0.password_hash,
        u1_0.rol 
    from
        usuarios u1_0 
    where
        u1_0.email=?
2026-05-12T00:28:46.928+02:00 DEBUG 17288 --- [EduRoom] [http-nio-8080-exec-6] o.s.security.web.FilterChainProxy        : Secured GET /api/centros
2026-05-12T00:28:46.930+02:00 DEBUG 17288 --- [EduRoom] [http-nio-8080-exec-6] o.s.web.servlet.DispatcherServlet        : GET "/api/centros", parameters={}
2026-05-12T00:28:46.930+02:00 DEBUG 17288 --- [EduRoom] [http-nio-8080-exec-6] s.w.s.m.m.a.RequestMappingHandlerMapping : Mapped to com.eduroom.backend.controller.CentroController#getCentros(String)
2026-05-12T00:28:46.935+02:00 DEBUG 17288 --- [EduRoom] [http-nio-8080-exec-6] org.hibernate.SQL                        : 
    select
        u1_0.id,
        u1_0.id_centro,
        u1_0.email,
        u1_0.nombre,
        u1_0.password_hash,
        u1_0.rol 
    from
        usuarios u1_0 
    where
        u1_0.email=?
2026-05-12T00:28:46.941+02:00 DEBUG 17288 --- [EduRoom] [http-nio-8080-exec-6] o.s.w.s.m.m.a.HttpEntityMethodProcessor  : Using 'application/json', given [application/json, text/plain, */*] and supported [application/json, application/*+json]
2026-05-12T00:28:46.948+02:00 DEBUG 17288 --- [EduRoom] [http-nio-8080-exec-6] org.hibernate.SQL                        : 
    select
        c1_0.id,
        c1_0.horario_fin,
        c1_0.horario_inicio,
        c1_0.nombre 
    from
        centros c1_0 
    where
        c1_0.id=?
2026-05-12T00:28:46.958+02:00 DEBUG 17288 --- [EduRoom] [http-nio-8080-exec-6] o.s.w.s.m.m.a.HttpEntityMethodProcessor  : Writing [[com.eduroom.backend.model.Centro@36c361a5]]
2026-05-12T00:28:46.963+02:00 DEBUG 17288 --- [EduRoom] [http-nio-8080-exec-6] org.hibernate.SQL                        : 
    select
        u1_0.id_centro,
        u1_0.id,
        u1_0.email,
        u1_0.nombre,
        u1_0.password_hash,
        u1_0.rol 
    from
        usuarios u1_0 
    where
        u1_0.id_centro=?
2026-05-12T00:28:46.969+02:00 DEBUG 17288 --- [EduRoom] [http-nio-8080-exec-6] org.hibernate.SQL                        : 
    select
        a1_0.id_centro,
        a1_0.id,
        a1_0.capacidad,
        a1_0.nombre 
    from
        aulas a1_0 
    where
        a1_0.id_centro=?
2026-05-12T00:28:46.975+02:00 DEBUG 17288 --- [EduRoom] [http-nio-8080-exec-6] o.s.web.servlet.DispatcherServlet        : Completed 200 OK
2026-05-12T00:28:46.990+02:00 DEBUG 17288 --- [EduRoom] [http-nio-8080-exec-8] o.s.security.web.FilterChainProxy        : Securing GET /api/centros
2026-05-12T00:28:46.999+02:00 DEBUG 17288 --- [EduRoom] [http-nio-8080-exec-8] org.hibernate.SQL                        : 
    select
        u1_0.id,
        u1_0.id_centro,
        u1_0.email,
        u1_0.nombre,
        u1_0.password_hash,
        u1_0.rol 
    from
        usuarios u1_0 
    where
        u1_0.email=?
2026-05-12T00:28:47.011+02:00 DEBUG 17288 --- [EduRoom] [http-nio-8080-exec-8] o.s.security.web.FilterChainProxy        : Secured GET /api/centros
2026-05-12T00:28:47.013+02:00 DEBUG 17288 --- [EduRoom] [http-nio-8080-exec-8] o.s.web.servlet.DispatcherServlet        : GET "/api/centros", parameters={}
2026-05-12T00:28:47.013+02:00 DEBUG 17288 --- [EduRoom] [http-nio-8080-exec-8] s.w.s.m.m.a.RequestMappingHandlerMapping : Mapped to com.eduroom.backend.controller.CentroController#getCentros(String)
2026-05-12T00:28:47.019+02:00 DEBUG 17288 --- [EduRoom] [http-nio-8080-exec-8] org.hibernate.SQL                        : 
    select
        u1_0.id,
        u1_0.id_centro,
        u1_0.email,
        u1_0.nombre,
        u1_0.password_hash,
        u1_0.rol 
    from
        usuarios u1_0 
    where
        u1_0.email=?
2026-05-12T00:28:47.028+02:00 DEBUG 17288 --- [EduRoom] [http-nio-8080-exec-8] o.s.w.s.m.m.a.HttpEntityMethodProcessor  : Using 'application/json', given [application/json, text/plain, */*] and supported [application/json, application/*+json]
2026-05-12T00:28:47.029+02:00 DEBUG 17288 --- [EduRoom] [http-nio-8080-exec-8] org.hibernate.SQL                        : 
    select
        c1_0.id,
        c1_0.horario_fin,
        c1_0.horario_inicio,
        c1_0.nombre 
    from
        centros c1_0 
    where
        c1_0.id=?
2026-05-12T00:28:47.034+02:00 DEBUG 17288 --- [EduRoom] [http-nio-8080-exec-8] o.s.w.s.m.m.a.HttpEntityMethodProcessor  : Writing [[com.eduroom.backend.model.Centro@5070aa]]
2026-05-12T00:28:47.034+02:00 DEBUG 17288 --- [EduRoom] [http-nio-8080-exec-8] org.hibernate.SQL                        : 
    select
        u1_0.id_centro,
        u1_0.id,
        u1_0.email,
        u1_0.nombre,
        u1_0.password_hash,
        u1_0.rol 
    from
        usuarios u1_0 
    where
        u1_0.id_centro=?
2026-05-12T00:28:47.037+02:00 DEBUG 17288 --- [EduRoom] [http-nio-8080-exec-8] org.hibernate.SQL                        : 
    select
        a1_0.id_centro,
        a1_0.id,
        a1_0.capacidad,
        a1_0.nombre 
    from
        aulas a1_0 
    where
        a1_0.id_centro=?
2026-05-12T00:28:47.038+02:00 DEBUG 17288 --- [EduRoom] [http-nio-8080-exec-8] o.s.web.servlet.DispatcherServlet        : Completed 200 OK
2026-05-12T00:28:47.301+02:00 DEBUG 17288 --- [EduRoom] [http-nio-8080-exec-10] o.s.security.web.FilterChainProxy        : Securing GET /api/eventos/centro/2
2026-05-12T00:28:47.304+02:00 DEBUG 17288 --- [EduRoom] [http-nio-8080-exec-7] o.s.security.web.FilterChainProxy        : Securing GET /api/centros/2
2026-05-12T00:28:47.304+02:00 DEBUG 17288 --- [EduRoom] [http-nio-8080-exec-2] o.s.security.web.FilterChainProxy        : Securing GET /api/aulas/centro/2
2026-05-12T00:28:47.306+02:00 DEBUG 17288 --- [EduRoom] [http-nio-8080-exec-10] org.hibernate.SQL                        : 
    select
        u1_0.id,
        u1_0.id_centro,
        u1_0.email,
        u1_0.nombre,
        u1_0.password_hash,
        u1_0.rol 
    from
        usuarios u1_0 
    where
        u1_0.email=?
2026-05-12T00:28:47.309+02:00 DEBUG 17288 --- [EduRoom] [http-nio-8080-exec-7] org.hibernate.SQL                        : 
    select
        u1_0.id,
        u1_0.id_centro,
        u1_0.email,
        u1_0.nombre,
        u1_0.password_hash,
        u1_0.rol 
    from
        usuarios u1_0 
    where
        u1_0.email=?
2026-05-12T00:28:47.310+02:00 DEBUG 17288 --- [EduRoom] [http-nio-8080-exec-2] org.hibernate.SQL                        : 
    select
        u1_0.id,
        u1_0.id_centro,
        u1_0.email,
        u1_0.nombre,
        u1_0.password_hash,
        u1_0.rol 
    from
        usuarios u1_0 
    where
        u1_0.email=?
2026-05-12T00:28:47.314+02:00 DEBUG 17288 --- [EduRoom] [http-nio-8080-exec-10] o.s.security.web.FilterChainProxy        : Secured GET /api/eventos/centro/2
2026-05-12T00:28:47.315+02:00 DEBUG 17288 --- [EduRoom] [http-nio-8080-exec-10] o.s.web.servlet.DispatcherServlet        : GET "/api/eventos/centro/2", parameters={}
2026-05-12T00:28:47.315+02:00 DEBUG 17288 --- [EduRoom] [http-nio-8080-exec-10] s.w.s.m.m.a.RequestMappingHandlerMapping : Mapped to com.eduroom.backend.controller.EventoController#getEventosByCentro(Long)
2026-05-12T00:28:47.317+02:00 DEBUG 17288 --- [EduRoom] [http-nio-8080-exec-10] org.hibernate.SQL                        : 
    select
        e1_0.id,
        e1_0.id_creador,
        e1_0.descripcion,
        e1_0.fecha,
        e1_0.hora_fin,
        e1_0.hora_inicio,
        e1_0.lugar,
        e1_0.qr_expiracion,
        e1_0.qr_token,
        e1_0.titulo 
    from
        eventos e1_0 
    left join
        usuarios c1_0 
            on c1_0.id=e1_0.id_creador 
    where
        c1_0.id_centro=?
2026-05-12T00:28:47.317+02:00 DEBUG 17288 --- [EduRoom] [http-nio-8080-exec-7] o.s.security.web.FilterChainProxy        : Secured GET /api/centros/2
2026-05-12T00:28:47.319+02:00 DEBUG 17288 --- [EduRoom] [http-nio-8080-exec-2] o.s.security.web.FilterChainProxy        : Secured GET /api/aulas/centro/2
2026-05-12T00:28:47.319+02:00 DEBUG 17288 --- [EduRoom] [http-nio-8080-exec-7] o.s.web.servlet.DispatcherServlet        : GET "/api/centros/2", parameters={}
2026-05-12T00:28:47.320+02:00 DEBUG 17288 --- [EduRoom] [http-nio-8080-exec-2] o.s.web.servlet.DispatcherServlet        : GET "/api/aulas/centro/2", parameters={}
2026-05-12T00:28:47.320+02:00 DEBUG 17288 --- [EduRoom] [http-nio-8080-exec-7] s.w.s.m.m.a.RequestMappingHandlerMapping : Mapped to com.eduroom.backend.controller.CentroController#getCentroById(Long)
2026-05-12T00:28:47.320+02:00 DEBUG 17288 --- [EduRoom] [http-nio-8080-exec-2] s.w.s.m.m.a.RequestMappingHandlerMapping : Mapped to com.eduroom.backend.controller.AulaController#getAulasByCentro(Long)
2026-05-12T00:28:47.321+02:00 DEBUG 17288 --- [EduRoom] [http-nio-8080-exec-10] o.s.w.s.m.m.a.HttpEntityMethodProcessor  : Using 'application/json', given [application/json, text/plain, */*] and supported [application/json, application/*+json]
2026-05-12T00:28:47.321+02:00 DEBUG 17288 --- [EduRoom] [http-nio-8080-exec-10] o.s.w.s.m.m.a.HttpEntityMethodProcessor  : Writing [[]]
2026-05-12T00:28:47.323+02:00 DEBUG 17288 --- [EduRoom] [http-nio-8080-exec-7] org.hibernate.SQL                        : 
    select
        c1_0.id,
        c1_0.horario_fin,
        c1_0.horario_inicio,
        c1_0.nombre 
    from
        centros c1_0 
    where
        c1_0.id=?
2026-05-12T00:28:47.323+02:00 DEBUG 17288 --- [EduRoom] [http-nio-8080-exec-10] o.s.web.servlet.DispatcherServlet        : Completed 200 OK
2026-05-12T00:28:47.323+02:00 DEBUG 17288 --- [EduRoom] [http-nio-8080-exec-2] org.hibernate.SQL                        : 
    select
        c1_0.id,
        c1_0.horario_fin,
        c1_0.horario_inicio,
        c1_0.nombre 
    from
        centros c1_0 
    where
        c1_0.id=?
2026-05-12T00:28:47.325+02:00 DEBUG 17288 --- [EduRoom] [http-nio-8080-exec-7] o.s.w.s.m.m.a.HttpEntityMethodProcessor  : Using 'application/json', given [application/json, text/plain, */*] and supported [application/json, application/*+json]
2026-05-12T00:28:47.325+02:00 DEBUG 17288 --- [EduRoom] [http-nio-8080-exec-1] o.s.security.web.FilterChainProxy        : Securing GET /api/eventos/centro/2
2026-05-12T00:28:47.326+02:00 DEBUG 17288 --- [EduRoom] [http-nio-8080-exec-7] o.s.w.s.m.m.a.HttpEntityMethodProcessor  : Writing [com.eduroom.backend.model.Centro@7d1d1208]
2026-05-12T00:28:47.327+02:00 DEBUG 17288 --- [EduRoom] [http-nio-8080-exec-7] org.hibernate.SQL                        : 
    select
        u1_0.id_centro,
        u1_0.id,
        u1_0.email,
        u1_0.nombre,
        u1_0.password_hash,
        u1_0.rol 
    from
        usuarios u1_0 
    where
        u1_0.id_centro=?
2026-05-12T00:28:47.327+02:00 DEBUG 17288 --- [EduRoom] [http-nio-8080-exec-2] org.hibernate.SQL                        : 
    select
        a1_0.id,
        a1_0.capacidad,
        a1_0.id_centro,
        a1_0.nombre 
    from
        aulas a1_0 
    where
        a1_0.id_centro=?
2026-05-12T00:28:47.331+02:00 DEBUG 17288 --- [EduRoom] [http-nio-8080-exec-7] org.hibernate.SQL                        : 
    select
        a1_0.id_centro,
        a1_0.id,
        a1_0.capacidad,
        a1_0.nombre 
    from
        aulas a1_0 
    where
        a1_0.id_centro=?
2026-05-12T00:28:47.332+02:00 DEBUG 17288 --- [EduRoom] [http-nio-8080-exec-1] org.hibernate.SQL                        : 
    select
        u1_0.id,
        u1_0.id_centro,
        u1_0.email,
        u1_0.nombre,
        u1_0.password_hash,
        u1_0.rol 
    from
        usuarios u1_0 
    where
        u1_0.email=?
2026-05-12T00:28:47.332+02:00 DEBUG 17288 --- [EduRoom] [http-nio-8080-exec-2] o.s.w.s.m.m.a.HttpEntityMethodProcessor  : Using 'application/json', given [application/json, text/plain, */*] and supported [application/json, application/*+json]
2026-05-12T00:28:47.333+02:00 DEBUG 17288 --- [EduRoom] [http-nio-8080-exec-2] o.s.w.s.m.m.a.HttpEntityMethodProcessor  : Writing [[]]
2026-05-12T00:28:47.334+02:00 DEBUG 17288 --- [EduRoom] [http-nio-8080-exec-7] o.s.web.servlet.DispatcherServlet        : Completed 200 OK
2026-05-12T00:28:47.334+02:00 DEBUG 17288 --- [EduRoom] [http-nio-8080-exec-2] o.s.web.servlet.DispatcherServlet        : Completed 200 OK
2026-05-12T00:28:47.340+02:00 DEBUG 17288 --- [EduRoom] [http-nio-8080-exec-1] o.s.security.web.FilterChainProxy        : Secured GET /api/eventos/centro/2
2026-05-12T00:28:47.340+02:00 DEBUG 17288 --- [EduRoom] [http-nio-8080-exec-1] o.s.web.servlet.DispatcherServlet        : GET "/api/eventos/centro/2", parameters={}
2026-05-12T00:28:47.342+02:00 DEBUG 17288 --- [EduRoom] [http-nio-8080-exec-1] s.w.s.m.m.a.RequestMappingHandlerMapping : Mapped to com.eduroom.backend.controller.EventoController#getEventosByCentro(Long)
2026-05-12T00:28:47.346+02:00 DEBUG 17288 --- [EduRoom] [http-nio-8080-exec-1] org.hibernate.SQL                        : 
    select
        e1_0.id,
        e1_0.id_creador,
        e1_0.descripcion,
        e1_0.fecha,
        e1_0.hora_fin,
        e1_0.hora_inicio,
        e1_0.lugar,
        e1_0.qr_expiracion,
        e1_0.qr_token,
        e1_0.titulo 
    from
        eventos e1_0 
    left join
        usuarios c1_0 
            on c1_0.id=e1_0.id_creador 
    where
        c1_0.id_centro=?
2026-05-12T00:28:47.346+02:00 DEBUG 17288 --- [EduRoom] [http-nio-8080-exec-4] o.s.security.web.FilterChainProxy        : Securing GET /api/centros/2
2026-05-12T00:28:47.347+02:00 DEBUG 17288 --- [EduRoom] [http-nio-8080-exec-9] o.s.security.web.FilterChainProxy        : Securing GET /api/aulas/centro/2
2026-05-12T00:28:47.348+02:00 DEBUG 17288 --- [EduRoom] [http-nio-8080-exec-1] o.s.w.s.m.m.a.HttpEntityMethodProcessor  : Using 'application/json', given [application/json, text/plain, */*] and supported [application/json, application/*+json]
2026-05-12T00:28:47.348+02:00 DEBUG 17288 --- [EduRoom] [http-nio-8080-exec-1] o.s.w.s.m.m.a.HttpEntityMethodProcessor  : Writing [[]]
2026-05-12T00:28:47.349+02:00 DEBUG 17288 --- [EduRoom] [http-nio-8080-exec-1] o.s.web.servlet.DispatcherServlet        : Completed 200 OK
2026-05-12T00:28:47.350+02:00 DEBUG 17288 --- [EduRoom] [http-nio-8080-exec-9] org.hibernate.SQL                        : 
    select
        u1_0.id,
        u1_0.id_centro,
        u1_0.email,
        u1_0.nombre,
        u1_0.password_hash,
        u1_0.rol 
    from
        usuarios u1_0 
    where
        u1_0.email=?
2026-05-12T00:28:47.350+02:00 DEBUG 17288 --- [EduRoom] [http-nio-8080-exec-4] org.hibernate.SQL                        : 
    select
        u1_0.id,
        u1_0.id_centro,
        u1_0.email,
        u1_0.nombre,
        u1_0.password_hash,
        u1_0.rol 
    from
        usuarios u1_0 
    where
        u1_0.email=?
2026-05-12T00:28:47.357+02:00 DEBUG 17288 --- [EduRoom] [http-nio-8080-exec-4] o.s.security.web.FilterChainProxy        : Secured GET /api/centros/2
2026-05-12T00:28:47.357+02:00 DEBUG 17288 --- [EduRoom] [http-nio-8080-exec-9] o.s.security.web.FilterChainProxy        : Secured GET /api/aulas/centro/2
2026-05-12T00:28:47.358+02:00 DEBUG 17288 --- [EduRoom] [http-nio-8080-exec-4] o.s.web.servlet.DispatcherServlet        : GET "/api/centros/2", parameters={}
2026-05-12T00:28:47.358+02:00 DEBUG 17288 --- [EduRoom] [http-nio-8080-exec-9] o.s.web.servlet.DispatcherServlet        : GET "/api/aulas/centro/2", parameters={}
2026-05-12T00:28:47.358+02:00 DEBUG 17288 --- [EduRoom] [http-nio-8080-exec-4] s.w.s.m.m.a.RequestMappingHandlerMapping : Mapped to com.eduroom.backend.controller.CentroController#getCentroById(Long)
2026-05-12T00:28:47.359+02:00 DEBUG 17288 --- [EduRoom] [http-nio-8080-exec-9] s.w.s.m.m.a.RequestMappingHandlerMapping : Mapped to com.eduroom.backend.controller.AulaController#getAulasByCentro(Long)
2026-05-12T00:28:47.361+02:00 DEBUG 17288 --- [EduRoom] [http-nio-8080-exec-4] org.hibernate.SQL                        : 
    select
        c1_0.id,
        c1_0.horario_fin,
        c1_0.horario_inicio,
        c1_0.nombre 
    from
        centros c1_0 
    where
        c1_0.id=?
2026-05-12T00:28:47.361+02:00 DEBUG 17288 --- [EduRoom] [http-nio-8080-exec-9] org.hibernate.SQL                        : 
    select
        c1_0.id,
        c1_0.horario_fin,
        c1_0.horario_inicio,
        c1_0.nombre 
    from
        centros c1_0 
    where
        c1_0.id=?
2026-05-12T00:28:47.363+02:00 DEBUG 17288 --- [EduRoom] [http-nio-8080-exec-4] o.s.w.s.m.m.a.HttpEntityMethodProcessor  : Using 'application/json', given [application/json, text/plain, */*] and supported [application/json, application/*+json]
2026-05-12T00:28:47.363+02:00 DEBUG 17288 --- [EduRoom] [http-nio-8080-exec-4] o.s.w.s.m.m.a.HttpEntityMethodProcessor  : Writing [com.eduroom.backend.model.Centro@50ce508d]
2026-05-12T00:28:47.364+02:00 DEBUG 17288 --- [EduRoom] [http-nio-8080-exec-9] org.hibernate.SQL                        : 
    select
        a1_0.id,
        a1_0.capacidad,
        a1_0.id_centro,
        a1_0.nombre 
    from
        aulas a1_0 
    where
        a1_0.id_centro=?
2026-05-12T00:28:47.365+02:00 DEBUG 17288 --- [EduRoom] [http-nio-8080-exec-4] org.hibernate.SQL                        : 
    select
        u1_0.id_centro,
        u1_0.id,
        u1_0.email,
        u1_0.nombre,
        u1_0.password_hash,
        u1_0.rol 
    from
        usuarios u1_0 
    where
        u1_0.id_centro=?
2026-05-12T00:28:47.367+02:00 DEBUG 17288 --- [EduRoom] [http-nio-8080-exec-4] org.hibernate.SQL                        : 
    select
        a1_0.id_centro,
        a1_0.id,
        a1_0.capacidad,
        a1_0.nombre 
    from
        aulas a1_0 
    where
        a1_0.id_centro=?
2026-05-12T00:28:47.367+02:00 DEBUG 17288 --- [EduRoom] [http-nio-8080-exec-9] o.s.w.s.m.m.a.HttpEntityMethodProcessor  : Using 'application/json', given [application/json, text/plain, */*] and supported [application/json, application/*+json]
2026-05-12T00:28:47.367+02:00 DEBUG 17288 --- [EduRoom] [http-nio-8080-exec-9] o.s.w.s.m.m.a.HttpEntityMethodProcessor  : Writing [[]]
2026-05-12T00:28:47.369+02:00 DEBUG 17288 --- [EduRoom] [http-nio-8080-exec-9] o.s.web.servlet.DispatcherServlet        : Completed 200 OK
2026-05-12T00:28:47.369+02:00 DEBUG 17288 --- [EduRoom] [http-nio-8080-exec-4] o.s.web.servlet.DispatcherServlet        : Completed 200 OK
2026-05-12T00:28:49.141+02:00 DEBUG 17288 --- [EduRoom] [http-nio-8080-exec-3] o.s.security.web.FilterChainProxy        : Securing GET /api/centros
2026-05-12T00:28:49.147+02:00 DEBUG 17288 --- [EduRoom] [http-nio-8080-exec-3] org.hibernate.SQL                        : 
    select
        u1_0.id,
        u1_0.id_centro,
        u1_0.email,
        u1_0.nombre,
        u1_0.password_hash,
        u1_0.rol 
    from
        usuarios u1_0 
    where
        u1_0.email=?
2026-05-12T00:28:49.153+02:00 DEBUG 17288 --- [EduRoom] [http-nio-8080-exec-3] o.s.security.web.FilterChainProxy        : Secured GET /api/centros
2026-05-12T00:28:49.154+02:00 DEBUG 17288 --- [EduRoom] [http-nio-8080-exec-3] o.s.web.servlet.DispatcherServlet        : GET "/api/centros", parameters={}
2026-05-12T00:28:49.154+02:00 DEBUG 17288 --- [EduRoom] [http-nio-8080-exec-3] s.w.s.m.m.a.RequestMappingHandlerMapping : Mapped to com.eduroom.backend.controller.CentroController#getCentros(String)
2026-05-12T00:28:49.158+02:00 DEBUG 17288 --- [EduRoom] [http-nio-8080-exec-3] org.hibernate.SQL                        : 
    select
        u1_0.id,
        u1_0.id_centro,
        u1_0.email,
        u1_0.nombre,
        u1_0.password_hash,
        u1_0.rol 
    from
        usuarios u1_0 
    where
        u1_0.email=?
2026-05-12T00:28:49.161+02:00 DEBUG 17288 --- [EduRoom] [http-nio-8080-exec-3] o.s.w.s.m.m.a.HttpEntityMethodProcessor  : Using 'application/json', given [application/json, text/plain, */*] and supported [application/json, application/*+json]
2026-05-12T00:28:49.161+02:00 DEBUG 17288 --- [EduRoom] [http-nio-8080-exec-3] org.hibernate.SQL                        : 
    select
        c1_0.id,
        c1_0.horario_fin,
        c1_0.horario_inicio,
        c1_0.nombre 
    from
        centros c1_0 
    where
        c1_0.id=?
2026-05-12T00:28:49.164+02:00 DEBUG 17288 --- [EduRoom] [http-nio-8080-exec-3] o.s.w.s.m.m.a.HttpEntityMethodProcessor  : Writing [[com.eduroom.backend.model.Centro@2f233648]]
2026-05-12T00:28:49.165+02:00 DEBUG 17288 --- [EduRoom] [http-nio-8080-exec-3] org.hibernate.SQL                        : 
    select
        u1_0.id_centro,
        u1_0.id,
        u1_0.email,
        u1_0.nombre,
        u1_0.password_hash,
        u1_0.rol 
    from
        usuarios u1_0 
    where
        u1_0.id_centro=?
2026-05-12T00:28:49.167+02:00 DEBUG 17288 --- [EduRoom] [http-nio-8080-exec-3] org.hibernate.SQL                        : 
    select
        a1_0.id_centro,
        a1_0.id,
        a1_0.capacidad,
        a1_0.nombre 
    from
        aulas a1_0 
    where
        a1_0.id_centro=?
2026-05-12T00:28:49.169+02:00 DEBUG 17288 --- [EduRoom] [http-nio-8080-exec-3] o.s.web.servlet.DispatcherServlet        : Completed 200 OK
2026-05-12T00:28:49.178+02:00 DEBUG 17288 --- [EduRoom] [http-nio-8080-exec-5] o.s.security.web.FilterChainProxy        : Securing GET /api/centros
2026-05-12T00:28:49.182+02:00 DEBUG 17288 --- [EduRoom] [http-nio-8080-exec-5] org.hibernate.SQL                        : 
    select
        u1_0.id,
        u1_0.id_centro,
        u1_0.email,
        u1_0.nombre,
        u1_0.password_hash,
        u1_0.rol 
    from
        usuarios u1_0 
    where
        u1_0.email=?
2026-05-12T00:28:49.187+02:00 DEBUG 17288 --- [EduRoom] [http-nio-8080-exec-5] o.s.security.web.FilterChainProxy        : Secured GET /api/centros
2026-05-12T00:28:49.187+02:00 DEBUG 17288 --- [EduRoom] [http-nio-8080-exec-5] o.s.web.servlet.DispatcherServlet        : GET "/api/centros", parameters={}
2026-05-12T00:28:49.188+02:00 DEBUG 17288 --- [EduRoom] [http-nio-8080-exec-5] s.w.s.m.m.a.RequestMappingHandlerMapping : Mapped to com.eduroom.backend.controller.CentroController#getCentros(String)
2026-05-12T00:28:49.191+02:00 DEBUG 17288 --- [EduRoom] [http-nio-8080-exec-5] org.hibernate.SQL                        : 
    select
        u1_0.id,
        u1_0.id_centro,
        u1_0.email,
        u1_0.nombre,
        u1_0.password_hash,
        u1_0.rol 
    from
        usuarios u1_0 
    where
        u1_0.email=?
2026-05-12T00:28:49.193+02:00 DEBUG 17288 --- [EduRoom] [http-nio-8080-exec-5] o.s.w.s.m.m.a.HttpEntityMethodProcessor  : Using 'application/json', given [application/json, text/plain, */*] and supported [application/json, application/*+json]
2026-05-12T00:28:49.194+02:00 DEBUG 17288 --- [EduRoom] [http-nio-8080-exec-5] org.hibernate.SQL                        : 
    select
        c1_0.id,
        c1_0.horario_fin,
        c1_0.horario_inicio,
        c1_0.nombre 
    from
        centros c1_0 
    where
        c1_0.id=?
2026-05-12T00:28:49.196+02:00 DEBUG 17288 --- [EduRoom] [http-nio-8080-exec-5] o.s.w.s.m.m.a.HttpEntityMethodProcessor  : Writing [[com.eduroom.backend.model.Centro@583f6305]]
2026-05-12T00:28:49.196+02:00 DEBUG 17288 --- [EduRoom] [http-nio-8080-exec-5] org.hibernate.SQL                        : 
    select
        u1_0.id_centro,
        u1_0.id,
        u1_0.email,
        u1_0.nombre,
        u1_0.password_hash,
        u1_0.rol 
    from
        usuarios u1_0 
    where
        u1_0.id_centro=?
2026-05-12T00:28:49.197+02:00 DEBUG 17288 --- [EduRoom] [http-nio-8080-exec-5] org.hibernate.SQL                        : 
    select
        a1_0.id_centro,
        a1_0.id,
        a1_0.capacidad,
        a1_0.nombre 
    from
        aulas a1_0 
    where
        a1_0.id_centro=?
2026-05-12T00:28:49.199+02:00 DEBUG 17288 --- [EduRoom] [http-nio-8080-exec-5] o.s.web.servlet.DispatcherServlet        : Completed 200 OK
2026-05-12T00:28:58.286+02:00 DEBUG 17288 --- [EduRoom] [http-nio-8080-exec-6] o.s.security.web.FilterChainProxy        : Securing POST /api/auth/login
2026-05-12T00:28:58.287+02:00 DEBUG 17288 --- [EduRoom] [http-nio-8080-exec-6] o.s.s.w.a.AnonymousAuthenticationFilter  : Set SecurityContextHolder to anonymous SecurityContext
2026-05-12T00:28:58.288+02:00 DEBUG 17288 --- [EduRoom] [http-nio-8080-exec-6] o.s.security.web.FilterChainProxy        : Secured POST /api/auth/login
2026-05-12T00:28:58.288+02:00 DEBUG 17288 --- [EduRoom] [http-nio-8080-exec-6] o.s.web.servlet.DispatcherServlet        : POST "/api/auth/login", parameters={}
2026-05-12T00:28:58.288+02:00 DEBUG 17288 --- [EduRoom] [http-nio-8080-exec-6] s.w.s.m.m.a.RequestMappingHandlerMapping : Mapped to com.eduroom.backend.controller.AuthController#login(LoginRequest)
2026-05-12T00:28:58.289+02:00 DEBUG 17288 --- [EduRoom] [http-nio-8080-exec-6] m.m.a.RequestResponseBodyMethodProcessor : Read "application/json;charset=UTF-8" to [LoginRequest(email=admin@eduroom.com, password=admin123)]
2026-05-12T00:28:58.291+02:00 DEBUG 17288 --- [EduRoom] [http-nio-8080-exec-6] org.hibernate.SQL                        : 
    select
        u1_0.id,
        u1_0.id_centro,
        u1_0.email,
        u1_0.nombre,
        u1_0.password_hash,
        u1_0.rol 
    from
        usuarios u1_0 
    where
        u1_0.email=?
2026-05-12T00:28:58.357+02:00 DEBUG 17288 --- [EduRoom] [http-nio-8080-exec-6] o.s.w.s.m.m.a.HttpEntityMethodProcessor  : Using 'application/json', given [application/json, text/plain, */*] and supported [application/json, application/*+json]
2026-05-12T00:28:58.357+02:00 DEBUG 17288 --- [EduRoom] [http-nio-8080-exec-6] o.s.w.s.m.m.a.HttpEntityMethodProcessor  : Writing [LoginResponse(token=eyJhbGciOiJIUzI1NiJ9.eyJ1c2VySWQiOjYsInN1YiI6ImFkbWluQGVkdXJvb20uY29tIiwiaWF0Ijo (truncated)...]
2026-05-12T00:28:58.359+02:00 DEBUG 17288 --- [EduRoom] [http-nio-8080-exec-6] o.s.web.servlet.DispatcherServlet        : Completed 200 OK
2026-05-12T00:28:58.382+02:00 DEBUG 17288 --- [EduRoom] [http-nio-8080-exec-8] o.s.security.web.FilterChainProxy        : Securing GET /api/centros
2026-05-12T00:28:58.385+02:00 DEBUG 17288 --- [EduRoom] [http-nio-8080-exec-8] org.hibernate.SQL                        : 
    select
        u1_0.id,
        u1_0.id_centro,
        u1_0.email,
        u1_0.nombre,
        u1_0.password_hash,
        u1_0.rol 
    from
        usuarios u1_0 
    where
        u1_0.email=?
2026-05-12T00:28:58.390+02:00 DEBUG 17288 --- [EduRoom] [http-nio-8080-exec-8] o.s.security.web.FilterChainProxy        : Secured GET /api/centros
2026-05-12T00:28:58.391+02:00 DEBUG 17288 --- [EduRoom] [http-nio-8080-exec-8] o.s.web.servlet.DispatcherServlet        : GET "/api/centros", parameters={}
2026-05-12T00:28:58.393+02:00 DEBUG 17288 --- [EduRoom] [http-nio-8080-exec-8] s.w.s.m.m.a.RequestMappingHandlerMapping : Mapped to com.eduroom.backend.controller.CentroController#getCentros(String)
2026-05-12T00:28:58.396+02:00 DEBUG 17288 --- [EduRoom] [http-nio-8080-exec-8] org.hibernate.SQL                        : 
    select
        u1_0.id,
        u1_0.id_centro,
        u1_0.email,
        u1_0.nombre,
        u1_0.password_hash,
        u1_0.rol 
    from
        usuarios u1_0 
    where
        u1_0.email=?
2026-05-12T00:28:58.400+02:00 DEBUG 17288 --- [EduRoom] [http-nio-8080-exec-8] org.hibernate.SQL                        : 
    select
        c1_0.id,
        c1_0.horario_fin,
        c1_0.horario_inicio,
        c1_0.nombre 
    from
        centros c1_0
2026-05-12T00:28:58.403+02:00 DEBUG 17288 --- [EduRoom] [http-nio-8080-exec-8] o.s.w.s.m.m.a.HttpEntityMethodProcessor  : Using 'application/json', given [application/json, text/plain, */*] and supported [application/json, application/*+json]
2026-05-12T00:28:58.403+02:00 DEBUG 17288 --- [EduRoom] [http-nio-8080-exec-8] o.s.w.s.m.m.a.HttpEntityMethodProcessor  : Writing [[com.eduroom.backend.model.Centro@3e8fc6ee]]
2026-05-12T00:28:58.403+02:00 DEBUG 17288 --- [EduRoom] [http-nio-8080-exec-8] org.hibernate.SQL                        : 
    select
        u1_0.id_centro,
        u1_0.id,
        u1_0.email,
        u1_0.nombre,
        u1_0.password_hash,
        u1_0.rol 
    from
        usuarios u1_0 
    where
        u1_0.id_centro=?
2026-05-12T00:28:58.404+02:00 DEBUG 17288 --- [EduRoom] [http-nio-8080-exec-8] org.hibernate.SQL                        : 
    select
        a1_0.id_centro,
        a1_0.id,
        a1_0.capacidad,
        a1_0.nombre 
    from
        aulas a1_0 
    where
        a1_0.id_centro=?
2026-05-12T00:28:58.407+02:00 DEBUG 17288 --- [EduRoom] [http-nio-8080-exec-8] o.s.web.servlet.DispatcherServlet        : Completed 200 OK
2026-05-12T00:28:58.416+02:00 DEBUG 17288 --- [EduRoom] [http-nio-8080-exec-10] o.s.security.web.FilterChainProxy        : Securing GET /api/centros
2026-05-12T00:28:58.419+02:00 DEBUG 17288 --- [EduRoom] [http-nio-8080-exec-10] org.hibernate.SQL                        : 
    select
        u1_0.id,
        u1_0.id_centro,
        u1_0.email,
        u1_0.nombre,
        u1_0.password_hash,
        u1_0.rol 
    from
        usuarios u1_0 
    where
        u1_0.email=?
2026-05-12T00:28:58.426+02:00 DEBUG 17288 --- [EduRoom] [http-nio-8080-exec-10] o.s.security.web.FilterChainProxy        : Secured GET /api/centros
2026-05-12T00:28:58.426+02:00 DEBUG 17288 --- [EduRoom] [http-nio-8080-exec-10] o.s.web.servlet.DispatcherServlet        : GET "/api/centros", parameters={}
2026-05-12T00:28:58.426+02:00 DEBUG 17288 --- [EduRoom] [http-nio-8080-exec-10] s.w.s.m.m.a.RequestMappingHandlerMapping : Mapped to com.eduroom.backend.controller.CentroController#getCentros(String)
2026-05-12T00:28:58.429+02:00 DEBUG 17288 --- [EduRoom] [http-nio-8080-exec-10] org.hibernate.SQL                        : 
    select
        u1_0.id,
        u1_0.id_centro,
        u1_0.email,
        u1_0.nombre,
        u1_0.password_hash,
        u1_0.rol 
    from
        usuarios u1_0 
    where
        u1_0.email=?
2026-05-12T00:28:58.432+02:00 DEBUG 17288 --- [EduRoom] [http-nio-8080-exec-10] org.hibernate.SQL                        : 
    select
        c1_0.id,
        c1_0.horario_fin,
        c1_0.horario_inicio,
        c1_0.nombre 
    from
        centros c1_0
2026-05-12T00:28:58.434+02:00 DEBUG 17288 --- [EduRoom] [http-nio-8080-exec-10] o.s.w.s.m.m.a.HttpEntityMethodProcessor  : Using 'application/json', given [application/json, text/plain, */*] and supported [application/json, application/*+json]
2026-05-12T00:28:58.435+02:00 DEBUG 17288 --- [EduRoom] [http-nio-8080-exec-10] o.s.w.s.m.m.a.HttpEntityMethodProcessor  : Writing [[com.eduroom.backend.model.Centro@55363864]]
2026-05-12T00:28:58.435+02:00 DEBUG 17288 --- [EduRoom] [http-nio-8080-exec-10] org.hibernate.SQL                        : 
    select
        u1_0.id_centro,
        u1_0.id,
        u1_0.email,
        u1_0.nombre,
        u1_0.password_hash,
        u1_0.rol 
    from
        usuarios u1_0 
    where
        u1_0.id_centro=?
2026-05-12T00:28:58.437+02:00 DEBUG 17288 --- [EduRoom] [http-nio-8080-exec-10] org.hibernate.SQL                        : 
    select
        a1_0.id_centro,
        a1_0.id,
        a1_0.capacidad,
        a1_0.nombre 
    from
        aulas a1_0 
    where
        a1_0.id_centro=?
2026-05-12T00:28:58.439+02:00 DEBUG 17288 --- [EduRoom] [http-nio-8080-exec-10] o.s.web.servlet.DispatcherServlet        : Completed 200 OK
2026-05-12T00:28:59.586+02:00 DEBUG 17288 --- [EduRoom] [http-nio-8080-exec-7] o.s.security.web.FilterChainProxy        : Securing GET /api/eventos/centro/2
2026-05-12T00:28:59.589+02:00 DEBUG 17288 --- [EduRoom] [http-nio-8080-exec-7] org.hibernate.SQL                        : 
    select
        u1_0.id,
        u1_0.id_centro,
        u1_0.email,
        u1_0.nombre,
        u1_0.password_hash,
        u1_0.rol 
    from
        usuarios u1_0 
    where
        u1_0.email=?
2026-05-12T00:28:59.592+02:00 DEBUG 17288 --- [EduRoom] [http-nio-8080-exec-2] o.s.security.web.FilterChainProxy        : Securing GET /api/aulas/centro/2
2026-05-12T00:28:59.592+02:00 DEBUG 17288 --- [EduRoom] [http-nio-8080-exec-1] o.s.security.web.FilterChainProxy        : Securing GET /api/centros/2
2026-05-12T00:28:59.597+02:00 DEBUG 17288 --- [EduRoom] [http-nio-8080-exec-2] org.hibernate.SQL                        : 
    select
        u1_0.id,
        u1_0.id_centro,
        u1_0.email,
        u1_0.nombre,
        u1_0.password_hash,
        u1_0.rol 
    from
        usuarios u1_0 
    where
        u1_0.email=?
2026-05-12T00:28:59.598+02:00 DEBUG 17288 --- [EduRoom] [http-nio-8080-exec-1] org.hibernate.SQL                        : 
    select
        u1_0.id,
        u1_0.id_centro,
        u1_0.email,
        u1_0.nombre,
        u1_0.password_hash,
        u1_0.rol 
    from
        usuarios u1_0 
    where
        u1_0.email=?
2026-05-12T00:28:59.600+02:00 DEBUG 17288 --- [EduRoom] [http-nio-8080-exec-7] o.s.security.web.FilterChainProxy        : Secured GET /api/eventos/centro/2
2026-05-12T00:28:59.602+02:00 DEBUG 17288 --- [EduRoom] [http-nio-8080-exec-7] o.s.web.servlet.DispatcherServlet        : GET "/api/eventos/centro/2", parameters={}
2026-05-12T00:28:59.602+02:00 DEBUG 17288 --- [EduRoom] [http-nio-8080-exec-7] s.w.s.m.m.a.RequestMappingHandlerMapping : Mapped to com.eduroom.backend.controller.EventoController#getEventosByCentro(Long)
2026-05-12T00:28:59.604+02:00 DEBUG 17288 --- [EduRoom] [http-nio-8080-exec-7] org.hibernate.SQL                        : 
    select
        e1_0.id,
        e1_0.id_creador,
        e1_0.descripcion,
        e1_0.fecha,
        e1_0.hora_fin,
        e1_0.hora_inicio,
        e1_0.lugar,
        e1_0.qr_expiracion,
        e1_0.qr_token,
        e1_0.titulo 
    from
        eventos e1_0 
    left join
        usuarios c1_0 
            on c1_0.id=e1_0.id_creador 
    where
        c1_0.id_centro=?
2026-05-12T00:28:59.606+02:00 DEBUG 17288 --- [EduRoom] [http-nio-8080-exec-2] o.s.security.web.FilterChainProxy        : Secured GET /api/aulas/centro/2
2026-05-12T00:28:59.606+02:00 DEBUG 17288 --- [EduRoom] [http-nio-8080-exec-1] o.s.security.web.FilterChainProxy        : Secured GET /api/centros/2
2026-05-12T00:28:59.606+02:00 DEBUG 17288 --- [EduRoom] [http-nio-8080-exec-2] o.s.web.servlet.DispatcherServlet        : GET "/api/aulas/centro/2", parameters={}
2026-05-12T00:28:59.606+02:00 DEBUG 17288 --- [EduRoom] [http-nio-8080-exec-1] o.s.web.servlet.DispatcherServlet        : GET "/api/centros/2", parameters={}
2026-05-12T00:28:59.606+02:00 DEBUG 17288 --- [EduRoom] [http-nio-8080-exec-2] s.w.s.m.m.a.RequestMappingHandlerMapping : Mapped to com.eduroom.backend.controller.AulaController#getAulasByCentro(Long)
2026-05-12T00:28:59.606+02:00 DEBUG 17288 --- [EduRoom] [http-nio-8080-exec-1] s.w.s.m.m.a.RequestMappingHandlerMapping : Mapped to com.eduroom.backend.controller.CentroController#getCentroById(Long)
2026-05-12T00:28:59.607+02:00 DEBUG 17288 --- [EduRoom] [http-nio-8080-exec-7] o.s.w.s.m.m.a.HttpEntityMethodProcessor  : Using 'application/json', given [application/json, text/plain, */*] and supported [application/json, application/*+json]
2026-05-12T00:28:59.607+02:00 DEBUG 17288 --- [EduRoom] [http-nio-8080-exec-7] o.s.w.s.m.m.a.HttpEntityMethodProcessor  : Writing [[]]
2026-05-12T00:28:59.609+02:00 DEBUG 17288 --- [EduRoom] [http-nio-8080-exec-2] org.hibernate.SQL                        : 
    select
        c1_0.id,
        c1_0.horario_fin,
        c1_0.horario_inicio,
        c1_0.nombre 
    from
        centros c1_0 
    where
        c1_0.id=?
2026-05-12T00:28:59.609+02:00 DEBUG 17288 --- [EduRoom] [http-nio-8080-exec-1] org.hibernate.SQL                        : 
    select
        c1_0.id,
        c1_0.horario_fin,
        c1_0.horario_inicio,
        c1_0.nombre 
    from
        centros c1_0 
    where
        c1_0.id=?
2026-05-12T00:28:59.609+02:00 DEBUG 17288 --- [EduRoom] [http-nio-8080-exec-7] o.s.web.servlet.DispatcherServlet        : Completed 200 OK
2026-05-12T00:28:59.612+02:00 DEBUG 17288 --- [EduRoom] [http-nio-8080-exec-1] o.s.w.s.m.m.a.HttpEntityMethodProcessor  : Using 'application/json', given [application/json, text/plain, */*] and supported [application/json, application/*+json]
2026-05-12T00:28:59.613+02:00 DEBUG 17288 --- [EduRoom] [http-nio-8080-exec-1] o.s.w.s.m.m.a.HttpEntityMethodProcessor  : Writing [com.eduroom.backend.model.Centro@7fdd7540]
2026-05-12T00:28:59.613+02:00 DEBUG 17288 --- [EduRoom] [http-nio-8080-exec-9] o.s.security.web.FilterChainProxy        : Securing GET /api/eventos/centro/2
2026-05-12T00:28:59.613+02:00 DEBUG 17288 --- [EduRoom] [http-nio-8080-exec-1] org.hibernate.SQL                        : 
    select
        u1_0.id_centro,
        u1_0.id,
        u1_0.email,
        u1_0.nombre,
        u1_0.password_hash,
        u1_0.rol 
    from
        usuarios u1_0 
    where
        u1_0.id_centro=?
2026-05-12T00:28:59.613+02:00 DEBUG 17288 --- [EduRoom] [http-nio-8080-exec-2] org.hibernate.SQL                        : 
    select
        a1_0.id,
        a1_0.capacidad,
        a1_0.id_centro,
        a1_0.nombre 
    from
        aulas a1_0 
    where
        a1_0.id_centro=?
2026-05-12T00:28:59.616+02:00 DEBUG 17288 --- [EduRoom] [http-nio-8080-exec-2] o.s.w.s.m.m.a.HttpEntityMethodProcessor  : Using 'application/json', given [application/json, text/plain, */*] and supported [application/json, application/*+json]
2026-05-12T00:28:59.616+02:00 DEBUG 17288 --- [EduRoom] [http-nio-8080-exec-1] org.hibernate.SQL                        : 
    select
        a1_0.id_centro,
        a1_0.id,
        a1_0.capacidad,
        a1_0.nombre 
    from
        aulas a1_0 
    where
        a1_0.id_centro=?
2026-05-12T00:28:59.617+02:00 DEBUG 17288 --- [EduRoom] [http-nio-8080-exec-2] o.s.w.s.m.m.a.HttpEntityMethodProcessor  : Writing [[]]
2026-05-12T00:28:59.618+02:00 DEBUG 17288 --- [EduRoom] [http-nio-8080-exec-9] org.hibernate.SQL                        : 
    select
        u1_0.id,
        u1_0.id_centro,
        u1_0.email,
        u1_0.nombre,
        u1_0.password_hash,
        u1_0.rol 
    from
        usuarios u1_0 
    where
        u1_0.email=?
2026-05-12T00:28:59.619+02:00 DEBUG 17288 --- [EduRoom] [http-nio-8080-exec-2] o.s.web.servlet.DispatcherServlet        : Completed 200 OK
2026-05-12T00:28:59.620+02:00 DEBUG 17288 --- [EduRoom] [http-nio-8080-exec-1] o.s.web.servlet.DispatcherServlet        : Completed 200 OK
2026-05-12T00:28:59.631+02:00 DEBUG 17288 --- [EduRoom] [http-nio-8080-exec-9] o.s.security.web.FilterChainProxy        : Secured GET /api/eventos/centro/2
2026-05-12T00:28:59.632+02:00 DEBUG 17288 --- [EduRoom] [http-nio-8080-exec-9] o.s.web.servlet.DispatcherServlet        : GET "/api/eventos/centro/2", parameters={}
2026-05-12T00:28:59.633+02:00 DEBUG 17288 --- [EduRoom] [http-nio-8080-exec-9] s.w.s.m.m.a.RequestMappingHandlerMapping : Mapped to com.eduroom.backend.controller.EventoController#getEventosByCentro(Long)
2026-05-12T00:28:59.634+02:00 DEBUG 17288 --- [EduRoom] [http-nio-8080-exec-4] o.s.security.web.FilterChainProxy        : Securing GET /api/aulas/centro/2
2026-05-12T00:28:59.634+02:00 DEBUG 17288 --- [EduRoom] [http-nio-8080-exec-3] o.s.security.web.FilterChainProxy        : Securing GET /api/centros/2
2026-05-12T00:28:59.635+02:00 DEBUG 17288 --- [EduRoom] [http-nio-8080-exec-9] org.hibernate.SQL                        : 
    select
        e1_0.id,
        e1_0.id_creador,
        e1_0.descripcion,
        e1_0.fecha,
        e1_0.hora_fin,
        e1_0.hora_inicio,
        e1_0.lugar,
        e1_0.qr_expiracion,
        e1_0.qr_token,
        e1_0.titulo 
    from
        eventos e1_0 
    left join
        usuarios c1_0 
            on c1_0.id=e1_0.id_creador 
    where
        c1_0.id_centro=?
2026-05-12T00:28:59.637+02:00 DEBUG 17288 --- [EduRoom] [http-nio-8080-exec-9] o.s.w.s.m.m.a.HttpEntityMethodProcessor  : Using 'application/json', given [application/json, text/plain, */*] and supported [application/json, application/*+json]
2026-05-12T00:28:59.637+02:00 DEBUG 17288 --- [EduRoom] [http-nio-8080-exec-9] o.s.w.s.m.m.a.HttpEntityMethodProcessor  : Writing [[]]
2026-05-12T00:28:59.637+02:00 DEBUG 17288 --- [EduRoom] [http-nio-8080-exec-9] o.s.web.servlet.DispatcherServlet        : Completed 200 OK
2026-05-12T00:28:59.638+02:00 DEBUG 17288 --- [EduRoom] [http-nio-8080-exec-4] org.hibernate.SQL                        : 
    select
        u1_0.id,
        u1_0.id_centro,
        u1_0.email,
        u1_0.nombre,
        u1_0.password_hash,
        u1_0.rol 
    from
        usuarios u1_0 
    where
        u1_0.email=?
2026-05-12T00:28:59.638+02:00 DEBUG 17288 --- [EduRoom] [http-nio-8080-exec-3] org.hibernate.SQL                        : 
    select
        u1_0.id,
        u1_0.id_centro,
        u1_0.email,
        u1_0.nombre,
        u1_0.password_hash,
        u1_0.rol 
    from
        usuarios u1_0 
    where
        u1_0.email=?
2026-05-12T00:28:59.644+02:00 DEBUG 17288 --- [EduRoom] [http-nio-8080-exec-3] o.s.security.web.FilterChainProxy        : Secured GET /api/centros/2
2026-05-12T00:28:59.644+02:00 DEBUG 17288 --- [EduRoom] [http-nio-8080-exec-4] o.s.security.web.FilterChainProxy        : Secured GET /api/aulas/centro/2
2026-05-12T00:28:59.644+02:00 DEBUG 17288 --- [EduRoom] [http-nio-8080-exec-4] o.s.web.servlet.DispatcherServlet        : GET "/api/aulas/centro/2", parameters={}
2026-05-12T00:28:59.644+02:00 DEBUG 17288 --- [EduRoom] [http-nio-8080-exec-3] o.s.web.servlet.DispatcherServlet        : GET "/api/centros/2", parameters={}
2026-05-12T00:28:59.645+02:00 DEBUG 17288 --- [EduRoom] [http-nio-8080-exec-4] s.w.s.m.m.a.RequestMappingHandlerMapping : Mapped to com.eduroom.backend.controller.AulaController#getAulasByCentro(Long)
2026-05-12T00:28:59.645+02:00 DEBUG 17288 --- [EduRoom] [http-nio-8080-exec-3] s.w.s.m.m.a.RequestMappingHandlerMapping : Mapped to com.eduroom.backend.controller.CentroController#getCentroById(Long)
2026-05-12T00:28:59.647+02:00 DEBUG 17288 --- [EduRoom] [http-nio-8080-exec-4] org.hibernate.SQL                        : 
    select
        c1_0.id,
        c1_0.horario_fin,
        c1_0.horario_inicio,
        c1_0.nombre 
    from
        centros c1_0 
    where
        c1_0.id=?
2026-05-12T00:28:59.647+02:00 DEBUG 17288 --- [EduRoom] [http-nio-8080-exec-3] org.hibernate.SQL                        : 
    select
        c1_0.id,
        c1_0.horario_fin,
        c1_0.horario_inicio,
        c1_0.nombre 
    from
        centros c1_0 
    where
        c1_0.id=?
2026-05-12T00:28:59.650+02:00 DEBUG 17288 --- [EduRoom] [http-nio-8080-exec-3] o.s.w.s.m.m.a.HttpEntityMethodProcessor  : Using 'application/json', given [application/json, text/plain, */*] and supported [application/json, application/*+json]
2026-05-12T00:28:59.650+02:00 DEBUG 17288 --- [EduRoom] [http-nio-8080-exec-3] o.s.w.s.m.m.a.HttpEntityMethodProcessor  : Writing [com.eduroom.backend.model.Centro@6cc1a253]
2026-05-12T00:28:59.650+02:00 DEBUG 17288 --- [EduRoom] [http-nio-8080-exec-4] org.hibernate.SQL                        : 
    select
        a1_0.id,
        a1_0.capacidad,
        a1_0.id_centro,
        a1_0.nombre 
    from
        aulas a1_0 
    where
        a1_0.id_centro=?
2026-05-12T00:28:59.652+02:00 DEBUG 17288 --- [EduRoom] [http-nio-8080-exec-3] org.hibernate.SQL                        : 
    select
        u1_0.id_centro,
        u1_0.id,
        u1_0.email,
        u1_0.nombre,
        u1_0.password_hash,
        u1_0.rol 
    from
        usuarios u1_0 
    where
        u1_0.id_centro=?
2026-05-12T00:28:59.652+02:00 DEBUG 17288 --- [EduRoom] [http-nio-8080-exec-4] o.s.w.s.m.m.a.HttpEntityMethodProcessor  : Using 'application/json', given [application/json, text/plain, */*] and supported [application/json, application/*+json]
2026-05-12T00:28:59.652+02:00 DEBUG 17288 --- [EduRoom] [http-nio-8080-exec-4] o.s.w.s.m.m.a.HttpEntityMethodProcessor  : Writing [[]]
2026-05-12T00:28:59.653+02:00 DEBUG 17288 --- [EduRoom] [http-nio-8080-exec-3] org.hibernate.SQL                        : 
    select
        a1_0.id_centro,
        a1_0.id,
        a1_0.capacidad,
        a1_0.nombre 
    from
        aulas a1_0 
    where
        a1_0.id_centro=?
2026-05-12T00:28:59.654+02:00 DEBUG 17288 --- [EduRoom] [http-nio-8080-exec-4] o.s.web.servlet.DispatcherServlet        : Completed 200 OK
2026-05-12T00:28:59.655+02:00 DEBUG 17288 --- [EduRoom] [http-nio-8080-exec-3] o.s.web.servlet.DispatcherServlet        : Completed 200 OK
2026-05-12T00:29:15.457+02:00 DEBUG 17288 --- [EduRoom] [http-nio-8080-exec-5] o.s.security.web.FilterChainProxy        : Securing POST /api/centros/2/profesores
2026-05-12T00:29:15.461+02:00 DEBUG 17288 --- [EduRoom] [http-nio-8080-exec-5] org.hibernate.SQL                        : 
    select
        u1_0.id,
        u1_0.id_centro,
        u1_0.email,
        u1_0.nombre,
        u1_0.password_hash,
        u1_0.rol 
    from
        usuarios u1_0 
    where
        u1_0.email=?
2026-05-12T00:29:15.465+02:00 DEBUG 17288 --- [EduRoom] [http-nio-8080-exec-5] o.s.security.web.FilterChainProxy        : Secured POST /api/centros/2/profesores
2026-05-12T00:29:15.466+02:00 DEBUG 17288 --- [EduRoom] [http-nio-8080-exec-5] o.s.web.servlet.DispatcherServlet        : POST "/api/centros/2/profesores", parameters={}
2026-05-12T00:29:15.466+02:00 DEBUG 17288 --- [EduRoom] [http-nio-8080-exec-5] s.w.s.m.m.a.RequestMappingHandlerMapping : Mapped to com.eduroom.backend.controller.CentroController#crearProfesor(Long, CrearProfesorRequest)
2026-05-12T00:29:15.469+02:00 DEBUG 17288 --- [EduRoom] [http-nio-8080-exec-5] m.m.a.RequestResponseBodyMethodProcessor : Read "application/json;charset=UTF-8" to [com.eduroom.backend.dto.CrearProfesorRequest@e3bf48a]
2026-05-12T00:29:15.477+02:00 DEBUG 17288 --- [EduRoom] [http-nio-8080-exec-5] org.hibernate.SQL                        : 
    select
        c1_0.id,
        c1_0.horario_fin,
        c1_0.horario_inicio,
        c1_0.nombre 
    from
        centros c1_0 
    where
        c1_0.id=?
2026-05-12T00:29:15.486+02:00 DEBUG 17288 --- [EduRoom] [http-nio-8080-exec-5] org.hibernate.SQL                        : 
    select
        u1_0.id 
    from
        usuarios u1_0 
    where
        u1_0.email=? 
    limit
        ?
2026-05-12T00:29:15.557+02:00 DEBUG 17288 --- [EduRoom] [http-nio-8080-exec-5] org.hibernate.SQL                        : 
    insert 
    into
        usuarios
        (id_centro, email, nombre, password_hash, rol) 
    values
        (?, ?, ?, ?, ?)
2026-05-12T00:29:15.564+02:00 DEBUG 17288 --- [EduRoom] [http-nio-8080-exec-5] o.s.w.s.m.m.a.HttpEntityMethodProcessor  : Using 'application/json', given [application/json, text/plain, */*] and supported [application/json, application/*+json]
2026-05-12T00:29:15.564+02:00 DEBUG 17288 --- [EduRoom] [http-nio-8080-exec-5] o.s.w.s.m.m.a.HttpEntityMethodProcessor  : Writing [com.eduroom.backend.model.Usuario@58bad083]
2026-05-12T00:29:15.565+02:00 DEBUG 17288 --- [EduRoom] [http-nio-8080-exec-5] o.s.web.servlet.DispatcherServlet        : Completed 201 CREATED
2026-05-12T00:29:17.131+02:00 DEBUG 17288 --- [EduRoom] [http-nio-8080-exec-6] o.s.security.web.FilterChainProxy        : Securing GET /api/eventos/centro/2
2026-05-12T00:29:17.133+02:00 DEBUG 17288 --- [EduRoom] [http-nio-8080-exec-8] o.s.security.web.FilterChainProxy        : Securing GET /api/centros/2
2026-05-12T00:29:17.136+02:00 DEBUG 17288 --- [EduRoom] [http-nio-8080-exec-6] org.hibernate.SQL                        : 
    select
        u1_0.id,
        u1_0.id_centro,
        u1_0.email,
        u1_0.nombre,
        u1_0.password_hash,
        u1_0.rol 
    from
        usuarios u1_0 
    where
        u1_0.email=?
2026-05-12T00:29:17.136+02:00 DEBUG 17288 --- [EduRoom] [http-nio-8080-exec-10] o.s.security.web.FilterChainProxy        : Securing GET /api/aulas/centro/2
2026-05-12T00:29:17.136+02:00 DEBUG 17288 --- [EduRoom] [http-nio-8080-exec-8] org.hibernate.SQL                        : 
    select
        u1_0.id,
        u1_0.id_centro,
        u1_0.email,
        u1_0.nombre,
        u1_0.password_hash,
        u1_0.rol 
    from
        usuarios u1_0 
    where
        u1_0.email=?
2026-05-12T00:29:17.144+02:00 DEBUG 17288 --- [EduRoom] [http-nio-8080-exec-10] org.hibernate.SQL                        : 
    select
        u1_0.id,
        u1_0.id_centro,
        u1_0.email,
        u1_0.nombre,
        u1_0.password_hash,
        u1_0.rol 
    from
        usuarios u1_0 
    where
        u1_0.email=?
2026-05-12T00:29:17.146+02:00 DEBUG 17288 --- [EduRoom] [http-nio-8080-exec-6] o.s.security.web.FilterChainProxy        : Secured GET /api/eventos/centro/2
2026-05-12T00:29:17.146+02:00 DEBUG 17288 --- [EduRoom] [http-nio-8080-exec-8] o.s.security.web.FilterChainProxy        : Secured GET /api/centros/2
2026-05-12T00:29:17.147+02:00 DEBUG 17288 --- [EduRoom] [http-nio-8080-exec-6] o.s.web.servlet.DispatcherServlet        : GET "/api/eventos/centro/2", parameters={}
2026-05-12T00:29:17.147+02:00 DEBUG 17288 --- [EduRoom] [http-nio-8080-exec-8] o.s.web.servlet.DispatcherServlet        : GET "/api/centros/2", parameters={}
2026-05-12T00:29:17.147+02:00 DEBUG 17288 --- [EduRoom] [http-nio-8080-exec-8] s.w.s.m.m.a.RequestMappingHandlerMapping : Mapped to com.eduroom.backend.controller.CentroController#getCentroById(Long)
2026-05-12T00:29:17.147+02:00 DEBUG 17288 --- [EduRoom] [http-nio-8080-exec-6] s.w.s.m.m.a.RequestMappingHandlerMapping : Mapped to com.eduroom.backend.controller.EventoController#getEventosByCentro(Long)
2026-05-12T00:29:17.148+02:00 DEBUG 17288 --- [EduRoom] [http-nio-8080-exec-8] org.hibernate.SQL                        : 
    select
        c1_0.id,
        c1_0.horario_fin,
        c1_0.horario_inicio,
        c1_0.nombre 
    from
        centros c1_0 
    where
        c1_0.id=?
2026-05-12T00:29:17.149+02:00 DEBUG 17288 --- [EduRoom] [http-nio-8080-exec-6] org.hibernate.SQL                        : 
    select
        e1_0.id,
        e1_0.id_creador,
        e1_0.descripcion,
        e1_0.fecha,
        e1_0.hora_fin,
        e1_0.hora_inicio,
        e1_0.lugar,
        e1_0.qr_expiracion,
        e1_0.qr_token,
        e1_0.titulo 
    from
        eventos e1_0 
    left join
        usuarios c1_0 
            on c1_0.id=e1_0.id_creador 
    where
        c1_0.id_centro=?
2026-05-12T00:29:17.150+02:00 DEBUG 17288 --- [EduRoom] [http-nio-8080-exec-10] o.s.security.web.FilterChainProxy        : Secured GET /api/aulas/centro/2
2026-05-12T00:29:17.150+02:00 DEBUG 17288 --- [EduRoom] [http-nio-8080-exec-10] o.s.web.servlet.DispatcherServlet        : GET "/api/aulas/centro/2", parameters={}
2026-05-12T00:29:17.150+02:00 DEBUG 17288 --- [EduRoom] [http-nio-8080-exec-10] s.w.s.m.m.a.RequestMappingHandlerMapping : Mapped to com.eduroom.backend.controller.AulaController#getAulasByCentro(Long)
2026-05-12T00:29:17.152+02:00 DEBUG 17288 --- [EduRoom] [http-nio-8080-exec-8] o.s.w.s.m.m.a.HttpEntityMethodProcessor  : Using 'application/json', given [application/json, text/plain, */*] and supported [application/json, application/*+json]
2026-05-12T00:29:17.153+02:00 DEBUG 17288 --- [EduRoom] [http-nio-8080-exec-8] o.s.w.s.m.m.a.HttpEntityMethodProcessor  : Writing [com.eduroom.backend.model.Centro@2fe399f9]
2026-05-12T00:29:17.154+02:00 DEBUG 17288 --- [EduRoom] [http-nio-8080-exec-6] o.s.w.s.m.m.a.HttpEntityMethodProcessor  : Using 'application/json', given [application/json, text/plain, */*] and supported [application/json, application/*+json]
2026-05-12T00:29:17.154+02:00 DEBUG 17288 --- [EduRoom] [http-nio-8080-exec-6] o.s.w.s.m.m.a.HttpEntityMethodProcessor  : Writing [[]]
2026-05-12T00:29:17.154+02:00 DEBUG 17288 --- [EduRoom] [http-nio-8080-exec-8] org.hibernate.SQL                        : 
    select
        u1_0.id_centro,
        u1_0.id,
        u1_0.email,
        u1_0.nombre,
        u1_0.password_hash,
        u1_0.rol 
    from
        usuarios u1_0 
    where
        u1_0.id_centro=?
2026-05-12T00:29:17.155+02:00 DEBUG 17288 --- [EduRoom] [http-nio-8080-exec-10] org.hibernate.SQL                        : 
    select
        c1_0.id,
        c1_0.horario_fin,
        c1_0.horario_inicio,
        c1_0.nombre 
    from
        centros c1_0 
    where
        c1_0.id=?
2026-05-12T00:29:17.155+02:00 DEBUG 17288 --- [EduRoom] [http-nio-8080-exec-6] o.s.web.servlet.DispatcherServlet        : Completed 200 OK
2026-05-12T00:29:17.160+02:00 DEBUG 17288 --- [EduRoom] [http-nio-8080-exec-8] org.hibernate.SQL                        : 
    select
        a1_0.id_centro,
        a1_0.id,
        a1_0.capacidad,
        a1_0.nombre 
    from
        aulas a1_0 
    where
        a1_0.id_centro=?
2026-05-12T00:29:17.163+02:00 DEBUG 17288 --- [EduRoom] [http-nio-8080-exec-7] o.s.security.web.FilterChainProxy        : Securing GET /api/eventos/centro/2
2026-05-12T00:29:17.165+02:00 DEBUG 17288 --- [EduRoom] [http-nio-8080-exec-8] o.s.web.servlet.DispatcherServlet        : Completed 200 OK
2026-05-12T00:29:17.167+02:00 DEBUG 17288 --- [EduRoom] [http-nio-8080-exec-10] org.hibernate.SQL                        : 
    select
        a1_0.id,
        a1_0.capacidad,
        a1_0.id_centro,
        a1_0.nombre 
    from
        aulas a1_0 
    where
        a1_0.id_centro=?
2026-05-12T00:29:17.168+02:00 DEBUG 17288 --- [EduRoom] [http-nio-8080-exec-7] org.hibernate.SQL                        : 
    select
        u1_0.id,
        u1_0.id_centro,
        u1_0.email,
        u1_0.nombre,
        u1_0.password_hash,
        u1_0.rol 
    from
        usuarios u1_0 
    where
        u1_0.email=?
2026-05-12T00:29:17.170+02:00 DEBUG 17288 --- [EduRoom] [http-nio-8080-exec-10] o.s.w.s.m.m.a.HttpEntityMethodProcessor  : Using 'application/json', given [application/json, text/plain, */*] and supported [application/json, application/*+json]
2026-05-12T00:29:17.170+02:00 DEBUG 17288 --- [EduRoom] [http-nio-8080-exec-10] o.s.w.s.m.m.a.HttpEntityMethodProcessor  : Writing [[]]
2026-05-12T00:29:17.173+02:00 DEBUG 17288 --- [EduRoom] [http-nio-8080-exec-10] o.s.web.servlet.DispatcherServlet        : Completed 200 OK
2026-05-12T00:29:17.177+02:00 DEBUG 17288 --- [EduRoom] [http-nio-8080-exec-7] o.s.security.web.FilterChainProxy        : Secured GET /api/eventos/centro/2
2026-05-12T00:29:17.177+02:00 DEBUG 17288 --- [EduRoom] [http-nio-8080-exec-7] o.s.web.servlet.DispatcherServlet        : GET "/api/eventos/centro/2", parameters={}
2026-05-12T00:29:17.178+02:00 DEBUG 17288 --- [EduRoom] [http-nio-8080-exec-7] s.w.s.m.m.a.RequestMappingHandlerMapping : Mapped to com.eduroom.backend.controller.EventoController#getEventosByCentro(Long)
2026-05-12T00:29:17.182+02:00 DEBUG 17288 --- [EduRoom] [http-nio-8080-exec-7] org.hibernate.SQL                        : 
    select
        e1_0.id,
        e1_0.id_creador,
        e1_0.descripcion,
        e1_0.fecha,
        e1_0.hora_fin,
        e1_0.hora_inicio,
        e1_0.lugar,
        e1_0.qr_expiracion,
        e1_0.qr_token,
        e1_0.titulo 
    from
        eventos e1_0 
    left join
        usuarios c1_0 
            on c1_0.id=e1_0.id_creador 
    where
        c1_0.id_centro=?
2026-05-12T00:29:17.182+02:00 DEBUG 17288 --- [EduRoom] [http-nio-8080-exec-2] o.s.security.web.FilterChainProxy        : Securing GET /api/centros/2
2026-05-12T00:29:17.185+02:00 DEBUG 17288 --- [EduRoom] [http-nio-8080-exec-7] o.s.w.s.m.m.a.HttpEntityMethodProcessor  : Using 'application/json', given [application/json, text/plain, */*] and supported [application/json, application/*+json]
2026-05-12T00:29:17.185+02:00 DEBUG 17288 --- [EduRoom] [http-nio-8080-exec-7] o.s.w.s.m.m.a.HttpEntityMethodProcessor  : Writing [[]]
2026-05-12T00:29:17.186+02:00 DEBUG 17288 --- [EduRoom] [http-nio-8080-exec-7] o.s.web.servlet.DispatcherServlet        : Completed 200 OK
2026-05-12T00:29:17.187+02:00 DEBUG 17288 --- [EduRoom] [http-nio-8080-exec-2] org.hibernate.SQL                        : 
    select
        u1_0.id,
        u1_0.id_centro,
        u1_0.email,
        u1_0.nombre,
        u1_0.password_hash,
        u1_0.rol 
    from
        usuarios u1_0 
    where
        u1_0.email=?
2026-05-12T00:29:17.188+02:00 DEBUG 17288 --- [EduRoom] [http-nio-8080-exec-1] o.s.security.web.FilterChainProxy        : Securing GET /api/aulas/centro/2
2026-05-12T00:29:17.195+02:00 DEBUG 17288 --- [EduRoom] [http-nio-8080-exec-1] org.hibernate.SQL                        : 
    select
        u1_0.id,
        u1_0.id_centro,
        u1_0.email,
        u1_0.nombre,
        u1_0.password_hash,
        u1_0.rol 
    from
        usuarios u1_0 
    where
        u1_0.email=?
2026-05-12T00:29:17.197+02:00 DEBUG 17288 --- [EduRoom] [http-nio-8080-exec-2] o.s.security.web.FilterChainProxy        : Secured GET /api/centros/2
2026-05-12T00:29:17.197+02:00 DEBUG 17288 --- [EduRoom] [http-nio-8080-exec-2] o.s.web.servlet.DispatcherServlet        : GET "/api/centros/2", parameters={}
2026-05-12T00:29:17.198+02:00 DEBUG 17288 --- [EduRoom] [http-nio-8080-exec-2] s.w.s.m.m.a.RequestMappingHandlerMapping : Mapped to com.eduroom.backend.controller.CentroController#getCentroById(Long)
2026-05-12T00:29:17.200+02:00 DEBUG 17288 --- [EduRoom] [http-nio-8080-exec-2] org.hibernate.SQL                        : 
    select
        c1_0.id,
        c1_0.horario_fin,
        c1_0.horario_inicio,
        c1_0.nombre 
    from
        centros c1_0 
    where
        c1_0.id=?
2026-05-12T00:29:17.203+02:00 DEBUG 17288 --- [EduRoom] [http-nio-8080-exec-1] o.s.security.web.FilterChainProxy        : Secured GET /api/aulas/centro/2
2026-05-12T00:29:17.204+02:00 DEBUG 17288 --- [EduRoom] [http-nio-8080-exec-1] o.s.web.servlet.DispatcherServlet        : GET "/api/aulas/centro/2", parameters={}
2026-05-12T00:29:17.204+02:00 DEBUG 17288 --- [EduRoom] [http-nio-8080-exec-2] o.s.w.s.m.m.a.HttpEntityMethodProcessor  : Using 'application/json', given [application/json, text/plain, */*] and supported [application/json, application/*+json]
2026-05-12T00:29:17.204+02:00 DEBUG 17288 --- [EduRoom] [http-nio-8080-exec-1] s.w.s.m.m.a.RequestMappingHandlerMapping : Mapped to com.eduroom.backend.controller.AulaController#getAulasByCentro(Long)
2026-05-12T00:29:17.204+02:00 DEBUG 17288 --- [EduRoom] [http-nio-8080-exec-2] o.s.w.s.m.m.a.HttpEntityMethodProcessor  : Writing [com.eduroom.backend.model.Centro@4cba7a4f]
2026-05-12T00:29:17.205+02:00 DEBUG 17288 --- [EduRoom] [http-nio-8080-exec-2] org.hibernate.SQL                        : 
    select
        u1_0.id_centro,
        u1_0.id,
        u1_0.email,
        u1_0.nombre,
        u1_0.password_hash,
        u1_0.rol 
    from
        usuarios u1_0 
    where
        u1_0.id_centro=?
2026-05-12T00:29:17.205+02:00 DEBUG 17288 --- [EduRoom] [http-nio-8080-exec-1] org.hibernate.SQL                        : 
    select
        c1_0.id,
        c1_0.horario_fin,
        c1_0.horario_inicio,
        c1_0.nombre 
    from
        centros c1_0 
    where
        c1_0.id=?
2026-05-12T00:29:17.207+02:00 DEBUG 17288 --- [EduRoom] [http-nio-8080-exec-2] org.hibernate.SQL                        : 
    select
        a1_0.id_centro,
        a1_0.id,
        a1_0.capacidad,
        a1_0.nombre 
    from
        aulas a1_0 
    where
        a1_0.id_centro=?
2026-05-12T00:29:17.211+02:00 DEBUG 17288 --- [EduRoom] [http-nio-8080-exec-2] o.s.web.servlet.DispatcherServlet        : Completed 200 OK
2026-05-12T00:29:17.211+02:00 DEBUG 17288 --- [EduRoom] [http-nio-8080-exec-1] org.hibernate.SQL                        : 
    select
        a1_0.id,
        a1_0.capacidad,
        a1_0.id_centro,
        a1_0.nombre 
    from
        aulas a1_0 
    where
        a1_0.id_centro=?
2026-05-12T00:29:17.217+02:00 DEBUG 17288 --- [EduRoom] [http-nio-8080-exec-1] o.s.w.s.m.m.a.HttpEntityMethodProcessor  : Using 'application/json', given [application/json, text/plain, */*] and supported [application/json, application/*+json]
2026-05-12T00:29:17.217+02:00 DEBUG 17288 --- [EduRoom] [http-nio-8080-exec-1] o.s.w.s.m.m.a.HttpEntityMethodProcessor  : Writing [[]]
2026-05-12T00:29:17.219+02:00 DEBUG 17288 --- [EduRoom] [http-nio-8080-exec-1] o.s.web.servlet.DispatcherServlet        : Completed 200 OK
2026-05-12T00:29:29.551+02:00 DEBUG 17288 --- [EduRoom] [http-nio-8080-exec-9] o.s.security.web.FilterChainProxy        : Securing POST /api/auth/login
2026-05-12T00:29:29.552+02:00 DEBUG 17288 --- [EduRoom] [http-nio-8080-exec-9] o.s.s.w.a.AnonymousAuthenticationFilter  : Set SecurityContextHolder to anonymous SecurityContext
2026-05-12T00:29:29.552+02:00 DEBUG 17288 --- [EduRoom] [http-nio-8080-exec-9] o.s.security.web.FilterChainProxy        : Secured POST /api/auth/login
2026-05-12T00:29:29.552+02:00 DEBUG 17288 --- [EduRoom] [http-nio-8080-exec-9] o.s.web.servlet.DispatcherServlet        : POST "/api/auth/login", parameters={}
2026-05-12T00:29:29.552+02:00 DEBUG 17288 --- [EduRoom] [http-nio-8080-exec-9] s.w.s.m.m.a.RequestMappingHandlerMapping : Mapped to com.eduroom.backend.controller.AuthController#login(LoginRequest)
2026-05-12T00:29:29.554+02:00 DEBUG 17288 --- [EduRoom] [http-nio-8080-exec-9] m.m.a.RequestResponseBodyMethodProcessor : Read "application/json;charset=UTF-8" to [LoginRequest(email=johndoe@eduroom.com, password=johndoe123)]
2026-05-12T00:29:29.556+02:00 DEBUG 17288 --- [EduRoom] [http-nio-8080-exec-9] org.hibernate.SQL                        : 
    select
        u1_0.id,
        u1_0.id_centro,
        u1_0.email,
        u1_0.nombre,
        u1_0.password_hash,
        u1_0.rol 
    from
        usuarios u1_0 
    where
        u1_0.email=?
2026-05-12T00:29:29.559+02:00 DEBUG 17288 --- [EduRoom] [http-nio-8080-exec-9] o.s.w.s.m.m.a.HttpEntityMethodProcessor  : Using 'application/json', given [application/json, text/plain, */*] and supported [application/json, application/*+json]
2026-05-12T00:29:29.559+02:00 DEBUG 17288 --- [EduRoom] [http-nio-8080-exec-9] o.s.w.s.m.m.a.HttpEntityMethodProcessor  : Writing [com.eduroom.backend.controller.AuthController$ErrorResponse@7608447f]
2026-05-12T00:29:29.561+02:00 DEBUG 17288 --- [EduRoom] [http-nio-8080-exec-9] o.s.web.servlet.DispatcherServlet        : Completed 401 UNAUTHORIZED
2026-05-12T00:29:52.629+02:00 DEBUG 17288 --- [EduRoom] [http-nio-8080-exec-4] o.s.security.web.FilterChainProxy        : Securing POST /api/auth/login
2026-05-12T00:29:52.629+02:00 DEBUG 17288 --- [EduRoom] [http-nio-8080-exec-4] o.s.s.w.a.AnonymousAuthenticationFilter  : Set SecurityContextHolder to anonymous SecurityContext
2026-05-12T00:29:52.631+02:00 DEBUG 17288 --- [EduRoom] [http-nio-8080-exec-4] o.s.security.web.FilterChainProxy        : Secured POST /api/auth/login
2026-05-12T00:29:52.631+02:00 DEBUG 17288 --- [EduRoom] [http-nio-8080-exec-4] o.s.web.servlet.DispatcherServlet        : POST "/api/auth/login", parameters={}
2026-05-12T00:29:52.631+02:00 DEBUG 17288 --- [EduRoom] [http-nio-8080-exec-4] s.w.s.m.m.a.RequestMappingHandlerMapping : Mapped to com.eduroom.backend.controller.AuthController#login(LoginRequest)
2026-05-12T00:29:52.632+02:00 DEBUG 17288 --- [EduRoom] [http-nio-8080-exec-4] m.m.a.RequestResponseBodyMethodProcessor : Read "application/json;charset=UTF-8" to [LoginRequest(email=johndoe@eduroom.es, password=johndoe123)]
2026-05-12T00:29:52.632+02:00 DEBUG 17288 --- [EduRoom] [http-nio-8080-exec-4] org.hibernate.SQL                        : 
    select
        u1_0.id,
        u1_0.id_centro,
        u1_0.email,
        u1_0.nombre,
        u1_0.password_hash,
        u1_0.rol 
    from
        usuarios u1_0 
    where
        u1_0.email=?
2026-05-12T00:29:52.699+02:00 DEBUG 17288 --- [EduRoom] [http-nio-8080-exec-4] o.s.w.s.m.m.a.HttpEntityMethodProcessor  : Using 'application/json', given [application/json, text/plain, */*] and supported [application/json, application/*+json]
2026-05-12T00:29:52.699+02:00 DEBUG 17288 --- [EduRoom] [http-nio-8080-exec-4] o.s.w.s.m.m.a.HttpEntityMethodProcessor  : Writing [LoginResponse(token=eyJhbGciOiJIUzI1NiJ9.eyJ1c2VySWQiOjgsInN1YiI6ImpvaG5kb2VAZWR1cm9vbS5lcyIsImlhdCI (truncated)...]
2026-05-12T00:29:52.700+02:00 DEBUG 17288 --- [EduRoom] [http-nio-8080-exec-4] org.hibernate.SQL                        : 
    select
        c1_0.id,
        c1_0.horario_fin,
        c1_0.horario_inicio,
        c1_0.nombre 
    from
        centros c1_0 
    where
        c1_0.id=?
2026-05-12T00:29:52.702+02:00 DEBUG 17288 --- [EduRoom] [http-nio-8080-exec-4] o.s.web.servlet.DispatcherServlet        : Completed 200 OK
2026-05-12T00:29:52.742+02:00 DEBUG 17288 --- [EduRoom] [http-nio-8080-exec-3] o.s.security.web.FilterChainProxy        : Securing GET /api/centros
2026-05-12T00:29:52.747+02:00 DEBUG 17288 --- [EduRoom] [http-nio-8080-exec-3] org.hibernate.SQL                        : 
    select
        u1_0.id,
        u1_0.id_centro,
        u1_0.email,
        u1_0.nombre,
        u1_0.password_hash,
        u1_0.rol 
    from
        usuarios u1_0 
    where
        u1_0.email=?
2026-05-12T00:29:52.753+02:00 DEBUG 17288 --- [EduRoom] [http-nio-8080-exec-3] o.s.security.web.FilterChainProxy        : Secured GET /api/centros
2026-05-12T00:29:52.753+02:00 DEBUG 17288 --- [EduRoom] [http-nio-8080-exec-3] o.s.web.servlet.DispatcherServlet        : GET "/api/centros", parameters={}
2026-05-12T00:29:52.753+02:00 DEBUG 17288 --- [EduRoom] [http-nio-8080-exec-3] s.w.s.m.m.a.RequestMappingHandlerMapping : Mapped to com.eduroom.backend.controller.CentroController#getCentros(String)
2026-05-12T00:29:52.757+02:00 DEBUG 17288 --- [EduRoom] [http-nio-8080-exec-3] org.hibernate.SQL                        : 
    select
        u1_0.id,
        u1_0.id_centro,
        u1_0.email,
        u1_0.nombre,
        u1_0.password_hash,
        u1_0.rol 
    from
        usuarios u1_0 
    where
        u1_0.email=?
2026-05-12T00:29:52.759+02:00 DEBUG 17288 --- [EduRoom] [http-nio-8080-exec-3] o.s.w.s.m.m.a.HttpEntityMethodProcessor  : Using 'application/json', given [application/json, text/plain, */*] and supported [application/json, application/*+json]
2026-05-12T00:29:52.759+02:00 DEBUG 17288 --- [EduRoom] [http-nio-8080-exec-3] org.hibernate.SQL                        : 
    select
        c1_0.id,
        c1_0.horario_fin,
        c1_0.horario_inicio,
        c1_0.nombre 
    from
        centros c1_0 
    where
        c1_0.id=?
2026-05-12T00:29:52.760+02:00 DEBUG 17288 --- [EduRoom] [http-nio-8080-exec-3] o.s.w.s.m.m.a.HttpEntityMethodProcessor  : Writing [[com.eduroom.backend.model.Centro@24d8a824]]
2026-05-12T00:29:52.763+02:00 DEBUG 17288 --- [EduRoom] [http-nio-8080-exec-3] org.hibernate.SQL                        : 
    select
        u1_0.id_centro,
        u1_0.id,
        u1_0.email,
        u1_0.nombre,
        u1_0.password_hash,
        u1_0.rol 
    from
        usuarios u1_0 
    where
        u1_0.id_centro=?
2026-05-12T00:29:52.765+02:00 DEBUG 17288 --- [EduRoom] [http-nio-8080-exec-3] org.hibernate.SQL                        : 
    select
        a1_0.id_centro,
        a1_0.id,
        a1_0.capacidad,
        a1_0.nombre 
    from
        aulas a1_0 
    where
        a1_0.id_centro=?
2026-05-12T00:29:52.767+02:00 DEBUG 17288 --- [EduRoom] [http-nio-8080-exec-3] o.s.web.servlet.DispatcherServlet        : Completed 200 OK
2026-05-12T00:29:52.778+02:00 DEBUG 17288 --- [EduRoom] [http-nio-8080-exec-5] o.s.security.web.FilterChainProxy        : Securing GET /api/centros
2026-05-12T00:29:52.781+02:00 DEBUG 17288 --- [EduRoom] [http-nio-8080-exec-5] org.hibernate.SQL                        : 
    select
        u1_0.id,
        u1_0.id_centro,
        u1_0.email,
        u1_0.nombre,
        u1_0.password_hash,
        u1_0.rol 
    from
        usuarios u1_0 
    where
        u1_0.email=?
2026-05-12T00:29:52.785+02:00 DEBUG 17288 --- [EduRoom] [http-nio-8080-exec-5] o.s.security.web.FilterChainProxy        : Secured GET /api/centros
2026-05-12T00:29:52.786+02:00 DEBUG 17288 --- [EduRoom] [http-nio-8080-exec-5] o.s.web.servlet.DispatcherServlet        : GET "/api/centros", parameters={}
2026-05-12T00:29:52.786+02:00 DEBUG 17288 --- [EduRoom] [http-nio-8080-exec-5] s.w.s.m.m.a.RequestMappingHandlerMapping : Mapped to com.eduroom.backend.controller.CentroController#getCentros(String)
2026-05-12T00:29:52.790+02:00 DEBUG 17288 --- [EduRoom] [http-nio-8080-exec-5] org.hibernate.SQL                        : 
    select
        u1_0.id,
        u1_0.id_centro,
        u1_0.email,
        u1_0.nombre,
        u1_0.password_hash,
        u1_0.rol 
    from
        usuarios u1_0 
    where
        u1_0.email=?
2026-05-12T00:29:52.793+02:00 DEBUG 17288 --- [EduRoom] [http-nio-8080-exec-5] o.s.w.s.m.m.a.HttpEntityMethodProcessor  : Using 'application/json', given [application/json, text/plain, */*] and supported [application/json, application/*+json]
2026-05-12T00:29:52.794+02:00 DEBUG 17288 --- [EduRoom] [http-nio-8080-exec-5] org.hibernate.SQL                        : 
    select
        c1_0.id,
        c1_0.horario_fin,
        c1_0.horario_inicio,
        c1_0.nombre 
    from
        centros c1_0 
    where
        c1_0.id=?
2026-05-12T00:29:52.795+02:00 DEBUG 17288 --- [EduRoom] [http-nio-8080-exec-5] o.s.w.s.m.m.a.HttpEntityMethodProcessor  : Writing [[com.eduroom.backend.model.Centro@1a0f0583]]
2026-05-12T00:29:52.796+02:00 DEBUG 17288 --- [EduRoom] [http-nio-8080-exec-5] org.hibernate.SQL                        : 
    select
        u1_0.id_centro,
        u1_0.id,
        u1_0.email,
        u1_0.nombre,
        u1_0.password_hash,
        u1_0.rol 
    from
        usuarios u1_0 
    where
        u1_0.id_centro=?
2026-05-12T00:29:52.798+02:00 DEBUG 17288 --- [EduRoom] [http-nio-8080-exec-5] org.hibernate.SQL                        : 
    select
        a1_0.id_centro,
        a1_0.id,
        a1_0.capacidad,
        a1_0.nombre 
    from
        aulas a1_0 
    where
        a1_0.id_centro=?
2026-05-12T00:29:52.800+02:00 DEBUG 17288 --- [EduRoom] [http-nio-8080-exec-5] o.s.web.servlet.DispatcherServlet        : Completed 200 OK
2026-05-12T00:29:53.951+02:00 DEBUG 17288 --- [EduRoom] [http-nio-8080-exec-6] o.s.security.web.FilterChainProxy        : Securing GET /api/eventos/centro/2
2026-05-12T00:29:53.954+02:00 DEBUG 17288 --- [EduRoom] [http-nio-8080-exec-6] org.hibernate.SQL                        : 
    select
        u1_0.id,
        u1_0.id_centro,
        u1_0.email,
        u1_0.nombre,
        u1_0.password_hash,
        u1_0.rol 
    from
        usuarios u1_0 
    where
        u1_0.email=?
2026-05-12T00:29:53.956+02:00 DEBUG 17288 --- [EduRoom] [http-nio-8080-exec-8] o.s.security.web.FilterChainProxy        : Securing GET /api/centros/2
2026-05-12T00:29:53.956+02:00 DEBUG 17288 --- [EduRoom] [http-nio-8080-exec-10] o.s.security.web.FilterChainProxy        : Securing GET /api/aulas/centro/2
2026-05-12T00:29:53.959+02:00 DEBUG 17288 --- [EduRoom] [http-nio-8080-exec-10] org.hibernate.SQL                        : 
    select
        u1_0.id,
        u1_0.id_centro,
        u1_0.email,
        u1_0.nombre,
        u1_0.password_hash,
        u1_0.rol 
    from
        usuarios u1_0 
    where
        u1_0.email=?
2026-05-12T00:29:53.959+02:00 DEBUG 17288 --- [EduRoom] [http-nio-8080-exec-8] org.hibernate.SQL                        : 
    select
        u1_0.id,
        u1_0.id_centro,
        u1_0.email,
        u1_0.nombre,
        u1_0.password_hash,
        u1_0.rol 
    from
        usuarios u1_0 
    where
        u1_0.email=?
2026-05-12T00:29:53.962+02:00 DEBUG 17288 --- [EduRoom] [http-nio-8080-exec-6] o.s.security.web.FilterChainProxy        : Secured GET /api/eventos/centro/2
2026-05-12T00:29:53.962+02:00 DEBUG 17288 --- [EduRoom] [http-nio-8080-exec-6] o.s.web.servlet.DispatcherServlet        : GET "/api/eventos/centro/2", parameters={}
2026-05-12T00:29:53.963+02:00 DEBUG 17288 --- [EduRoom] [http-nio-8080-exec-6] s.w.s.m.m.a.RequestMappingHandlerMapping : Mapped to com.eduroom.backend.controller.EventoController#getEventosByCentro(Long)
2026-05-12T00:29:53.966+02:00 DEBUG 17288 --- [EduRoom] [http-nio-8080-exec-6] org.hibernate.SQL                        : 
    select
        e1_0.id,
        e1_0.id_creador,
        e1_0.descripcion,
        e1_0.fecha,
        e1_0.hora_fin,
        e1_0.hora_inicio,
        e1_0.lugar,
        e1_0.qr_expiracion,
        e1_0.qr_token,
        e1_0.titulo 
    from
        eventos e1_0 
    left join
        usuarios c1_0 
            on c1_0.id=e1_0.id_creador 
    where
        c1_0.id_centro=?
2026-05-12T00:29:53.968+02:00 DEBUG 17288 --- [EduRoom] [http-nio-8080-exec-8] o.s.security.web.FilterChainProxy        : Secured GET /api/centros/2
2026-05-12T00:29:53.968+02:00 DEBUG 17288 --- [EduRoom] [http-nio-8080-exec-10] o.s.security.web.FilterChainProxy        : Secured GET /api/aulas/centro/2
2026-05-12T00:29:53.968+02:00 DEBUG 17288 --- [EduRoom] [http-nio-8080-exec-8] o.s.web.servlet.DispatcherServlet        : GET "/api/centros/2", parameters={}
2026-05-12T00:29:53.968+02:00 DEBUG 17288 --- [EduRoom] [http-nio-8080-exec-10] o.s.web.servlet.DispatcherServlet        : GET "/api/aulas/centro/2", parameters={}
2026-05-12T00:29:53.968+02:00 DEBUG 17288 --- [EduRoom] [http-nio-8080-exec-8] s.w.s.m.m.a.RequestMappingHandlerMapping : Mapped to com.eduroom.backend.controller.CentroController#getCentroById(Long)
2026-05-12T00:29:53.968+02:00 DEBUG 17288 --- [EduRoom] [http-nio-8080-exec-10] s.w.s.m.m.a.RequestMappingHandlerMapping : Mapped to com.eduroom.backend.controller.AulaController#getAulasByCentro(Long)
2026-05-12T00:29:53.968+02:00 DEBUG 17288 --- [EduRoom] [http-nio-8080-exec-6] o.s.w.s.m.m.a.HttpEntityMethodProcessor  : Using 'application/json', given [application/json, text/plain, */*] and supported [application/json, application/*+json]
2026-05-12T00:29:53.969+02:00 DEBUG 17288 --- [EduRoom] [http-nio-8080-exec-6] o.s.w.s.m.m.a.HttpEntityMethodProcessor  : Writing [[]]
2026-05-12T00:29:53.970+02:00 DEBUG 17288 --- [EduRoom] [http-nio-8080-exec-8] org.hibernate.SQL                        : 
    select
        c1_0.id,
        c1_0.horario_fin,
        c1_0.horario_inicio,
        c1_0.nombre 
    from
        centros c1_0 
    where
        c1_0.id=?
2026-05-12T00:29:53.970+02:00 DEBUG 17288 --- [EduRoom] [http-nio-8080-exec-10] org.hibernate.SQL                        : 
    select
        c1_0.id,
        c1_0.horario_fin,
        c1_0.horario_inicio,
        c1_0.nombre 
    from
        centros c1_0 
    where
        c1_0.id=?
2026-05-12T00:29:53.970+02:00 DEBUG 17288 --- [EduRoom] [http-nio-8080-exec-6] o.s.web.servlet.DispatcherServlet        : Completed 200 OK
2026-05-12T00:29:53.972+02:00 DEBUG 17288 --- [EduRoom] [http-nio-8080-exec-8] o.s.w.s.m.m.a.HttpEntityMethodProcessor  : Using 'application/json', given [application/json, text/plain, */*] and supported [application/json, application/*+json]
2026-05-12T00:29:53.974+02:00 DEBUG 17288 --- [EduRoom] [http-nio-8080-exec-8] o.s.w.s.m.m.a.HttpEntityMethodProcessor  : Writing [com.eduroom.backend.model.Centro@4f8af6b6]
2026-05-12T00:29:53.974+02:00 DEBUG 17288 --- [EduRoom] [http-nio-8080-exec-7] o.s.security.web.FilterChainProxy        : Securing GET /api/eventos/centro/2
2026-05-12T00:29:53.975+02:00 DEBUG 17288 --- [EduRoom] [http-nio-8080-exec-8] org.hibernate.SQL                        : 
    select
        u1_0.id_centro,
        u1_0.id,
        u1_0.email,
        u1_0.nombre,
        u1_0.password_hash,
        u1_0.rol 
    from
        usuarios u1_0 
    where
        u1_0.id_centro=?
2026-05-12T00:29:53.975+02:00 DEBUG 17288 --- [EduRoom] [http-nio-8080-exec-10] org.hibernate.SQL                        : 
    select
        a1_0.id,
        a1_0.capacidad,
        a1_0.id_centro,
        a1_0.nombre 
    from
        aulas a1_0 
    where
        a1_0.id_centro=?
2026-05-12T00:29:53.977+02:00 DEBUG 17288 --- [EduRoom] [http-nio-8080-exec-10] o.s.w.s.m.m.a.HttpEntityMethodProcessor  : Using 'application/json', given [application/json, text/plain, */*] and supported [application/json, application/*+json]
2026-05-12T00:29:53.977+02:00 DEBUG 17288 --- [EduRoom] [http-nio-8080-exec-8] org.hibernate.SQL                        : 
    select
        a1_0.id_centro,
        a1_0.id,
        a1_0.capacidad,
        a1_0.nombre 
    from
        aulas a1_0 
    where
        a1_0.id_centro=?
2026-05-12T00:29:53.978+02:00 DEBUG 17288 --- [EduRoom] [http-nio-8080-exec-10] o.s.w.s.m.m.a.HttpEntityMethodProcessor  : Writing [[]]
2026-05-12T00:29:53.979+02:00 DEBUG 17288 --- [EduRoom] [http-nio-8080-exec-10] o.s.web.servlet.DispatcherServlet        : Completed 200 OK
2026-05-12T00:29:53.979+02:00 DEBUG 17288 --- [EduRoom] [http-nio-8080-exec-7] org.hibernate.SQL                        : 
    select
        u1_0.id,
        u1_0.id_centro,
        u1_0.email,
        u1_0.nombre,
        u1_0.password_hash,
        u1_0.rol 
    from
        usuarios u1_0 
    where
        u1_0.email=?
2026-05-12T00:29:53.979+02:00 DEBUG 17288 --- [EduRoom] [http-nio-8080-exec-8] o.s.web.servlet.DispatcherServlet        : Completed 200 OK
2026-05-12T00:29:53.988+02:00 DEBUG 17288 --- [EduRoom] [http-nio-8080-exec-7] o.s.security.web.FilterChainProxy        : Secured GET /api/eventos/centro/2
2026-05-12T00:29:53.989+02:00 DEBUG 17288 --- [EduRoom] [http-nio-8080-exec-7] o.s.web.servlet.DispatcherServlet        : GET "/api/eventos/centro/2", parameters={}
2026-05-12T00:29:53.993+02:00 DEBUG 17288 --- [EduRoom] [http-nio-8080-exec-7] s.w.s.m.m.a.RequestMappingHandlerMapping : Mapped to com.eduroom.backend.controller.EventoController#getEventosByCentro(Long)
2026-05-12T00:29:53.994+02:00 DEBUG 17288 --- [EduRoom] [http-nio-8080-exec-2] o.s.security.web.FilterChainProxy        : Securing GET /api/aulas/centro/2
2026-05-12T00:29:53.994+02:00 DEBUG 17288 --- [EduRoom] [http-nio-8080-exec-1] o.s.security.web.FilterChainProxy        : Securing GET /api/centros/2
2026-05-12T00:29:53.995+02:00 DEBUG 17288 --- [EduRoom] [http-nio-8080-exec-7] org.hibernate.SQL                        : 
    select
        e1_0.id,
        e1_0.id_creador,
        e1_0.descripcion,
        e1_0.fecha,
        e1_0.hora_fin,
        e1_0.hora_inicio,
        e1_0.lugar,
        e1_0.qr_expiracion,
        e1_0.qr_token,
        e1_0.titulo 
    from
        eventos e1_0 
    left join
        usuarios c1_0 
            on c1_0.id=e1_0.id_creador 
    where
        c1_0.id_centro=?
2026-05-12T00:29:53.998+02:00 DEBUG 17288 --- [EduRoom] [http-nio-8080-exec-7] o.s.w.s.m.m.a.HttpEntityMethodProcessor  : Using 'application/json', given [application/json, text/plain, */*] and supported [application/json, application/*+json]
2026-05-12T00:29:53.998+02:00 DEBUG 17288 --- [EduRoom] [http-nio-8080-exec-7] o.s.w.s.m.m.a.HttpEntityMethodProcessor  : Writing [[]]
2026-05-12T00:29:53.999+02:00 DEBUG 17288 --- [EduRoom] [http-nio-8080-exec-7] o.s.web.servlet.DispatcherServlet        : Completed 200 OK
2026-05-12T00:29:53.999+02:00 DEBUG 17288 --- [EduRoom] [http-nio-8080-exec-2] org.hibernate.SQL                        : 
    select
        u1_0.id,
        u1_0.id_centro,
        u1_0.email,
        u1_0.nombre,
        u1_0.password_hash,
        u1_0.rol 
    from
        usuarios u1_0 
    where
        u1_0.email=?
2026-05-12T00:29:54.000+02:00 DEBUG 17288 --- [EduRoom] [http-nio-8080-exec-1] org.hibernate.SQL                        : 
    select
        u1_0.id,
        u1_0.id_centro,
        u1_0.email,
        u1_0.nombre,
        u1_0.password_hash,
        u1_0.rol 
    from
        usuarios u1_0 
    where
        u1_0.email=?
2026-05-12T00:29:54.004+02:00 DEBUG 17288 --- [EduRoom] [http-nio-8080-exec-2] o.s.security.web.FilterChainProxy        : Secured GET /api/aulas/centro/2
2026-05-12T00:29:54.004+02:00 DEBUG 17288 --- [EduRoom] [http-nio-8080-exec-1] o.s.security.web.FilterChainProxy        : Secured GET /api/centros/2
2026-05-12T00:29:54.004+02:00 DEBUG 17288 --- [EduRoom] [http-nio-8080-exec-1] o.s.web.servlet.DispatcherServlet        : GET "/api/centros/2", parameters={}
2026-05-12T00:29:54.004+02:00 DEBUG 17288 --- [EduRoom] [http-nio-8080-exec-2] o.s.web.servlet.DispatcherServlet        : GET "/api/aulas/centro/2", parameters={}
2026-05-12T00:29:54.006+02:00 DEBUG 17288 --- [EduRoom] [http-nio-8080-exec-1] s.w.s.m.m.a.RequestMappingHandlerMapping : Mapped to com.eduroom.backend.controller.CentroController#getCentroById(Long)
2026-05-12T00:29:54.006+02:00 DEBUG 17288 --- [EduRoom] [http-nio-8080-exec-2] s.w.s.m.m.a.RequestMappingHandlerMapping : Mapped to com.eduroom.backend.controller.AulaController#getAulasByCentro(Long)
2026-05-12T00:29:54.007+02:00 DEBUG 17288 --- [EduRoom] [http-nio-8080-exec-2] org.hibernate.SQL                        : 
    select
        c1_0.id,
        c1_0.horario_fin,
        c1_0.horario_inicio,
        c1_0.nombre 
    from
        centros c1_0 
    where
        c1_0.id=?
2026-05-12T00:29:54.007+02:00 DEBUG 17288 --- [EduRoom] [http-nio-8080-exec-1] org.hibernate.SQL                        : 
    select
        c1_0.id,
        c1_0.horario_fin,
        c1_0.horario_inicio,
        c1_0.nombre 
    from
        centros c1_0 
    where
        c1_0.id=?
2026-05-12T00:29:54.010+02:00 DEBUG 17288 --- [EduRoom] [http-nio-8080-exec-1] o.s.w.s.m.m.a.HttpEntityMethodProcessor  : Using 'application/json', given [application/json, text/plain, */*] and supported [application/json, application/*+json]
2026-05-12T00:29:54.010+02:00 DEBUG 17288 --- [EduRoom] [http-nio-8080-exec-1] o.s.w.s.m.m.a.HttpEntityMethodProcessor  : Writing [com.eduroom.backend.model.Centro@6589fa0f]
2026-05-12T00:29:54.010+02:00 DEBUG 17288 --- [EduRoom] [http-nio-8080-exec-1] org.hibernate.SQL                        : 
    select
        u1_0.id_centro,
        u1_0.id,
        u1_0.email,
        u1_0.nombre,
        u1_0.password_hash,
        u1_0.rol 
    from
        usuarios u1_0 
    where
        u1_0.id_centro=?
2026-05-12T00:29:54.010+02:00 DEBUG 17288 --- [EduRoom] [http-nio-8080-exec-2] org.hibernate.SQL                        : 
    select
        a1_0.id,
        a1_0.capacidad,
        a1_0.id_centro,
        a1_0.nombre 
    from
        aulas a1_0 
    where
        a1_0.id_centro=?
2026-05-12T00:29:54.013+02:00 DEBUG 17288 --- [EduRoom] [http-nio-8080-exec-2] o.s.w.s.m.m.a.HttpEntityMethodProcessor  : Using 'application/json', given [application/json, text/plain, */*] and supported [application/json, application/*+json]
2026-05-12T00:29:54.013+02:00 DEBUG 17288 --- [EduRoom] [http-nio-8080-exec-1] org.hibernate.SQL                        : 
    select
        a1_0.id_centro,
        a1_0.id,
        a1_0.capacidad,
        a1_0.nombre 
    from
        aulas a1_0 
    where
        a1_0.id_centro=?
2026-05-12T00:29:54.013+02:00 DEBUG 17288 --- [EduRoom] [http-nio-8080-exec-2] o.s.w.s.m.m.a.HttpEntityMethodProcessor  : Writing [[]]
2026-05-12T00:29:54.016+02:00 DEBUG 17288 --- [EduRoom] [http-nio-8080-exec-2] o.s.web.servlet.DispatcherServlet        : Completed 200 OK
2026-05-12T00:29:54.017+02:00 DEBUG 17288 --- [EduRoom] [http-nio-8080-exec-1] o.s.web.servlet.DispatcherServlet        : Completed 200 OK
2026-05-12T00:30:06.976+02:00 DEBUG 17288 --- [EduRoom] [http-nio-8080-exec-9] o.s.security.web.FilterChainProxy        : Securing POST /api/auth/login
2026-05-12T00:30:06.978+02:00 DEBUG 17288 --- [EduRoom] [http-nio-8080-exec-9] o.s.s.w.a.AnonymousAuthenticationFilter  : Set SecurityContextHolder to anonymous SecurityContext
2026-05-12T00:30:06.978+02:00 DEBUG 17288 --- [EduRoom] [http-nio-8080-exec-9] o.s.security.web.FilterChainProxy        : Secured POST /api/auth/login
2026-05-12T00:30:06.978+02:00 DEBUG 17288 --- [EduRoom] [http-nio-8080-exec-9] o.s.web.servlet.DispatcherServlet        : POST "/api/auth/login", parameters={}
2026-05-12T00:30:06.978+02:00 DEBUG 17288 --- [EduRoom] [http-nio-8080-exec-9] s.w.s.m.m.a.RequestMappingHandlerMapping : Mapped to com.eduroom.backend.controller.AuthController#login(LoginRequest)
2026-05-12T00:30:06.979+02:00 DEBUG 17288 --- [EduRoom] [http-nio-8080-exec-9] m.m.a.RequestResponseBodyMethodProcessor : Read "application/json;charset=UTF-8" to [LoginRequest(email=johndoe@eduroom.es, password=johndoe123)]
2026-05-12T00:30:06.981+02:00 DEBUG 17288 --- [EduRoom] [http-nio-8080-exec-9] org.hibernate.SQL                        : 
    select
        u1_0.id,
        u1_0.id_centro,
        u1_0.email,
        u1_0.nombre,
        u1_0.password_hash,
        u1_0.rol 
    from
        usuarios u1_0 
    where
        u1_0.email=?
2026-05-12T00:30:07.049+02:00 DEBUG 17288 --- [EduRoom] [http-nio-8080-exec-9] o.s.w.s.m.m.a.HttpEntityMethodProcessor  : Using 'application/json', given [application/json, text/plain, */*] and supported [application/json, application/*+json]
2026-05-12T00:30:07.049+02:00 DEBUG 17288 --- [EduRoom] [http-nio-8080-exec-9] o.s.w.s.m.m.a.HttpEntityMethodProcessor  : Writing [LoginResponse(token=eyJhbGciOiJIUzI1NiJ9.eyJ1c2VySWQiOjgsInN1YiI6ImpvaG5kb2VAZWR1cm9vbS5lcyIsImlhdCI (truncated)...]
2026-05-12T00:30:07.050+02:00 DEBUG 17288 --- [EduRoom] [http-nio-8080-exec-9] org.hibernate.SQL                        : 
    select
        c1_0.id,
        c1_0.horario_fin,
        c1_0.horario_inicio,
        c1_0.nombre 
    from
        centros c1_0 
    where
        c1_0.id=?
2026-05-12T00:30:07.051+02:00 DEBUG 17288 --- [EduRoom] [http-nio-8080-exec-9] o.s.web.servlet.DispatcherServlet        : Completed 200 OK
2026-05-12T00:30:07.095+02:00 DEBUG 17288 --- [EduRoom] [http-nio-8080-exec-4] o.s.security.web.FilterChainProxy        : Securing GET /api/centros
2026-05-12T00:30:07.099+02:00 DEBUG 17288 --- [EduRoom] [http-nio-8080-exec-4] org.hibernate.SQL                        : 
    select
        u1_0.id,
        u1_0.id_centro,
        u1_0.email,
        u1_0.nombre,
        u1_0.password_hash,
        u1_0.rol 
    from
        usuarios u1_0 
    where
        u1_0.email=?
2026-05-12T00:30:07.104+02:00 DEBUG 17288 --- [EduRoom] [http-nio-8080-exec-4] o.s.security.web.FilterChainProxy        : Secured GET /api/centros
2026-05-12T00:30:07.105+02:00 DEBUG 17288 --- [EduRoom] [http-nio-8080-exec-4] o.s.web.servlet.DispatcherServlet        : GET "/api/centros", parameters={}
2026-05-12T00:30:07.105+02:00 DEBUG 17288 --- [EduRoom] [http-nio-8080-exec-4] s.w.s.m.m.a.RequestMappingHandlerMapping : Mapped to com.eduroom.backend.controller.CentroController#getCentros(String)
2026-05-12T00:30:07.109+02:00 DEBUG 17288 --- [EduRoom] [http-nio-8080-exec-4] org.hibernate.SQL                        : 
    select
        u1_0.id,
        u1_0.id_centro,
        u1_0.email,
        u1_0.nombre,
        u1_0.password_hash,
        u1_0.rol 
    from
        usuarios u1_0 
    where
        u1_0.email=?
2026-05-12T00:30:07.112+02:00 DEBUG 17288 --- [EduRoom] [http-nio-8080-exec-4] o.s.w.s.m.m.a.HttpEntityMethodProcessor  : Using 'application/json', given [application/json, text/plain, */*] and supported [application/json, application/*+json]
2026-05-12T00:30:07.113+02:00 DEBUG 17288 --- [EduRoom] [http-nio-8080-exec-4] org.hibernate.SQL                        : 
    select
        c1_0.id,
        c1_0.horario_fin,
        c1_0.horario_inicio,
        c1_0.nombre 
    from
        centros c1_0 
    where
        c1_0.id=?
2026-05-12T00:30:07.115+02:00 DEBUG 17288 --- [EduRoom] [http-nio-8080-exec-4] o.s.w.s.m.m.a.HttpEntityMethodProcessor  : Writing [[com.eduroom.backend.model.Centro@d3ce7bf]]
2026-05-12T00:30:07.115+02:00 DEBUG 17288 --- [EduRoom] [http-nio-8080-exec-4] org.hibernate.SQL                        : 
    select
        u1_0.id_centro,
        u1_0.id,
        u1_0.email,
        u1_0.nombre,
        u1_0.password_hash,
        u1_0.rol 
    from
        usuarios u1_0 
    where
        u1_0.id_centro=?
2026-05-12T00:30:07.118+02:00 DEBUG 17288 --- [EduRoom] [http-nio-8080-exec-4] org.hibernate.SQL                        : 
    select
        a1_0.id_centro,
        a1_0.id,
        a1_0.capacidad,
        a1_0.nombre 
    from
        aulas a1_0 
    where
        a1_0.id_centro=?
2026-05-12T00:30:07.120+02:00 DEBUG 17288 --- [EduRoom] [http-nio-8080-exec-4] o.s.web.servlet.DispatcherServlet        : Completed 200 OK
2026-05-12T00:30:07.131+02:00 DEBUG 17288 --- [EduRoom] [http-nio-8080-exec-3] o.s.security.web.FilterChainProxy        : Securing GET /api/centros
2026-05-12T00:30:07.134+02:00 DEBUG 17288 --- [EduRoom] [http-nio-8080-exec-3] org.hibernate.SQL                        : 
    select
        u1_0.id,
        u1_0.id_centro,
        u1_0.email,
        u1_0.nombre,
        u1_0.password_hash,
        u1_0.rol 
    from
        usuarios u1_0 
    where
        u1_0.email=?
2026-05-12T00:30:07.139+02:00 DEBUG 17288 --- [EduRoom] [http-nio-8080-exec-3] o.s.security.web.FilterChainProxy        : Secured GET /api/centros
2026-05-12T00:30:07.139+02:00 DEBUG 17288 --- [EduRoom] [http-nio-8080-exec-3] o.s.web.servlet.DispatcherServlet        : GET "/api/centros", parameters={}
2026-05-12T00:30:07.139+02:00 DEBUG 17288 --- [EduRoom] [http-nio-8080-exec-3] s.w.s.m.m.a.RequestMappingHandlerMapping : Mapped to com.eduroom.backend.controller.CentroController#getCentros(String)
2026-05-12T00:30:07.144+02:00 DEBUG 17288 --- [EduRoom] [http-nio-8080-exec-3] org.hibernate.SQL                        : 
    select
        u1_0.id,
        u1_0.id_centro,
        u1_0.email,
        u1_0.nombre,
        u1_0.password_hash,
        u1_0.rol 
    from
        usuarios u1_0 
    where
        u1_0.email=?
2026-05-12T00:30:07.146+02:00 DEBUG 17288 --- [EduRoom] [http-nio-8080-exec-3] o.s.w.s.m.m.a.HttpEntityMethodProcessor  : Using 'application/json', given [application/json, text/plain, */*] and supported [application/json, application/*+json]
2026-05-12T00:30:07.146+02:00 DEBUG 17288 --- [EduRoom] [http-nio-8080-exec-3] org.hibernate.SQL                        : 
    select
        c1_0.id,
        c1_0.horario_fin,
        c1_0.horario_inicio,
        c1_0.nombre 
    from
        centros c1_0 
    where
        c1_0.id=?
2026-05-12T00:30:07.148+02:00 DEBUG 17288 --- [EduRoom] [http-nio-8080-exec-3] o.s.w.s.m.m.a.HttpEntityMethodProcessor  : Writing [[com.eduroom.backend.model.Centro@101fde9]]
2026-05-12T00:30:07.149+02:00 DEBUG 17288 --- [EduRoom] [http-nio-8080-exec-3] org.hibernate.SQL                        : 
    select
        u1_0.id_centro,
        u1_0.id,
        u1_0.email,
        u1_0.nombre,
        u1_0.password_hash,
        u1_0.rol 
    from
        usuarios u1_0 
    where
        u1_0.id_centro=?
2026-05-12T00:30:07.150+02:00 DEBUG 17288 --- [EduRoom] [http-nio-8080-exec-3] org.hibernate.SQL                        : 
    select
        a1_0.id_centro,
        a1_0.id,
        a1_0.capacidad,
        a1_0.nombre 
    from
        aulas a1_0 
    where
        a1_0.id_centro=?
2026-05-12T00:30:07.153+02:00 DEBUG 17288 --- [EduRoom] [http-nio-8080-exec-3] o.s.web.servlet.DispatcherServlet        : Completed 200 OK
2026-05-12T00:30:13.576+02:00 DEBUG 17288 --- [EduRoom] [http-nio-8080-exec-5] o.s.security.web.FilterChainProxy        : Securing DELETE /api/usuarios/me
2026-05-12T00:30:13.579+02:00 DEBUG 17288 --- [EduRoom] [http-nio-8080-exec-5] org.hibernate.SQL                        : 
    select
        u1_0.id,
        u1_0.id_centro,
        u1_0.email,
        u1_0.nombre,
        u1_0.password_hash,
        u1_0.rol 
    from
        usuarios u1_0 
    where
        u1_0.email=?
2026-05-12T00:30:13.584+02:00 DEBUG 17288 --- [EduRoom] [http-nio-8080-exec-5] o.s.security.web.FilterChainProxy        : Secured DELETE /api/usuarios/me
2026-05-12T00:30:13.585+02:00 DEBUG 17288 --- [EduRoom] [http-nio-8080-exec-5] o.s.web.servlet.DispatcherServlet        : DELETE "/api/usuarios/me", parameters={}
2026-05-12T00:30:13.585+02:00 DEBUG 17288 --- [EduRoom] [http-nio-8080-exec-5] s.w.s.m.m.a.RequestMappingHandlerMapping : Mapped to com.eduroom.backend.controller.UsuarioController#borrarMiCuenta(String)
2026-05-12T00:30:13.588+02:00 DEBUG 17288 --- [EduRoom] [http-nio-8080-exec-5] org.hibernate.SQL                        : 
    select
        u1_0.id,
        u1_0.id_centro,
        u1_0.email,
        u1_0.nombre,
        u1_0.password_hash,
        u1_0.rol 
    from
        usuarios u1_0 
    where
        u1_0.email=?
2026-05-12T00:30:13.592+02:00 DEBUG 17288 --- [EduRoom] [http-nio-8080-exec-5] org.hibernate.SQL                        : 
    delete 
    from
        usuarios 
    where
        id=?
2026-05-12T00:30:13.598+02:00 DEBUG 17288 --- [EduRoom] [http-nio-8080-exec-5] o.s.w.s.m.m.a.HttpEntityMethodProcessor  : Using 'application/json', given [application/json, text/plain, */*] and supported [application/json, application/*+json]
2026-05-12T00:30:13.598+02:00 DEBUG 17288 --- [EduRoom] [http-nio-8080-exec-5] o.s.w.s.m.m.a.HttpEntityMethodProcessor  : Writing [{message=Cuenta eliminada correctamente}]
2026-05-12T00:30:13.600+02:00 DEBUG 17288 --- [EduRoom] [http-nio-8080-exec-5] o.s.web.servlet.DispatcherServlet        : Completed 200 OK
2026-05-12T00:30:24.071+02:00 DEBUG 17288 --- [EduRoom] [http-nio-8080-exec-6] o.s.security.web.FilterChainProxy        : Securing POST /api/auth/login
2026-05-12T00:30:24.072+02:00 DEBUG 17288 --- [EduRoom] [http-nio-8080-exec-6] o.s.s.w.a.AnonymousAuthenticationFilter  : Set SecurityContextHolder to anonymous SecurityContext
2026-05-12T00:30:24.073+02:00 DEBUG 17288 --- [EduRoom] [http-nio-8080-exec-6] o.s.security.web.FilterChainProxy        : Secured POST /api/auth/login
2026-05-12T00:30:24.073+02:00 DEBUG 17288 --- [EduRoom] [http-nio-8080-exec-6] o.s.web.servlet.DispatcherServlet        : POST "/api/auth/login", parameters={}
2026-05-12T00:30:24.073+02:00 DEBUG 17288 --- [EduRoom] [http-nio-8080-exec-6] s.w.s.m.m.a.RequestMappingHandlerMapping : Mapped to com.eduroom.backend.controller.AuthController#login(LoginRequest)
2026-05-12T00:30:24.074+02:00 DEBUG 17288 --- [EduRoom] [http-nio-8080-exec-6] m.m.a.RequestResponseBodyMethodProcessor : Read "application/json;charset=UTF-8" to [LoginRequest(email=johndoe@eduroom.es, password=johndoe123)]
2026-05-12T00:30:24.076+02:00 DEBUG 17288 --- [EduRoom] [http-nio-8080-exec-6] org.hibernate.SQL                        : 
    select
        u1_0.id,
        u1_0.id_centro,
        u1_0.email,
        u1_0.nombre,
        u1_0.password_hash,
        u1_0.rol 
    from
        usuarios u1_0 
    where
        u1_0.email=?
2026-05-12T00:30:24.078+02:00 DEBUG 17288 --- [EduRoom] [http-nio-8080-exec-6] o.s.w.s.m.m.a.HttpEntityMethodProcessor  : Using 'application/json', given [application/json, text/plain, */*] and supported [application/json, application/*+json]
2026-05-12T00:30:24.078+02:00 DEBUG 17288 --- [EduRoom] [http-nio-8080-exec-6] o.s.w.s.m.m.a.HttpEntityMethodProcessor  : Writing [com.eduroom.backend.controller.AuthController$ErrorResponse@60a8e054]
2026-05-12T00:30:24.078+02:00 DEBUG 17288 --- [EduRoom] [http-nio-8080-exec-6] o.s.web.servlet.DispatcherServlet        : Completed 401 UNAUTHORIZED
